# Integration point output from Abaqus ODB
# ODB:   G:\01_Forschung\01_Creep\00_UMAT\UMAT_CLAUDE\Schachter_3D\G1_schachter_seed10.odb
# Step:  Load
# Frame: -1
# Time:  4.800000000000e+03
#
# Columns:
# instance  elementLabel  integrationPoint  x  y  z  SDV3  SDV4
#
G1-1 1 1 1.958306342183e+00 -6.637478136243e+00 1.020157690859e+02 8.287672042847e+00 -3.426291704178e+00
G1-1 1 2 4.106248279404e+00 -7.252777264594e+00 1.007080057392e+02 7.878140449524e+00 -4.245229721069e+00
G1-1 1 3 1.958306342183e+00 -2.960696355057e+00 9.879991668992e+01 6.852674961090e+00 -2.235039472580e+00
G1-1 1 4 6.147576849035e+00 -3.179141377556e+00 1.026472221813e+02 6.050723075867e+00 -1.920861721039e+00
G1-1 2 1 1.162288835867e+01 4.399858135382e-01 1.023849065230e+02 7.416797161102e+00 -2.468504428864e+00
G1-1 2 2 1.581887276744e+01 2.264093014466e+00 1.011300283349e+02 6.348821163177e+00 -2.095705032349e+00
G1-1 2 3 1.339207785757e+01 -3.170382301204e-01 9.984191299160e+01 5.610091686249e+00 -1.833417177200e+00
G1-1 2 4 1.295632634530e+01 3.771116977247e+00 9.891591826378e+01 7.000055789948e+00 -2.321638345718e+00
G1-1 3 1 8.805294267523e+00 8.394982244636e-01 1.022456682177e+02 7.538712501526e+00 -2.497757673264e+00
G1-1 3 2 8.080160446387e+00 1.057943364842e+00 9.839836084028e+01 6.418225765228e+00 -2.089279890060e+00
G1-1 3 3 6.377675485028e+00 2.980985469074e+00 1.018445192549e+02 6.089528083801e+00 -1.970277547836e+00
G1-1 3 4 1.013873213627e+01 4.170629388172e+00 9.877667995854e+01 5.952734470367e+00 -1.936291456223e+00
G1-1 4 1 1.021618199520e+01 -1.347566372603e+00 1.068013397548e+02 8.131165504456e+00 -2.764652490616e+00
G1-1 4 2 1.441216663973e+01 -8.781860707436e-01 1.092764654514e+02 5.837094783783e+00 -1.894310593605e+00
G1-1 4 3 8.385437495425e+00 -5.641969881064e-01 1.094328170429e+02 8.005085945129e+00 -2.657806873322e+00
G1-1 4 4 1.059735631425e+01 -3.986742181148e+00 1.087197549481e+02 8.233383178711e+00 -2.734282732010e+00
G1-1 5 1 6.757031094566e+00 -1.083991518464e+00 1.051245674839e+02 8.459068298340e+00 -2.814201593399e+00
G1-1 5 2 4.329412312070e+00 1.057495829292e+00 1.047234222933e+02 6.568547725677e+00 -2.138838529587e+00
G1-1 5 3 2.567760646655e+00 -4.542328174005e+00 1.044931143885e+02 8.436466217041e+00 -3.127862453461e+00
G1-1 5 4 4.926286535851e+00 -3.006221044972e-01 1.077560485442e+02 7.143611907959e+00 -2.342637300491e+00
G1-1 6 1 -6.323611209974e+00 -3.705161368160e+00 4.778835422670e+01 6.699039936066e+00 -2.177963256836e+00
G1-1 6 2 -1.022182541069e+01 -3.604093030932e+00 4.755002307690e+01 7.433290004730e+00 -2.456328630447e+00
G1-1 6 3 -1.057763150477e+01 -4.718487088546e+00 5.130642347927e+01 6.080156326294e+00 -1.969122767448e+00
G1-1 6 4 -8.369023053457e+00 -1.705241928681e+00 5.152333428793e+01 5.917522907257e+00 -1.896266579628e+00
G1-1 7 1 -1.143150868461e+00 -5.502232149788e+00 4.511549789088e+01 5.737045288086e+00 -1.806742191315e+00
G1-1 7 2 2.664806202359e-01 -7.384460298207e+00 4.189954219280e+01 5.202594280243e+00 -1.622069001198e+00
G1-1 7 3 2.375202062965e+00 -5.874805938820e+00 4.472996833916e+01 5.791884422302e+00 -1.835986971855e+00
G1-1 7 4 4.955403804026e-01 -7.975211589381e+00 4.708215756226e+01 5.015614986420e+00 -1.531913399696e+00
G1-1 8 1 -9.076208117989e-01 -4.846145446420e-01 4.497557138234e+01 8.425978660583e+00 -2.784721612930e+00
G1-1 8 2 5.230188989546e-01 1.282960531508e+00 4.226685699271e+01 8.361798286438e+00 -2.759675979614e+00
G1-1 8 3 4.685478326550e-01 5.180711324822e+00 4.553329353449e+01 8.587203025818e+00 -2.825624942780e+00
G1-1 8 4 3.614437550814e+00 3.592055015590e+00 4.503892729090e+01 8.579563140869e+00 -2.841261625290e+00
G1-1 9 1 -2.456494602984e-01 -2.350428149448e+00 4.468409025005e+01 7.174557685852e+00 -2.332966804504e+00
G1-1 9 2 4.276408961255e+00 1.726241410785e+00 4.474744710167e+01 8.578119277954e+00 -2.844087600708e+00
G1-1 9 3 3.272703441658e+00 -2.723001938479e+00 4.429856164138e+01 7.287598609924e+00 -2.378980159760e+00
G1-1 9 4 1.184990222827e+00 -5.828531322383e-01 4.197537586042e+01 7.460087299347e+00 -2.435217380524e+00
G1-1 10 1 4.415560016094e+00 5.194768552384e+00 3.175011814372e+01 6.689518451691e+00 -2.158149719238e+00
G1-1 10 2 6.174840682955e+00 9.646990881678e+00 3.288029447701e+01 7.449788570404e+00 -2.425209045410e+00
G1-1 10 3 5.426625105053e+00 6.266997284345e+00 3.488255386957e+01 6.957384109497e+00 -2.242931604385e+00
G1-1 10 4 8.729622078359e+00 6.827787127723e+00 3.248565335223e+01 6.820839405060e+00 -2.200737476349e+00
G1-1 11 1 5.434574466777e+00 3.473653330286e+00 2.930597020578e+01 7.989468097687e+00 -2.638703823090e+00
G1-1 11 2 8.368473642113e+00 4.933872281689e+00 2.614515760562e+01 6.080701351166e+00 -1.958799600601e+00
G1-1 11 3 9.748636411161e+00 5.106671758274e+00 3.004150541429e+01 6.352489948273e+00 -2.042063713074e+00
G1-1 11 4 8.568621447280e+00 1.968239703937e+00 2.881996252321e+01 7.263897895813e+00 -2.385292053223e+00
G1-1 12 1 1.572821235820e-02 5.282641317245e-01 3.155322772097e+01 7.902366161346e+00 -2.613497018814e+00
G1-1 12 2 -1.153519374020e+00 -4.370319808130e+00 3.220055329596e+01 6.333832740784e+00 -2.063842296600e+00
G1-1 12 3 -9.680142747917e-01 -8.455037203943e-01 3.573834628810e+01 7.365339279175e+00 -2.415589809418e+00
G1-1 12 4 -4.985028921136e+00 -1.143040073637e+00 3.108177711391e+01 7.156425476074e+00 -2.354618549347e+00
G1-1 13 1 2.627283019413e+00 4.008771334844e+00 2.767187273158e+01 6.876439571381e+00 -2.246864795685e+00
G1-1 13 2 5.561182165279e+00 5.468990138896e+00 2.451105918837e+01 7.306683063507e+00 -2.409693241119e+00
G1-1 13 3 1.578969026321e+00 2.897050010533e+00 2.442404715596e+01 7.063448905945e+00 -2.329969406128e+00
G1-1 13 4 2.039119622173e+00 6.979775021617e+00 2.588117285584e+01 7.437182903290e+00 -2.450194358826e+00
G1-1 14 1 4.214339694619e+00 3.496838455824e+00 3.544910509814e+01 7.688881397247e+00 -2.517012834549e+00
G1-1 14 2 3.203274605659e+00 2.424609694393e+00 3.231667031534e+01 7.462578296661e+00 -2.446106910706e+00
G1-1 14 3 6.337321586163e+00 9.191960569931e-01 3.183066263277e+01 6.991803646088e+00 -2.282227754593e+00
G1-1 14 4 2.219532074304e+00 1.050841845958e+00 3.650178888246e+01 8.528945922852e+00 -2.821931838989e+00
G1-1 15 1 1.545778415024e+00 -7.942407216483e-01 3.573384868451e+01 7.149819850922e+00 -2.337263822556e+00
G1-1 15 2 2.529520902174e+00 5.795271267868e-01 3.154872964587e+01 7.870631217957e+00 -2.601202487946e+00
G1-1 15 3 5.663567794267e+00 -9.258865106135e-01 3.106272196329e+01 7.642907619476e+00 -2.524111032486e+00
G1-1 15 4 1.360273315796e+00 -4.319056724657e+00 3.219605522086e+01 6.476644992828e+00 -2.114241600037e+00
G1-1 16 1 1.771456414147e+00 -1.550278050064e+01 1.029068789556e+02 8.593363761902e+00 -2.814294338226e+00
G1-1 16 2 3.960412108028e+00 -1.640523543738e+01 1.059810322807e+02 7.669103622437e+00 -2.456670761108e+00
G1-1 16 3 3.919398262958e+00 -1.250466697807e+01 1.025998699886e+02 8.602778434753e+00 -2.795401334763e+00
G1-1 16 4 3.167112187874e+00 -1.362044181688e+01 1.063727809088e+02 5.024827003479e+00 -1.370717406273e+00
G1-1 17 1 -3.239841016043e+00 -7.237790322376e+00 1.398775577404e+02 5.120509147644e+00 -1.617188334465e+00
G1-1 17 2 -2.926612242873e+00 -5.449194242717e+00 1.365975743361e+02 5.223767757416e+00 -1.652986645699e+00
G1-1 17 3 5.753386845492e-01 -4.072209533348e+00 1.371807374746e+02 4.976836681366e+00 -1.563177585602e+00
G1-1 17 4 -8.242985758244e-01 -7.698187221559e+00 1.345837544723e+02 5.231058597565e+00 -1.650503516197e+00
G1-1 18 1 2.078622999515e+00 -2.759923158235e+00 1.407216822411e+02 5.149746894836e+00 -1.631060600281e+00
G1-1 18 2 -1.736556671607e+00 -5.925503991468e+00 1.434185025069e+02 4.985347747803e+00 -1.569434285164e+00
G1-1 18 3 3.503691971531e+00 -4.208520176629e+00 1.433341313385e+02 5.076016426086e+00 -1.604264020920e+00
G1-1 18 4 6.166960195615e-01 -2.067640603394e+00 1.463878329614e+02 4.725580215454e+00 -1.474740386009e+00
G1-1 19 1 -1.114382106302e-01 -2.081527761331e+00 1.404145984727e+02 4.912107467651e+00 -1.543401956558e+00
G1-1 19 2 -5.773556189527e+00 -1.334791097302e+00 1.420333116106e+02 4.728378772736e+00 -1.474902510643e+00
G1-1 19 3 -3.926617940692e+00 -5.247108550358e+00 1.431114187386e+02 5.013729095459e+00 -1.581334114075e+00
G1-1 19 4 -1.573365190583e+00 -1.389245191755e+00 1.460807529652e+02 4.881016254425e+00 -1.536067962646e+00
G1-1 20 1 -3.556566896786e+00 2.620744509532e+00 1.443865010309e+02 4.839135169983e+00 -1.529398322105e+00
G1-1 20 2 -5.686198929080e+00 5.225570618116e-01 1.423343177085e+02 4.586897373199e+00 -1.423679709435e+00
G1-1 20 3 -2.408100912349e-02 -2.241796022172e-01 1.407156045706e+02 4.850523948669e+00 -1.523502826691e+00
G1-1 20 4 -1.486007989077e+00 4.681029673591e-01 1.463817590631e+02 4.900146961212e+00 -1.546879172325e+00
G1-1 21 1 -2.145651384501e+00 -4.352631216067e+00 1.341987709553e+02 5.302554130554e+00 -1.680194616318e+00
G1-1 21 2 1.356299483982e+00 -2.975646565639e+00 1.347819378660e+02 5.152725219727e+00 -1.627917170525e+00
G1-1 21 3 -4.333779112716e-02 -6.601624430671e+00 1.321849548637e+02 5.622103691101e+00 -1.793605566025e+00
G1-1 21 4 6.836204932478e-02 -2.592675049549e+00 1.297160715444e+02 5.105708599091e+00 -1.602660059929e+00
G1-1 22 1 -3.570071588799e+00 -2.803977121053e+00 1.343526939762e+02 5.231052875519e+00 -1.656440615654e+00
G1-1 22 2 -6.077278503628e+00 -4.142022330395e-02 1.328369912330e+02 4.940458774567e+00 -1.549270391464e+00
G1-1 22 3 -6.812069084644e-02 -1.426992441155e+00 1.349358646591e+02 5.323703765869e+00 -1.695386886597e+00
G1-1 22 4 -1.356058140238e+00 -1.044020851390e+00 1.298699945653e+02 5.222396850586e+00 -1.650423407555e+00
G1-1 23 1 -5.078194421252e+00 -7.465857996288e+00 1.346028885308e+02 5.304757595062e+00 -1.681219339371e+00
G1-1 23 2 -6.508128706697e+00 -1.091446775963e+01 1.311821166911e+02 5.280571460724e+00 -1.664745330811e+00
G1-1 23 3 -2.975880842613e+00 -9.714851269832e+00 1.325890762114e+02 5.298907279968e+00 -1.673789381981e+00
G1-1 23 4 -7.422204846133e+00 -1.095492072587e+01 1.354318878050e+02 5.046947956085e+00 -1.585068345070e+00
G1-1 24 1 -6.502614657424e+00 -5.917203905828e+00 1.347568115517e+02 5.303146839142e+00 -1.681339621544e+00
G1-1 24 2 -9.009821690133e+00 -3.154647081754e+00 1.332411125807e+02 5.558421134949e+00 -1.777351021767e+00
G1-1 24 3 -7.932548883929e+00 -9.365813669166e+00 1.313360434841e+02 5.428979873657e+00 -1.721565961838e+00
G1-1 24 4 -8.846625200185e+00 -9.406266517531e+00 1.355858108259e+02 5.179186344147e+00 -1.635305881500e+00
G1-1 25 1 -6.050292624330e+00 -5.601642703377e+00 1.379762599957e+02 5.032836914062e+00 -1.584560155869e+00
G1-1 25 2 -6.363521397500e+00 -7.390238724096e+00 1.412562471722e+02 4.988011360168e+00 -1.570104837418e+00
G1-1 25 3 -8.210459764215e+00 -3.477921197364e+00 1.401781362721e+02 4.853952407837e+00 -1.520033955574e+00
G1-1 25 4 -8.394302931331e+00 -9.090705197200e+00 1.388052592699e+02 5.407520294189e+00 -1.726341962814e+00
G1-1 26 1 -5.303920313673e+00 2.834671573705e+00 1.461374377585e+02 5.065849781036e+00 -1.614182710648e+00
G1-1 26 2 -7.433552345968e+00 7.364841407202e-01 1.440852582083e+02 4.872152328491e+00 -1.533862233162e+00
G1-1 26 3 -3.233361405964e+00 6.820300462678e-01 1.481326995630e+02 4.666205883026e+00 -1.458024501801e+00
G1-1 26 4 -7.425988863776e+00 6.820300462678e-01 1.481326995630e+02 4.673851490021e+00 -1.459125757217e+00
G1-1 27 1 -6.599513449220e+00 4.130264718359e+00 1.461374377585e+02 5.269597530365e+00 -1.693023562431e+00
G1-1 27 2 -8.721581999323e+00 6.170250678204e+00 1.481326995630e+02 5.404778957367e+00 -1.747545003891e+00
G1-1 27 3 -8.729145481515e+00 2.032077314844e+00 1.440852582083e+02 4.555935859680e+00 -1.413055419922e+00
G1-1 27 4 -8.721581999323e+00 1.977623190922e+00 1.481326995630e+02 4.649731636047e+00 -1.452135801315e+00
G1-1 28 1 -6.139697196595e+00 6.163621871022e+00 1.430218314873e+02 5.277767181396e+00 -1.703086972237e+00
G1-1 28 2 -5.551287369120e+00 9.404274163373e+00 1.391042329717e+02 5.597327709198e+00 -1.829499840736e+00
G1-1 28 3 -8.269329346771e+00 4.065434496977e+00 1.409696519371e+02 5.058022022247e+00 -1.611037611961e+00
G1-1 28 4 -9.484247473623e+00 9.390395979629e+00 1.408476399271e+02 5.441158294678e+00 -1.769022464752e+00
G1-1 29 1 -1.392573132817e+00 3.462976663223e+00 1.447394082937e+02 5.122318744659e+00 -1.639216065407e+00
G1-1 29 2 6.779857748920e-01 1.310335091581e+00 1.467346663260e+02 5.030180454254e+00 -1.598680019379e+00
G1-1 29 3 2.139912813785e+00 6.180525367395e-01 1.410685118335e+02 4.917772769928e+00 -1.551406979561e+00
G1-1 29 4 3.480625757976e+00 4.090309592848e+00 1.438292488740e+02 5.242364406586e+00 -1.684431791306e+00
G1-1 30 1 -6.977281041726e+00 5.792595606130e+00 1.448490058116e+02 5.024111747742e+00 -1.607445955276e+00
G1-1 30 2 -9.106913191901e+00 3.694408232086e+00 1.427968262614e+02 5.190873146057e+00 -1.658757448196e+00
G1-1 30 3 -9.099349473948e+00 7.832581683856e+00 1.468442676160e+02 4.976505756378e+00 -1.594876289368e+00
G1-1 30 4 -1.032183120087e+01 9.019369832619e+00 1.426748142514e+02 5.341223239899e+00 -1.730563044548e+00
G1-1 31 1 4.234712725541e+00 8.810601922193e+00 1.429812695950e+02 5.765130996704e+00 -1.893643498421e+00
G1-1 31 2 -3.369299693563e-01 1.169702861972e+01 1.436952074002e+02 5.981263160706e+00 -1.984228491783e+00
G1-1 31 3 3.671441432369e+00 1.178851525869e+01 1.434894315522e+02 5.911702632904e+00 -1.957879304886e+00
G1-1 31 4 2.793352105391e+00 1.134188530062e+01 1.400699221410e+02 5.624614238739e+00 -1.853366613388e+00
G1-1 32 1 -2.089429214675e+00 1.023727026723e+01 1.456169103808e+02 6.063395977020e+00 -2.008511781693e+00
G1-1 32 2 -2.390985322160e+00 6.723510875837e+00 1.458131395396e+02 5.098294258118e+00 -1.644220590591e+00
G1-1 32 3 2.482213480223e+00 7.350843805461e+00 1.449029801200e+02 5.133450031281e+00 -1.660283327103e+00
G1-1 32 4 -3.204264439215e-01 8.763496835681e+00 1.478083975719e+02 5.539788722992e+00 -1.816609978676e+00
G1-1 33 1 -1.024958134228e+01 8.939431376669e+00 1.390646925791e+02 5.695815086365e+00 -1.858506798744e+00
G1-1 33 2 -9.034663097551e+00 3.614469908752e+00 1.391867045892e+02 4.834447383881e+00 -1.523370146751e+00
G1-1 33 3 -9.381702990375e+00 4.253305344694e+00 1.354691293418e+02 5.350829124451e+00 -1.715828776360e+00
G1-1 33 4 -6.316621119900e+00 8.953309560413e+00 1.373212856237e+02 5.735812664032e+00 -1.876767516136e+00
G1-1 34 1 -6.336888676397e+00 1.275697455072e+01 1.356029576703e+02 5.803389072418e+00 -1.911986112595e+00
G1-1 34 2 -9.047366936095e+00 1.574893591179e+01 1.327521552453e+02 5.796722412109e+00 -1.914093494415e+00
G1-1 34 3 -9.475121455386e+00 1.203508721805e+01 1.329063929420e+02 5.674290180206e+00 -1.858702063560e+00
G1-1 34 4 -1.026984866302e+01 1.274309636698e+01 1.373463646258e+02 6.076665878296e+00 -2.006520032883e+00
G1-1 35 1 -3.065680777580e+00 -6.966067316982e+00 4.720410113849e+01 5.241628646851e+00 -1.614353060722e+00
G1-1 35 2 -3.070784152998e+00 -1.037350207866e+01 5.166087376020e+01 4.996298789978e+00 -1.517616987228e+00
G1-1 35 3 -4.354030417923e+00 -1.055050448377e+01 4.590470735165e+01 3.831590890884e+00 -1.068566679955e+00
G1-1 35 4 -1.426989525032e+00 -9.439046756575e+00 4.917076269595e+01 5.370411396027e+00 -1.664892673492e+00
G1-1 36 1 -1.770245795056e+00 1.650174007798e+01 1.309806632307e+02 5.118046760559e+00 -1.677338719368e+00
G1-1 36 2 -5.962873263919e+00 1.650174007798e+01 1.309806632307e+02 5.356954097748e+00 -1.759550213814e+00
G1-1 36 3 -1.824104986693e+00 1.221817852944e+01 1.299964497163e+02 5.048858165741e+00 -1.633124113083e+00
G1-1 36 4 -3.252394886341e+00 1.350977918844e+01 1.338314694278e+02 5.828188419342e+00 -1.924522161484e+00
G1-1 37 1 -2.271584177567e+00 9.163879385454e+00 8.995808905554e+00 5.040972232819e+00 -3.203725576401e+00
G1-1 37 2 -6.128623387881e+00 1.229564029907e+01 1.209253069931e+01 6.005939006805e+00 -2.189509868622e+00
G1-1 37 3 -7.665911416256e-01 1.251252191527e+01 1.129660875816e+01 5.317170619965e+00 -1.762255907059e+00
G1-1 37 4 -3.997095278674e+00 1.517756329294e+01 1.079814928560e+01 5.185910701752e+00 -1.715731263161e+00
G1-1 38 1 -2.066151775880e+00 1.304338243929e+01 1.384312082094e+02 5.997838973999e+00 -1.992182612419e+00
G1-1 38 2 7.772766083476e-01 1.296134633711e+01 1.385272998514e+02 5.812979698181e+00 -1.925921916962e+00
G1-1 38 3 -5.840027251167e-01 1.603534380036e+01 1.399622375171e+02 5.959152221680e+00 -1.988202571869e+00
G1-1 38 4 -2.353005495870e+00 1.331648965621e+01 1.421525851106e+02 6.267474174500e+00 -2.155220031738e+00
G1-1 39 1 5.992799513778e+00 5.503009406695e+00 7.338047558027e+01 8.676801681519e+00 -2.646895408630e+00
G1-1 39 2 6.478131317881e+00 8.681758559457e+00 7.316931223332e+01 7.446485042572e+00 -2.226124286652e+00
G1-1 39 3 8.883013378973e+00 5.818808458732e+00 7.045611451648e+01 8.569082260132e+00 -2.876948118210e+00
G1-1 39 4 6.518380065339e+00 4.765637966824e+00 7.043299842677e+01 8.665463447571e+00 -2.670331239700e+00
G1-1 40 1 2.029240448581e+00 4.025395121928e+00 8.093762960854e+01 6.856375694275e+00 -2.070985078812e+00
G1-1 40 2 5.389644558589e+00 4.132926522418e+00 8.094743560733e+01 7.632550716400e+00 -2.381085872650e+00
G1-1 40 3 2.911655341263e+00 1.257815658021e+00 8.182470059446e+01 8.620410919189e+00 -2.760417461395e+00
G1-1 40 4 3.602565573313e+00 3.979598368721e-01 7.836948834006e+01 8.682684898376e+00 -2.635230064392e+00
G1-1 41 1 5.746494928924e+00 4.806103762755e+00 7.981734708359e+01 8.589414596558e+00 -2.822478532791e+00
G1-1 41 2 4.423297268448e+00 4.109440263611e+00 7.703756479250e+01 8.621018409729e+00 -2.758803606033e+00
G1-1 41 3 3.959415825767e+00 1.071137077209e+00 7.723939981632e+01 8.663042068481e+00 -2.674803256989e+00
G1-1 41 4 2.386090701035e+00 4.698572421206e+00 7.980753919871e+01 8.596935272217e+00 -2.807223320007e+00
G1-1 42 1 2.098653603863e+00 7.109200671003e-01 7.644484949093e+01 8.719095230103e+00 -2.561991453171e+00
G1-1 42 2 -2.135820208189e+00 3.280200021282e+00 7.645157789372e+01 8.439418792725e+00 -2.555889606476e+00
G1-1 42 3 5.253285086009e-01 4.338355352157e+00 7.901298887333e+01 8.613581657410e+00 -2.773498296738e+00
G1-1 42 4 2.562535017074e+00 3.749223194562e+00 7.624301446712e+01 8.641094207764e+00 -2.718186616898e+00
G1-1 43 1 -1.651799049160e+01 7.736129658327e-01 3.681647344290e+01 4.712889671326e+00 -1.434907078743e+00
G1-1 43 2 -1.651799049160e+01 5.860872902556e-01 3.217526845500e+01 5.158891677856e+00 -1.614571094513e+00
G1-1 43 3 -1.350190655501e+01 3.696117674815e+00 3.339667486732e+01 5.365405082703e+00 -1.669070243835e+00
G1-1 43 4 -1.231114066767e+01 8.326794611850e-01 3.689664106558e+01 5.997811317444e+00 -1.915828466415e+00
G1-1 44 1 3.722388859994e+00 6.204531050838e+00 7.533201680428e+01 8.640539169312e+00 -2.719104766846e+00
G1-1 44 2 4.207720546217e+00 9.383280085720e+00 7.512085345733e+01 8.612112045288e+00 -2.776129007339e+00
G1-1 44 3 1.828186354273e+00 7.463998167645e+00 7.300552823738e+01 8.636022567749e+00 -2.728113651276e+00
G1-1 44 4 1.685182358889e+00 6.793663031612e+00 7.810199121049e+01 8.607843399048e+00 -2.784737586975e+00
G1-1 45 1 6.239276777950e+00 5.279845435287e+00 7.630437033727e+01 8.608058929443e+00 -2.785012960434e+00
G1-1 45 2 7.562474261605e+00 5.976508934431e+00 7.908415262836e+01 5.949210166931e+00 -1.709607720375e+00
G1-1 45 3 9.129490525264e+00 3.439435953958e+00 7.711467202160e+01 8.558736801147e+00 -2.574745178223e+00
G1-1 45 4 6.724608464173e+00 8.458594646989e+00 7.609320699032e+01 7.649071693420e+00 -2.401092529297e+00
G1-1 46 1 2.519627067953e+00 1.424772512154e+01 6.046783225952e+01 5.543179512024e+00 -1.441632628441e+00
G1-1 46 2 3.445154889142e+00 1.274798838505e+01 6.363198897073e+01 8.625903129578e+00 -2.748740196228e+00
G1-1 46 3 8.188840892697e-01 1.587450628650e+01 6.202031225592e+01 5.074145793915e+00 -1.437170267105e+00
G1-1 46 4 -8.581650812467e-01 1.132251149201e+01 6.261803027116e+01 8.617460250854e+00 -2.767431020737e+00
G1-1 47 1 2.081679200079e+00 1.200645846997e+01 5.629678073672e+01 8.075428009033e+00 -3.859664201736e+00
G1-1 47 2 2.598880509002e-01 5.608651922108e+00 5.463118373339e+01 8.127904891968e+00 -2.643196821213e+00
G1-1 47 3 -2.308741697694e+00 1.022686649494e+01 5.546091999291e+01 7.938779830933e+00 -4.128707885742e+00
G1-1 47 4 2.723654943837e+00 1.013279649612e+01 5.216726788073e+01 7.662312507629e+00 -4.679847240448e+00
G1-1 48 1 4.029231284383e+00 1.070469131645e+01 5.600712487546e+01 8.358316421509e+00 -3.291120290756e+00
G1-1 48 2 5.941221445978e+00 4.712492092062e+00 5.423391607712e+01 8.476637840271e+00 -3.047676324844e+00
G1-1 48 3 2.207440164675e+00 4.306884709644e+00 5.434152692908e+01 8.480927467346e+00 -2.804102182388e+00
G1-1 48 4 4.671207116551e+00 8.831029342596e+00 5.187761201946e+01 8.321627616882e+00 -3.359027862549e+00
G1-1 49 1 5.621348900465e+00 1.185181519130e+01 5.622886024230e+01 8.137801170349e+00 -3.735967874527e+00
G1-1 49 2 6.263324673693e+00 9.978153335330e+00 5.209934738631e+01 8.181529998779e+00 -3.641396045685e+00
G1-1 49 3 8.951758723805e+00 9.166179359717e+00 5.528081301605e+01 7.302574634552e+00 -5.407484531403e+00
G1-1 49 4 7.533338944179e+00 5.859616025855e+00 5.445565144397e+01 8.592202186584e+00 -2.816436767578e+00
G1-1 50 1 6.059664753954e+00 1.368797241613e+01 5.590249247564e+01 8.634221076965e+00 -2.735118627548e+00
G1-1 50 2 9.390074695175e+00 1.100233658455e+01 5.495444713548e+01 8.029409408569e+00 -1.987596154213e+00
G1-1 50 3 6.701640409301e+00 1.181431056017e+01 5.177297961964e+01 7.222291946411e+00 -5.563493728638e+00
G1-1 50 4 9.390074695175e+00 1.363770259796e+01 5.307313939351e+01 8.752497673035e+00 -2.496535778046e+00
G1-1 51 1 4.508564148062e+00 6.023616296495e+00 1.558912845212e+01 6.527046203613e+00 -2.188838720322e+00
G1-1 51 2 1.049654029246e+00 9.012270988117e+00 1.894427547957e+01 6.403854846954e+00 -2.113619089127e+00
G1-1 51 3 6.443015650662e+00 7.296383812684e+00 2.041850499838e+01 6.257462978363e+00 -2.053513765335e+00
G1-1 51 4 6.186327254870e+00 1.024546117962e+01 1.792224344421e+01 5.678791522980e+00 -1.857811927795e+00
G1-1 52 1 1.760375144364e+00 -2.259254676122e+00 1.333524291382e+01 5.859628200531e+00 -2.392585754395e+00
G1-1 52 2 1.808718797946e+00 1.233596469726e-02 1.902829120790e+01 6.077262878418e+00 -2.002572774887e+00
G1-1 52 3 6.043464565554e+00 -5.839902466672e-01 1.679463355071e+01 6.518243789673e+00 -2.169310808182e+00
G1-1 52 4 3.856480474825e+00 1.311508385315e+00 1.428592622253e+01 6.137096881866e+00 -2.308533191681e+00
G1-1 53 1 5.730410408577e-01 -5.738253288325e+00 1.858465829925e+01 6.434585094452e+00 -2.145180940628e+00
G1-1 53 2 9.852602232095e-01 -3.923477597334e+00 1.435003613674e+01 5.960807323456e+00 -2.189362287521e+00
G1-1 53 3 1.033603906261e+00 -1.651887015455e+00 2.004308395930e+01 6.735980510712e+00 -2.239269971848e+00
G1-1 53 4 5.268349732809e+00 -2.248213167879e+00 1.780942653787e+01 6.483523368835e+00 -2.157244920731e+00
G1-1 54 1 5.101990952933e+00 2.808241683004e+00 1.607206340915e+01 6.517518520355e+00 -2.212819099426e+00
G1-1 54 2 7.036442485003e+00 4.081009317073e+00 2.090143995541e+01 6.597974300385e+00 -2.174777507782e+00
G1-1 54 3 3.054229382882e+00 1.509069262386e+00 2.081442792299e+01 7.309967041016e+00 -2.433156967163e+00
G1-1 54 4 7.288975102602e+00 9.127430510213e-01 1.858077026580e+01 7.017949581146e+00 -2.339668512344e+00
G1-1 55 1 7.446736981941e+00 2.019995097608e+00 1.184319692643e+01 5.717040538788e+00 -2.523657560349e+00
G1-1 55 2 8.531033516984e+00 -1.407517572233e+00 9.264326721555e+00 5.055461406708e+00 -3.020242452621e+00
G1-1 55 3 1.383688688205e+01 2.870283138911e+00 1.030891125451e+01 5.378541469574e+00 -2.062360048294e+00
G1-1 55 4 9.633720895849e+00 1.244963919500e-01 1.435190425461e+01 6.310534954071e+00 -2.102239608765e+00
G1-1 56 1 1.280310823886e+00 3.805287040596e+00 1.491708731804e+01 6.374479293823e+00 -2.311344146729e+00
G1-1 56 2 -3.506560531297e+00 3.420407481861e+00 1.516244304967e+01 6.388607978821e+00 -2.271443843842e+00
G1-1 56 3 -7.674509524560e-01 2.506114575772e+00 1.965945159613e+01 6.551297664642e+00 -2.167728185654e+00
G1-1 56 4 -2.178599471751e+00 6.793941967979e+00 1.827223458126e+01 6.701556682587e+00 -2.221302270889e+00
G1-1 57 1 6.576284812755e+00 6.264153151185e+00 1.425005794921e+01 6.241899967194e+00 -2.079992532730e+00
G1-1 57 2 8.254047949033e+00 1.048599815219e+01 1.658317317706e+01 5.307293891907e+00 -1.730298399925e+00
G1-1 57 3 8.510736344825e+00 7.536920785255e+00 1.907943449547e+01 5.510363578796e+00 -1.789601683617e+00
G1-1 57 4 9.808659573043e+00 1.003120145568e+01 1.327188180258e+01 6.059241294861e+00 -2.029787778854e+00
G1-1 58 1 -4.591163137972e+00 -9.681920410852e+00 8.271899068777e+01 8.656292915344e+00 -2.687422990799e+00
G1-1 58 2 -4.473710062876e+00 -5.539119807309e+00 8.221697252096e+01 8.688875198364e+00 -2.622768402100e+00
G1-1 58 3 -3.665346531226e+00 -8.065078737976e+00 8.482085380409e+01 8.679363250732e+00 -2.641762018204e+00
G1-1 58 4 -9.539925024163e-02 -7.348061351251e+00 8.367271789929e+01 8.684232711792e+00 -2.631630897522e+00
G1-1 59 1 -3.756430020195e+00 -1.186966007260e+01 8.373823683264e+01 8.296408653259e+00 -2.611771821976e+00
G1-1 59 2 7.393338675350e-01 -9.535801130879e+00 8.469196404417e+01 8.426154136658e+00 -2.592761754990e+00
G1-1 59 3 -2.830613354509e+00 -1.025281839972e+01 8.584010183505e+01 8.641154289246e+00 -2.718419075012e+00
G1-1 59 4 -9.377238329037e-01 -1.480653410606e+01 8.653457247125e+01 6.060194492340e+00 -1.854980707169e+00
G1-1 60 1 -9.596539542206e+00 -7.410423425636e+00 8.326237731780e+01 8.727450370789e+00 -2.545559167862e+00
G1-1 60 2 -6.458276173378e+00 -8.846175367834e+00 8.565539927942e+01 8.706373214722e+00 -2.587459802628e+00
G1-1 60 3 -9.596539542206e+00 -9.566632277545e+00 8.699703817983e+01 8.702418327332e+00 -2.595811367035e+00
G1-1 60 4 -7.384092721183e+00 -1.046301704071e+01 8.355353239092e+01 8.662105560303e+00 -2.675978183746e+00
G1-1 61 1 -8.892446566283e+00 -2.504649990151e+00 1.737675088094e+01 5.460741996765e+00 -1.790447115898e+00
G1-1 61 2 -9.331550764558e+00 -5.451976794657e+00 1.376837747241e+01 5.918460369110e+00 -1.989582180977e+00
G1-1 61 3 -6.824709084716e+00 -5.572808558514e-01 1.368476143787e+01 6.008659362793e+00 -2.357420444489e+00
G1-1 61 4 -4.133943277336e+00 -3.743164402760e+00 1.248872192600e+01 5.732453823090e+00 -2.649447441101e+00
G1-1 62 1 -5.570262408571e+00 -1.349840605759e+01 8.430763415059e+01 5.791363716125e+00 -1.690158128738e+00
G1-1 62 2 -4.644445801825e+00 -1.188156438471e+01 8.640950103908e+01 7.294714450836e+00 -2.157920122147e+00
G1-1 62 3 -6.944183679092e+00 -1.643528009104e+01 8.710396978920e+01 7.944839000702e+00 -2.609086990356e+00
G1-1 62 4 -2.751556280220e+00 -1.643528009104e+01 8.710396978920e+01 7.435224056244e+00 -2.410746097565e+00
G1-1 63 1 -6.890741499845e+00 -9.900847821973e+00 8.075639231696e+01 4.725948810577e+00 -9.836055636406e-01
G1-1 63 2 -9.103188320869e+00 -6.848254089020e+00 8.046523347165e+01 6.383651733398e+00 -1.313769578934e+00
G1-1 63 3 -6.773288424749e+00 -5.758047100549e+00 8.025437037797e+01 8.715384483337e+00 -2.569393873215e+00
G1-1 63 4 -6.698306141896e+00 -9.711204307626e+00 7.775203575481e+01 6.166212081909e+00 -1.755364775658e+00
G1-1 64 1 -7.124974094073e+00 -1.231386418136e+01 8.450762007366e+01 6.980045318604e+00 -2.073194503784e+00
G1-1 64 2 -8.498895423535e+00 -1.525073797905e+01 8.730395759835e+01 3.383036375046e+00 -5.533732771873e-01
G1-1 64 3 -6.199157546268e+00 -1.069702250848e+01 8.660948696215e+01 8.672799110413e+00 -2.654792785645e+00
G1-1 64 4 -9.337420915097e+00 -1.141747918243e+01 8.795112774865e+01 8.668514251709e+00 -2.663787126541e+00
G1-1 65 1 -5.798367995943e+00 -5.423575262379e-01 4.573587448484e+01 8.090758323669e+00 -2.680795431137e+00
G1-1 65 2 -1.019161484575e+01 2.304946273924e+00 4.630001796257e+01 8.382183074951e+00 -2.975976228714e+00
G1-1 65 3 -7.143364240667e+00 6.106830035130e+00 4.829875620317e+01 7.190122604370e+00 -2.369276762009e+00
G1-1 65 4 -8.558048009649e+00 1.283861330076e+00 4.298160348566e+01 8.570847511292e+00 -2.858704328537e+00
G1-1 66 1 -1.207442300611e+00 -4.191828754522e+00 4.367072723374e+01 6.568801879883e+00 -2.115458488464e+00
G1-1 66 2 2.231974156678e-01 -2.424253678373e+00 4.096201284412e+01 6.250506401062e+00 -1.999378085136e+00
G1-1 66 3 2.310910571875e+00 -4.564402543554e+00 4.328519862507e+01 7.250790596008e+00 -2.369088172913e+00
G1-1 66 4 2.021891659833e-01 -6.074056726120e+00 4.045477247871e+01 5.817499160767e+00 -1.852352499962e+00
G1-1 67 1 4.786421676056e+00 -1.803989587758e+00 4.759010423648e+01 6.744513034821e+00 -2.180422544479e+00
G1-1 67 2 6.299526697669e+00 1.142168626487e+00 5.189329560539e+01 8.565448760986e+00 -2.869791746140e+00
G1-1 67 3 5.790127254592e+00 2.645253761506e+00 4.803898969677e+01 7.829222679138e+00 -2.578135490417e+00
G1-1 67 4 2.565745416366e+00 7.365612440688e-01 5.200090834344e+01 8.378019332886e+00 -3.244824886322e+00
G1-1 68 1 1.106435121048e+01 2.527907208354e+00 1.449610037594e+02 4.728071689606e+00 -1.476681590080e+00
G1-1 68 2 9.445670059842e+00 6.435393337205e+00 1.481245783272e+02 5.169015884399e+00 -1.659230947495e+00
G1-1 68 3 8.055682761935e+00 5.022740306985e+00 1.452191608753e+02 5.130718708038e+00 -1.641626477242e+00
G1-1 68 4 9.445670059842e+00 2.242765953068e+00 1.481245783272e+02 4.877810955048e+00 -1.536402940750e+00
G1-1 69 1 1.538066007838e+01 -1.663481390923e+00 1.446297157405e+02 4.555850505829e+00 -1.401500225067e+00
G1-1 69 2 1.795460662131e+01 -4.347011804045e+00 1.438157943173e+02 4.629641532898e+00 -1.430237650871e+00
G1-1 69 3 1.795460662131e+01 -1.948622646209e+00 1.477932865361e+02 4.288054943085e+00 -1.294116497040e+00
G1-1 69 4 1.795460662131e+01 -6.141250059816e+00 1.477932865361e+02 4.877741813660e+00 -1.527788519859e+00
G1-1 70 1 9.817056341196e+00 3.568188410717e-01 1.422664226378e+02 4.695119380951e+00 -1.458904504776e+00
G1-1 70 2 6.892743566832e+00 -2.069202002185e+00 1.423762880383e+02 4.695559978485e+00 -1.458513021469e+00
G1-1 70 3 6.808387656887e+00 2.851652013378e+00 1.425245722093e+02 4.938952922821e+00 -1.562260270119e+00
G1-1 70 4 5.467674594815e+00 -6.206049690554e-01 1.397638389409e+02 5.554105758667e+00 -1.782308459282e+00
G1-1 71 1 1.060061389403e+01 2.135531742882e+00 1.364036791213e+02 5.360134601593e+00 -1.709252238274e+00
G1-1 71 2 1.232674166780e+01 2.120922793799e+00 1.412540894788e+02 4.610404491425e+00 -1.426914453506e+00
G1-1 71 3 1.490068797497e+01 4.411629532943e+00 1.404358143832e+02 4.459362506866e+00 -1.366526126862e+00
G1-1 71 4 9.318073101374e+00 4.615755907165e+00 1.415122428224e+02 5.145425319672e+00 -1.642092704773e+00
G1-1 72 1 1.061021966074e+01 -1.534420088653e+00 1.413139634641e+02 4.732846736908e+00 -1.470652699471e+00
G1-1 72 2 7.685906886380e+00 -3.960440931910e+00 1.414238288646e+02 4.993295669556e+00 -1.570887446404e+00
G1-1 72 3 6.260837914363e+00 -2.511843898780e+00 1.388113797672e+02 5.197244644165e+00 -1.646297574043e+00
G1-1 72 4 1.016828139575e+01 -5.159764654631e+00 1.384898904040e+02 4.940612792969e+00 -1.546393156052e+00
G1-1 73 1 1.109041854308e+01 -1.583906562174e+00 1.449151790992e+02 4.830876827240e+00 -1.509742259979e+00
G1-1 73 2 8.166106004476e+00 -4.009927420165e+00 1.450250444997e+02 5.024863243103e+00 -1.585456728935e+00
G1-1 73 3 9.471737392437e+00 -6.061675290007e+00 1.480787498948e+02 4.970329761505e+00 -1.566937804222e+00
G1-1 73 4 9.471737392437e+00 -1.869047817460e+00 1.480787498948e+02 4.776736736298e+00 -1.492291331291e+00
G1-1 74 1 1.311990495092e+01 -5.270294690437e-01 1.389984868121e+02 4.723404884338e+00 -1.463297605515e+00
G1-1 74 2 1.139377705927e+01 -5.124205420635e-01 1.341480764547e+02 5.066807746887e+00 -1.591455936432e+00
G1-1 74 3 1.569385125809e+01 -6.850985777674e-01 1.339631507888e+02 4.888125419617e+00 -1.516376495361e+00
G1-1 74 4 1.267796668593e+01 -4.152374042389e+00 1.361744137520e+02 5.022311210632e+00 -1.573367595673e+00
G1-1 75 1 1.662581084397e+01 1.143061833323e+00 1.345829777504e+02 4.741868972778e+00 -1.460798144341e+00
G1-1 75 2 1.405186430103e+01 1.301130942046e+00 1.396183100016e+02 4.687888622284e+00 -1.451684594154e+00
G1-1 75 3 1.662581084397e+01 3.591837732763e+00 1.388000349060e+02 4.610455036163e+00 -1.419537186623e+00
G1-1 75 4 1.232573688091e+01 1.315739869027e+00 1.347679034163e+02 5.063148021698e+00 -1.591840863228e+00
G1-1 76 1 1.010217934861e+01 -5.619103110591e-02 1.015838030812e+02 7.202514171600e+00 -2.385358333588e+00
G1-1 76 2 1.143561709947e+01 3.274940162073e+00 9.811481482200e+01 5.884372234344e+00 -1.916826248169e+00
G1-1 76 3 1.187136884751e+01 -8.132151042347e-01 9.904080954982e+01 5.678587913513e+00 -1.844898343086e+00
G1-1 76 4 9.377045527472e+00 1.622541092730e-01 9.773649570374e+01 7.093824386597e+00 -2.340149879456e+00
G1-1 77 1 4.779127849395e+00 4.388422270220e+00 1.062388774958e+02 5.881675243378e+00 -1.889502167702e+00
G1-1 77 2 5.376002191056e+00 3.030304351166e+00 1.092715037467e+02 6.583522319794e+00 -2.145206212997e+00
G1-1 77 3 8.650520444241e+00 5.449381897194e+00 1.077712746429e+02 5.904140472412e+00 -1.912943243980e+00
G1-1 77 4 3.029013011847e+00 6.365255717775e+00 1.097814376815e+02 5.509609699249e+00 -1.751794099808e+00
G1-1 78 1 1.146120728457e+01 8.141362986408e+00 2.159721038411e+01 5.175936222076e+00 -1.654002308846e+00
G1-1 78 2 1.591690588838e+01 9.976275110900e+00 1.852442781758e+01 4.776534080505e+00 -1.531692624092e+00
G1-1 78 3 1.120451936031e+01 1.109044035335e+01 1.910094906571e+01 5.144226551056e+00 -1.659850239754e+00
G1-1 78 4 1.591690588838e+01 9.483980684784e+00 2.218075517035e+01 4.554447174072e+00 -1.425003647804e+00
G1-1 79 1 1.065198474888e+01 4.474588853896e+00 2.600503901347e+01 5.935722351074e+00 -1.902854442596e+00
G1-1 79 2 1.203214775369e+01 4.647388448362e+00 2.990138729367e+01 5.731917381287e+00 -1.809726834297e+00
G1-1 79 3 1.085213255404e+01 1.508956335084e+00 2.867984440258e+01 7.050383090973e+00 -2.307604312897e+00
G1-1 79 4 1.510768311692e+01 1.528097712078e+00 2.871241932324e+01 5.757980346680e+00 -1.832907199860e+00
G1-1 80 1 4.801166504034e+00 6.450460703886e+00 2.307875149532e+01 6.884990215302e+00 -2.264952659607e+00
G1-1 80 2 -5.921952352627e-01 8.166348115080e+00 2.160452197651e+01 6.085189342499e+00 -1.985385298729e+00
G1-1 80 3 8.189533061353e-01 3.878520752343e+00 2.299173946291e+01 7.605325222015e+00 -2.526659011841e+00
G1-1 80 4 1.279103901988e+00 7.961245822368e+00 2.444886516279e+01 6.434792041779e+00 -2.095882892609e+00
G1-1 81 1 8.472173688910e+00 7.669931329813e+00 2.543818538598e+01 5.857558727264e+00 -1.878794431686e+00
G1-1 81 2 9.596064630995e+00 1.058736853771e+01 2.761588054552e+01 5.647697925568e+00 -1.795185208321e+00
G1-1 81 3 4.950111035291e+00 9.180716094653e+00 2.680829905345e+01 6.377187728882e+00 -2.062657594681e+00
G1-1 81 4 9.852336222197e+00 7.842730688517e+00 2.933453366617e+01 5.495826721191e+00 -1.719995737076e+00
G1-1 82 1 7.696070033544e+00 3.557885329717e+00 2.322035970232e+01 7.474474430084e+00 -2.476192712784e+00
G1-1 82 2 7.896217838711e+00 5.922528182725e-01 2.589516509143e+01 6.720854759216e+00 -2.204100608826e+00
G1-1 82 3 3.713856931424e+00 9.859452529265e-01 2.313334766990e+01 7.080462455750e+00 -2.344021081924e+00
G1-1 82 4 7.948602651143e+00 3.896190636647e-01 2.089968977695e+01 7.015941619873e+00 -2.328853130341e+00
G1-1 83 1 -6.764739777522e+00 -1.684521335192e+01 4.903470351195e+01 3.314229011536e+00 -8.876309394836e-01
G1-1 83 2 -5.279186831754e+00 -1.385170532519e+01 4.622833686471e+01 3.949246168137e+00 -1.147031664848e+00
G1-1 83 3 -3.995940537359e+00 -1.367470280220e+01 5.198450327326e+01 3.730043888092e+00 -1.007956743240e+00
G1-1 83 4 -2.572112290239e+00 -1.684521335192e+01 4.903470351195e+01 3.043214559555e+00 -7.279785871506e-01
G1-1 84 1 -9.997831963634e+00 -9.561031971515e+00 5.166726286662e+01 5.581430435181e+00 -1.777447104454e+00
G1-1 84 2 -7.032161456533e+00 -1.213214335898e+01 4.684979982721e+01 4.171813011169e+00 -1.234534978867e+00
G1-1 84 3 -5.748915191608e+00 -1.195514083598e+01 5.260596623577e+01 3.989276409149e+00 -1.119921684265e+00
G1-1 84 4 -8.517714284420e+00 -1.512565138571e+01 4.965616647445e+01 3.905174970627e+00 -1.138826131821e+00
G1-1 85 1 -9.420965443915e+00 -9.885175755367e+00 4.233528172745e+01 5.469994068146e+00 -1.755924820900e+00
G1-1 85 2 -1.509914608326e+01 -9.010486804800e+00 4.284258844615e+01 5.486134052277e+00 -1.774382233620e+00
G1-1 85 3 -1.203082997482e+01 -6.199670310292e+00 4.339634342145e+01 5.882599353790e+00 -1.903568148613e+00
G1-1 85 4 -1.203122917519e+01 -7.419424476648e+00 3.953761806998e+01 6.057332515717e+00 -1.974924683571e+00
G1-1 86 1 -6.086749366462e+00 -1.080400912007e+01 3.986673819198e+01 4.718430995941e+00 -1.468667864799e+00
G1-1 86 2 -6.283026138536e+00 -1.091943133852e+01 3.536329477274e+01 4.954571247101e+00 -1.574330687523e+00
G1-1 86 3 -8.697013097737e+00 -8.338257959231e+00 3.706907453451e+01 5.635145187378e+00 -1.819312214851e+00
G1-1 86 4 -3.388768145328e+00 -9.101799983819e+00 3.795017533769e+01 4.957385063171e+00 -1.554688215256e+00
G1-1 87 1 -2.629783458868e+00 -1.254366570316e+01 4.205050325007e+01 4.029678344727e+00 -1.183410167694e+00
G1-1 87 2 6.819768720939e-02 -1.084145656691e+01 4.013394322492e+01 4.074742317200e+00 -1.201058864594e+00
G1-1 87 3 3.043577965052e+00 -1.282947421030e+01 4.339168000879e+01 3.725457429886e+00 -1.052495479584e+00
G1-1 87 4 7.729103706043e-02 -1.553717372989e+01 4.047503852477e+01 3.360960721970e+00 -9.244637489319e-01
G1-1 88 1 -4.443601471203e+00 -1.249101306288e+01 4.024441719806e+01 3.963359355927e+00 -1.170184254646e+00
G1-1 88 2 -4.639878184337e+00 -1.260643504557e+01 3.574097472187e+01 4.273108959198e+00 -1.315478324890e+00
G1-1 88 3 -1.745620266185e+00 -1.078880392663e+01 3.832785622986e+01 4.575592041016e+00 -1.409915804863e+00
G1-1 88 4 -1.736526916334e+00 -1.548452108961e+01 3.866895247276e+01 3.512116670609e+00 -1.002455353737e+00
G1-1 89 1 2.778424790077e+00 3.370642055664e+00 1.066458788048e+02 6.828841686249e+00 -2.228591203690e+00
G1-1 89 2 1.754057828272e-01 1.137995659761e+00 1.094953558600e+02 7.095936298370e+00 -2.317993402481e+00
G1-1 89 3 3.375299072797e+00 2.012524129242e+00 1.096785050557e+02 6.121005058289e+00 -1.964885115623e+00
G1-1 89 4 1.028309834648e+00 5.347475562159e+00 1.101884389905e+02 5.773926258087e+00 -1.842381238937e+00
G1-1 90 1 -3.384573113853e+00 1.897478304814e+00 1.087610008498e+02 5.357948780060e+00 -1.678361535072e+00
G1-1 90 2 -8.193089893493e+00 5.229744178999e+00 1.065677273128e+02 6.155078887939e+00 -2.008915901184e+00
G1-1 90 3 -2.531669091502e+00 6.106958258785e+00 1.094540839803e+02 5.047536849976e+00 -1.568958520889e+00
G1-1 90 4 -4.293477987834e+00 4.130124634409e+00 1.059115237946e+02 5.963923931122e+00 -1.919546961784e+00
G1-1 91 1 -9.369495893907e+00 5.546083024525e+00 1.119185227111e+02 5.697840213776e+00 -1.843589305878e+00
G1-1 91 2 -4.582858365222e+00 2.231740767662e+00 1.101790599918e+02 6.553129196167e+00 -2.129905223846e+00
G1-1 91 3 -9.391375144862e+00 5.564006641848e+00 1.079857883410e+02 6.394695758820e+00 -2.099397897720e+00
G1-1 91 4 -3.729954372342e+00 6.441220603753e+00 1.108721450084e+02 5.428122520447e+00 -1.723491430283e+00
G1-1 92 1 -4.788424399232e+00 6.077865588744e+00 1.051896184446e+02 4.892599105835e+00 -1.518805027008e+00
G1-1 92 2 -8.688036422772e+00 7.177485133335e+00 1.058458219628e+02 6.570528984070e+00 -2.159107208252e+00
G1-1 92 3 -3.026615532371e+00 8.054699154180e+00 1.087321805163e+02 4.545636653900e+00 -1.379687070847e+00
G1-1 92 4 -5.481199882592e+00 1.014824170203e+01 1.057029647086e+02 4.545421600342e+00 -1.389446139336e+00
G1-1 93 1 -5.147593648526e+00 1.964234891689e-01 1.039242308712e+02 7.093926906586e+00 -2.334374427795e+00
G1-1 93 2 -6.021488819617e+00 -6.657105874645e+00 1.027556042067e+02 8.288504600525e+00 -3.424282550812e+00
G1-1 93 3 -4.238688715604e+00 -2.036222928837e+00 1.067737060403e+02 7.927758693695e+00 -2.617182970047e+00
G1-1 93 4 -9.175477526885e+00 -2.603318441524e+00 1.028606022534e+02 8.107625961304e+00 -2.870268821716e+00
G1-1 94 1 -1.623477809161e+00 6.754501468418e+00 9.792667460720e+01 4.514077186584e+00 -1.327067613602e+00
G1-1 94 2 -5.087614494876e+00 2.244392282697e+00 9.606372249530e+01 6.894746780396e+00 -2.244704246521e+00
G1-1 94 3 -3.413025673851e+00 6.390995839890e+00 9.431751278745e+01 5.476158142090e+00 -1.698947668076e+00
G1-1 94 4 -1.623477809161e+00 2.244392282697e+00 9.606372249530e+01 6.410016059875e+00 -2.061364650726e+00
G1-1 95 1 -6.544568676689e+00 5.812254044233e+00 1.030989964860e+02 5.448015689850e+00 -1.735247015953e+00
G1-1 95 2 -1.046576241816e+01 6.929550596021e+00 9.987615978954e+01 5.844571113586e+00 -1.895133972168e+00
G1-1 95 3 -1.044418067076e+01 6.911873588823e+00 1.037552000042e+02 6.052658557892e+00 -1.976420760155e+00
G1-1 95 4 -7.237344189520e+00 9.882630393283e+00 1.036123408638e+02 5.011032581329e+00 -1.573886513710e+00
G1-1 96 1 -9.047523438877e+00 6.224247232793e+00 9.635605812307e+01 5.916732788086e+00 -1.902772307396e+00
G1-1 96 2 -6.840194049430e+00 3.183908606244e+00 9.613273263265e+01 6.572111606598e+00 -2.135092735291e+00
G1-1 96 3 -5.165605110525e+00 7.330512192907e+00 9.438652481089e+01 5.405043125153e+00 -1.674550294876e+00
G1-1 96 4 -3.376057245834e+00 7.694017939316e+00 9.799568663064e+01 4.868062019348e+00 -1.470350623131e+00
G1-1 97 1 -6.082591530565e+00 2.654081574400e+00 1.044881344095e+02 7.560963153839e+00 -2.502311944962e+00
G1-1 97 2 -5.173686597644e+00 4.214352742748e-01 1.073376095786e+02 7.645885467529e+00 -2.520770072937e+00
G1-1 97 3 -9.982203406754e+00 3.753701089520e+00 1.051443379277e+02 5.731427192688e+00 -1.859722852707e+00
G1-1 97 4 -1.011047552681e+01 -1.456603562927e-01 1.034245057917e+02 5.315474987030e+00 -1.703685283661e+00
G1-1 98 1 -5.088060431663e+00 -3.957939340495e+00 6.344226109406e+01 7.406692028046e+00 -2.361457109451e+00
G1-1 98 2 8.715089494367e-01 -6.318517455345e+00 6.060714766529e+01 7.817929267883e+00 -2.530020713806e+00
G1-1 98 3 -1.834358850777e+00 -1.678814743233e+00 6.269684899835e+01 8.056397438049e+00 -2.588773012161e+00
G1-1 98 4 -1.031192165408e+00 -5.262508216519e+00 6.540164644761e+01 8.012470245361e+00 -2.576417446136e+00
G1-1 99 1 2.341747923434e+00 -7.401354947126e+00 6.650490608874e+01 7.706301212311e+00 -2.466795921326e+00
G1-1 99 2 4.704293742868e+00 -9.727624934769e+00 6.534268027802e+01 5.919262886047e+00 -1.794710755348e+00
G1-1 99 3 4.244449038279e+00 -8.457364244892e+00 6.171040636337e+01 5.222850322723e+00 -1.528354883194e+00
G1-1 99 4 6.034230622843e+00 -7.108276196394e+00 6.657317029476e+01 7.486939907074e+00 -2.387910842896e+00
G1-1 100 1 1.561387144600e+00 -3.541848879876e+00 6.676931673195e+01 8.610035896301e+00 -2.780223608017e+00
G1-1 100 2 7.582205181711e-01 4.184468182016e-02 6.406451928269e+01 8.613242149353e+00 -2.774061203003e+00
G1-1 100 3 4.280376515500e+00 6.838374945296e-01 6.692357184862e+01 8.631713867188e+00 -2.737353563309e+00
G1-1 100 4 5.077993565474e+00 -1.950804479297e+00 6.428705548513e+01 8.309630393982e+00 -2.668847799301e+00
G1-1 101 1 -2.202676003279e+00 -3.829333793909e+00 6.708625873257e+01 7.924416542053e+00 -2.517070293427e+00
G1-1 101 2 -4.090976222326e+00 -2.474929902982e-01 6.774327582529e+01 8.649774551392e+00 -2.700877904892e+00
G1-1 101 3 -3.005842688648e+00 -2.456402911530e-01 6.438145939722e+01 8.611807823181e+00 -2.776958942413e+00
G1-1 101 4 -6.259544210594e+00 -2.524764932620e+00 6.512687149293e+01 8.013267517090e+00 -2.561883449554e+00
G1-1 102 1 1.462909663507e+01 -1.518558987349e+01 7.479530193742e+01 3.633856773376e+00 -1.006328344345e+00
G1-1 102 2 1.678744147491e+01 -1.790855691046e+01 7.650287980683e+01 4.827449798584e+00 -1.547068357468e+00
G1-1 102 3 1.259481401710e+01 -1.790855691046e+01 7.650287980683e+01 3.331708908081e+00 -8.159919977188e-01
G1-1 102 4 1.678744147491e+01 -1.790855691046e+01 7.212104690841e+01 5.709469795227e+00 -1.865012288094e+00
G1-1 103 1 1.048599978385e+01 -1.016037664839e+01 7.423849879527e+01 7.039313793182e+00 -2.246984720230e+00
G1-1 103 2 7.899102495497e+00 -7.088079824510e+00 7.151533812907e+01 6.497175693512e+00 -1.997589349747e+00
G1-1 103 3 6.497812292786e+00 -9.843616818479e+00 7.538855411271e+01 6.094678878784e+00 -1.821950793266e+00
G1-1 103 4 5.936147231686e+00 -5.456403976837e+00 7.475064027399e+01 7.454424858093e+00 -2.253233432770e+00
G1-1 104 1 1.342185487499e+01 -9.699189801990e+00 7.328256755725e+01 4.351913452148e+00 -1.257854819298e+00
G1-1 104 2 1.083495782241e+01 -6.626892742345e+00 7.055940689104e+01 8.602144241333e+00 -2.796000242233e+00
G1-1 104 3 1.222609774859e+01 -4.276480657058e+00 7.254982333934e+01 7.026668548584e+00 -2.205790758133e+00
G1-1 104 4 1.558019971484e+01 -8.608733905350e+00 7.258406585983e+01 3.521054983139e+00 -1.005425333977e+00
G1-1 105 1 1.387565144802e+01 -1.439715349724e+01 7.681441170218e+01 4.391954898834e+00 -1.304545402527e+00
G1-1 105 2 1.603399628786e+01 -1.712012053421e+01 7.852199145767e+01 4.177510261536e+00 -1.275482177734e+00
G1-1 105 3 1.359579644524e+01 -1.456868682473e+01 8.067413712076e+01 6.217751026154e+00 -1.994806051254e+00
G1-1 105 4 1.184136883005e+01 -1.712012053421e+01 7.852199145767e+01 4.356858253479e+00 -1.235638737679e+00
G1-1 106 1 1.293901294872e+01 -8.101393178952e+00 7.947278466875e+01 4.399075031281e+00 -1.075399756432e+00
G1-1 106 2 1.413477007513e+01 -1.136789379052e+01 7.647086613854e+01 6.930484294891e+00 -2.259678125381e+00
G1-1 106 3 1.629311491497e+01 -1.027743789388e+01 7.577236444111e+01 6.216381549835e+00 -2.035835504532e+00
G1-1 106 4 1.385491507235e+01 -1.153942711800e+01 8.033058967103e+01 5.491847515106e+00 -1.682800650597e+00
G1-1 107 1 5.964381285150e+00 -1.615881372891e+01 1.446658676313e+02 5.983192443848e+00 -1.939207434654e+00
G1-1 107 2 7.580117053587e+00 -1.196618627109e+01 1.487407821600e+02 5.349380016327e+00 -1.710510611534e+00
G1-1 107 3 3.387489595775e+00 -1.196618627109e+01 1.487407821600e+02 5.147088050842e+00 -1.633318185806e+00
G1-1 107 4 7.580117053587e+00 -1.615881372891e+01 1.487407821600e+02 5.986687660217e+00 -1.942487001419e+00
G1-1 108 1 1.197626873275e+01 -1.345782604638e+01 7.664212964496e+01 3.274735927582e+00 -7.060409784317e-01
G1-1 108 2 1.169641349422e+01 -1.362935937387e+01 8.050185129136e+01 4.030025959015e+00 -1.024479866028e+00
G1-1 108 3 7.988081241691e+00 -1.314106609859e+01 7.779218496240e+01 6.948879718781e+00 -2.180988073349e+00
G1-1 108 4 9.941985879024e+00 -1.618079331911e+01 7.834970751437e+01 5.082037925720e+00 -1.483084797859e+00
G1-1 109 1 3.730245233732e+00 -7.070777588041e+00 4.474287998755e+01 5.390665531158e+00 -1.691781520844e+00
G1-1 109 2 1.621523820473e+00 -8.580432065310e+00 4.191245384119e+01 5.144848346710e+00 -1.607940673828e+00
G1-1 109 3 4.596904115352e+00 -1.056844935505e+01 4.517019251115e+01 4.631420612335e+00 -1.409025788307e+00
G1-1 109 4 1.850583580639e+00 -9.171183238603e+00 4.709506921064e+01 4.734070777893e+00 -1.429567098618e+00
G1-1 110 1 7.478700362106e+00 4.596951612375e-01 3.327365972737e+01 7.048782825470e+00 -2.302852392197e+00
G1-1 110 2 3.360910850248e+00 5.913409502028e-01 3.794478550555e+01 8.111458778381e+00 -2.672988176346e+00
G1-1 110 3 8.038232563794e+00 4.781326174368e-01 3.842930310073e+01 8.125158309937e+00 -2.683893442154e+00
G1-1 110 4 5.355718470562e+00 3.037337560069e+00 3.689210266427e+01 7.864113330841e+00 -2.578511953354e+00
G1-1 111 1 2.766952311165e+00 5.721075536504e+00 3.217174725687e+01 7.103440284729e+00 -2.306386470795e+00
G1-1 111 2 3.778017341184e+00 6.793304032703e+00 3.530418251119e+01 7.603284835815e+00 -2.473980903625e+00
G1-1 111 3 4.526232860146e+00 1.017329763004e+01 3.330192311863e+01 6.915482044220e+00 -2.226359128952e+00
G1-1 111 4 1.746007674522e+00 9.057258790136e+00 3.427170193813e+01 7.295052051544e+00 -2.357064485550e+00
G1-1 112 1 -5.556951350702e-01 2.373730250939e+00 3.230233044054e+01 7.749567031860e+00 -2.551922321320e+00
G1-1 112 2 -1.539437636955e+00 9.999623398800e-01 3.648744853614e+01 8.166980743408e+00 -2.696050882339e+00
G1-1 112 3 -3.574107502053e+00 3.447199873361e+00 3.537380233947e+01 7.523291110992e+00 -2.459625244141e+00
G1-1 112 4 -5.556452268564e+00 7.024260455777e-01 3.183087936196e+01 6.687880516052e+00 -2.177962779999e+00
G1-1 113 1 -1.745440686445e+01 1.353746222245e+01 9.584659427101e+01 6.903981685638e+00 -2.288697481155e+00
G1-1 113 2 -1.745440686445e+01 1.751948674921e+01 9.334013798935e+01 7.087613105774e+00 -2.356315135956e+00
G1-1 113 3 -1.745440686445e+01 1.751948674921e+01 9.772197465995e+01 7.027601718903e+00 -2.338016033173e+00
G1-1 113 4 -1.326177940664e+01 1.751948674921e+01 9.334013798935e+01 3.726351022720e+00 -1.075497269630e+00
G1-1 114 1 -3.138310857016e+00 5.935666630529e-01 3.776664307597e+01 7.528456687927e+00 -2.468040227890e+00
G1-1 114 2 -5.172980692643e+00 3.040804124240e+00 3.665299687930e+01 7.204551219940e+00 -2.344780921936e+00
G1-1 114 3 -7.155325606506e+00 2.960303553969e-01 3.311007390179e+01 7.220702648163e+00 -2.369731426239e+00
G1-1 114 4 -7.328630907489e+00 6.522104874224e-01 3.772108646642e+01 8.056625366211e+00 -2.660171747208e+00
G1-1 115 1 1.581540290476e+00 2.585025731448e+00 4.110452070853e+01 8.583017349243e+00 -2.834139823914e+00
G1-1 115 2 3.576347883162e+00 5.031022153441e+00 4.005183786726e+01 8.584299087524e+00 -2.831650495529e+00
G1-1 115 3 1.527069253647e+00 6.482776465821e+00 4.437095725031e+01 8.588693618774e+00 -2.822952985764e+00
G1-1 115 4 4.672958971806e+00 4.894120156590e+00 4.387659194977e+01 8.585792541504e+00 -2.828675031662e+00
G1-1 116 1 -4.823540912829e+00 -1.029730895614e+01 1.098019204775e+01 5.153804302216e+00 -2.095586538315e+00
G1-1 116 2 -3.762560008733e+00 -1.021068375571e+01 7.933904795042e+00 4.587258815765e+00 -2.863159894943e+00
G1-1 116 3 -5.522911500727e+00 -7.120846035829e+00 7.773453447371e+00 4.493439674377e+00 -2.910520315170e+00
G1-1 116 4 -2.379681753790e+00 -6.808386117283e+00 9.579462782804e+00 4.981919765472e+00 -2.575130939484e+00
G1-1 117 1 -4.319061487026e+00 -1.272555362997e+01 1.645756318100e+01 5.472172260284e+00 -1.821748971939e+00
G1-1 117 2 -4.457561410531e+00 -1.265860293131e+01 2.089960831949e+01 4.897559165955e+00 -1.603222370148e+00
G1-1 117 3 -1.774202016724e+00 -1.557260762558e+01 1.925301513027e+01 4.439269065857e+00 -1.453609585762e+00
G1-1 117 4 -2.287421455082e+00 -1.105140689468e+01 1.929145655008e+01 5.114491462708e+00 -1.682909965515e+00
G1-1 118 1 -3.273330822973e+00 -1.067555548144e+01 1.373808879121e+01 5.473179340363e+00 -1.976854443550e+00
G1-1 118 2 -1.241690820500e+00 -9.001408510393e+00 1.657198192453e+01 5.285059452057e+00 -1.745751380920e+00
G1-1 118 3 7.322501133137e-02 -1.031064753367e+01 1.357591189057e+01 5.423617362976e+00 -1.991733670235e+00
G1-1 118 4 -8.294716491990e-01 -7.186632878342e+00 1.233735952626e+01 5.526387214661e+00 -2.513817310333e+00
G1-1 119 1 -5.956421402225e+00 -1.129568135447e+01 1.555630703081e+01 5.510060787201e+00 -1.832304596901e+00
G1-1 119 2 -8.710169671467e+00 -9.515571467447e+00 1.543523331227e+01 5.986594676971e+00 -2.063521385193e+00
G1-1 119 3 -6.094921207849e+00 -1.122873065582e+01 1.999835240506e+01 5.460366249084e+00 -1.803333640099e+00
G1-1 119 4 -3.924781296606e+00 -9.621534619189e+00 1.839020063565e+01 5.546296596527e+00 -1.835169911385e+00
G1-1 120 1 -3.083526508850e+00 -1.403060779153e+01 1.366884067667e+01 5.201918601990e+00 -1.877422928810e+00
G1-1 120 2 2.630293549245e-01 -1.366570007952e+01 1.350666424756e+01 5.206749916077e+00 -2.117962121964e+00
G1-1 120 3 -5.386670238137e-01 -1.687766155138e+01 1.646429309746e+01 4.571874618530e+00 -1.512274622917e+00
G1-1 120 4 -5.386670238137e-01 -1.687766155138e+01 1.208245978318e+01 4.520090103149e+00 -1.559514045715e+00
G1-1 121 1 -3.542070112583e+00 -1.312405129107e+01 1.186364376369e+01 5.126500606537e+00 -1.912265181541e+00
G1-1 121 2 -1.955143077480e-01 -1.275914334330e+01 1.170146709882e+01 5.018037796021e+00 -2.142450332642e+00
G1-1 121 3 -9.972106864862e-01 -1.597110481516e+01 1.027726287020e+01 4.558316707611e+00 -2.186625719070e+00
G1-1 121 4 -2.481089149546e+00 -1.303742609064e+01 8.817356510980e+00 4.697578907013e+00 -1.958084821701e+00
G1-1 122 1 -3.655770940529e+00 7.480783092551e+00 2.649050882141e+01 6.731106758118e+00 -2.194514513016e+00
G1-1 122 2 -1.177458871185e+00 4.121746874808e+00 2.379714611460e+01 7.408825874329e+00 -2.454808712006e+00
G1-1 122 3 -2.588607353643e+00 8.409574473306e+00 2.240992909973e+01 5.992543697357e+00 -1.948011755943e+00
G1-1 122 4 -7.173082163924e-01 8.204471944833e+00 2.525427181448e+01 6.472810745239e+00 -2.106065034866e+00
G1-1 123 1 1.290564063019e+00 4.676983566717e+00 3.277164134070e+01 7.514842033386e+00 -2.456622838974e+00
G1-1 123 2 2.301629122508e+00 5.749212062916e+00 3.590407565198e+01 7.485210418701e+00 -2.434092044830e+00
G1-1 123 3 2.696193969056e-01 8.013166820349e+00 3.487159602196e+01 7.309067726135e+00 -2.362157344818e+00
G1-1 123 4 -1.727848245023e+00 5.750453071258e+00 3.584311323963e+01 7.982016086578e+00 -2.612315416336e+00
G1-1 124 1 -4.705427728644e+00 9.146336347941e+00 2.652136523414e+01 5.825437545776e+00 -1.860902309418e+00
G1-1 124 2 -5.623876460609e+00 1.117714368479e+01 2.392785597644e+01 5.920367240906e+00 -1.914886474609e+00
G1-1 124 3 -1.766965026610e+00 9.870025200223e+00 2.528512822721e+01 5.634384155273e+00 -1.796607613564e+00
G1-1 124 4 -3.638264141758e+00 1.007512784658e+01 2.244078598397e+01 6.222925662994e+00 -2.031661748886e+00
G1-1 125 1 -4.616027330564e+00 8.710098930919e+00 3.169973583156e+01 6.609443664551e+00 -2.119566440582e+00
G1-1 125 2 -4.253439249498e+00 1.106666997515e+01 3.426662026100e+01 6.855978965759e+00 -2.190051794052e+00
G1-1 125 3 -4.107813546701e+00 7.536253659909e+00 3.532567107082e+01 6.995248317719e+00 -2.247494697571e+00
G1-1 125 4 -2.110345816361e+00 9.798967409000e+00 3.435415432466e+01 6.543830394745e+00 -2.073909997940e+00
G1-1 126 1 -1.513154063724e+01 9.474434691512e+00 1.201407479150e+02 6.402269363403e+00 -2.114260911942e+00
G1-1 126 2 -1.789579761657e+01 4.646450786213e+00 1.207945869387e+02 6.174185276031e+00 -2.021021842957e+00
G1-1 126 3 -1.789579761657e+01 8.760351384844e+00 1.227298420848e+02 6.346335411072e+00 -2.091561555862e+00
G1-1 126 4 -1.789579761657e+01 8.751730192275e+00 1.183715616479e+02 7.149687767029e+00 -2.424062967300e+00
G1-1 127 1 -9.051440377318e-01 1.587593990257e+01 2.820055885715e+01 5.254385471344e+00 -1.644487261772e+00
G1-1 127 2 -1.036167484253e+00 1.179572189462e+01 2.725078526466e+01 6.365974426270e+00 -2.056517362595e+00
G1-1 127 3 -3.612042252571e+00 1.342860432233e+01 3.105390575799e+01 5.030574321747e+00 -1.525896430016e+00
G1-1 127 4 -4.893079006663e+00 1.310284037919e+01 2.589351301389e+01 5.237828254700e+00 -1.650874972343e+00
G1-1 128 1 -8.307964000836e+00 8.160550337020e+00 2.851692396460e+01 5.891955375671e+00 -1.875230908394e+00
G1-1 128 2 -1.112255330253e+01 7.397556146698e+00 2.528952925911e+01 5.290202140808e+00 -1.667731285095e+00
G1-1 128 3 -1.114616602446e+01 7.461549874900e+00 2.971098259272e+01 5.839668273926e+00 -1.853782892227e+00
G1-1 128 4 -1.122604723248e+01 1.011576348696e+01 2.909769823204e+01 5.659568786621e+00 -1.792600512505e+00
G1-1 129 1 -6.732925699322e+00 9.968106083670e+00 2.913703155196e+01 6.145239830017e+00 -1.965809345245e+00
G1-1 129 2 -6.370337912957e+00 1.232467736366e+01 3.170391503836e+01 5.155455112457e+00 -1.574528813362e+00
G1-1 129 3 -7.651374667049e+00 1.199891342052e+01 2.654352229426e+01 5.066851615906e+00 -1.580215573311e+00
G1-1 129 4 -9.651009284606e+00 1.192331911573e+01 2.971780581940e+01 5.452965736389e+00 -1.715426564217e+00
G1-1 130 1 -1.388997998922e+01 -1.457014019376e+01 2.538169331938e+01 5.202885150909e+00 -1.706627607346e+00
G1-1 130 2 -1.242033236326e+01 -1.776326906719e+01 2.199634368840e+01 4.750926017761e+00 -1.556996941566e+00
G1-1 130 3 -1.661295982107e+01 -1.776326906719e+01 2.637817591393e+01 4.809394836426e+00 -1.575789690018e+00
G1-1 130 4 -1.661295982107e+01 -1.776326906719e+01 2.199634368840e+01 4.449562549591e+00 -1.449491977692e+00
G1-1 131 1 -1.293615357894e+01 -1.200817953215e+01 2.266488321533e+01 5.197121143341e+00 -1.699206471443e+00
G1-1 131 2 -1.565913341079e+01 -1.153779393093e+01 1.778610879970e+01 5.135864734650e+00 -1.685043096542e+00
G1-1 131 3 -1.257248630839e+01 -1.057414452294e+01 1.636300791654e+01 5.687533855438e+00 -1.886948466301e+00
G1-1 131 4 -1.146650595298e+01 -1.520130840558e+01 1.927953358435e+01 4.904623031616e+00 -1.610021948814e+00
G1-1 132 1 -1.314222964464e+01 -9.667533167053e+00 2.287867616049e+01 5.991199016571e+00 -1.980103373528e+00
G1-1 132 2 -1.586520947649e+01 -9.197147801593e+00 1.799990174486e+01 5.806521892548e+00 -1.921894550323e+00
G1-1 132 3 -1.233945817581e+01 -5.286171603830e+00 2.018517403447e+01 6.223177433014e+00 -2.059178829193e+00
G1-1 132 4 -1.277856237408e+01 -8.233498275721e+00 1.657680039018e+01 6.108342647552e+00 -2.032680034637e+00
G1-1 133 1 -1.259438685368e+01 -1.457014019376e+01 3.079793687049e+01 4.868899345398e+00 -1.576413989067e+00
G1-1 133 2 -1.112473922771e+01 -1.776326906719e+01 3.179441946505e+01 4.004462242126e+00 -1.261742830276e+00
G1-1 133 3 -1.112473922771e+01 -1.776326906719e+01 3.617625339656e+01 4.357547760010e+00 -1.386944532394e+00
G1-1 133 4 -1.531736668553e+01 -1.776326906719e+01 3.617625339656e+01 4.986816883087e+00 -1.627501368523e+00
G1-1 134 1 -1.518557312477e+01 -1.332725327993e+01 3.012162532412e+01 5.316279411316e+00 -1.740363478661e+00
G1-1 134 2 -1.790855295662e+01 -1.652038215336e+01 3.549994090715e+01 6.124746322632e+00 -2.036968469620e+00
G1-1 134 3 -1.790855295662e+01 -1.249831561188e+01 3.331134971479e+01 6.649023532867e+00 -2.214572191238e+00
G1-1 134 4 -1.790855295662e+01 -1.652038215336e+01 3.111810791868e+01 5.852515697479e+00 -1.944496035576e+00
G1-1 135 1 -1.566492165917e+01 -1.081131159622e+01 3.428773122564e+01 5.810412883759e+00 -1.907778739929e+00
G1-1 135 2 -1.294194182732e+01 -1.164024926427e+01 3.109800636345e+01 5.394892692566e+00 -1.759195208549e+00
G1-1 135 3 -1.259700522262e+01 -9.374118714367e+00 3.525412537193e+01 5.822914600372e+00 -1.900972485542e+00
G1-1 135 4 -1.147229420135e+01 -1.483337813770e+01 3.647632241801e+01 4.824528217316e+00 -1.550277829170e+00
G1-1 136 1 -1.138024691922e+01 -9.899144499494e+00 2.384899507706e+01 5.764523506165e+00 -1.897526144981e+00
G1-1 136 2 -1.057747545039e+01 -5.517782936272e+00 2.115549295104e+01 5.899903297424e+00 -1.942361116409e+00
G1-1 136 3 -8.401331126105e+00 -1.017826915017e+01 2.211023863530e+01 5.526488780975e+00 -1.817735671997e+00
G1-1 136 4 -1.101657964866e+01 -8.465109843924e+00 1.754711930675e+01 6.108624458313e+00 -2.032212018967e+00
G1-1 137 1 -1.555617530819e+01 1.343907365887e+01 7.546241510455e+01 4.989210128784e+00 -1.570217847824e+00
G1-1 137 2 -1.799604038240e+01 1.278652521240e+01 7.651252702722e+01 5.823102474213e+00 -1.887574195862e+00
G1-1 137 3 -1.799604038240e+01 1.659678098581e+01 7.850406601331e+01 5.623511791229e+00 -1.838455677032e+00
G1-1 137 4 -1.799604038240e+01 1.659678098581e+01 7.412222934271e+01 5.137814521790e+00 -1.661683797836e+00
G1-1 138 1 -1.098053092148e+01 -8.842052765407e+00 2.607075547839e+01 5.571143627167e+00 -1.819782257080e+00
G1-1 138 2 -8.001615128364e+00 -9.121177416087e+00 2.433199903662e+01 5.556964397430e+00 -1.820218801498e+00
G1-1 138 3 -1.017775945265e+01 -4.460691261125e+00 2.337725382389e+01 6.097315788269e+00 -2.005223751068e+00
G1-1 138 4 -9.323355510539e+00 -3.987197899230e+00 2.695864789584e+01 6.753523349762e+00 -2.228942632675e+00
G1-1 139 1 -1.423753496287e+01 -9.119420725107e+00 2.967628603515e+01 5.937277793884e+00 -1.950057983398e+00
G1-1 139 2 -1.389259835817e+01 -6.853290410966e+00 3.383240504362e+01 6.246634960175e+00 -2.048093318939e+00
G1-1 139 3 -1.696051479471e+01 -4.154977835209e+00 3.045381746360e+01 5.374215602875e+00 -1.724643111229e+00
G1-1 139 4 -1.696051479471e+01 -8.290483292817e+00 3.286601089733e+01 5.780021190643e+00 -1.890625238419e+00
G1-1 140 1 -1.538694075304e+01 1.278602011733e+01 5.889832127551e+00 5.651001453400e+00 -2.770882129669e+00
G1-1 140 2 -1.795608940536e+01 9.084347388467e+00 7.406493700309e+00 5.967616081238e+00 -2.722580671310e+00
G1-1 140 3 -1.795608940536e+01 1.496428483993e+01 7.802234332081e+00 3.661936998367e+00 -1.125124216080e+00
G1-1 140 4 -1.795608940536e+01 1.077165773576e+01 3.383311444979e+00 4.845183849335e+00 -2.313697814941e+00
G1-1 141 1 -1.288399248199e+01 -7.875343683991e+00 2.896498022000e+01 5.952204704285e+00 -1.950166821480e+00
G1-1 141 2 -1.560697231384e+01 -2.910900853034e+00 2.974251259149e+01 5.978200912476e+00 -1.941458344460e+00
G1-1 141 3 -1.253905564153e+01 -5.609213546671e+00 3.312109922847e+01 6.055196762085e+00 -1.972234964371e+00
G1-1 141 4 -1.122681683529e+01 -3.020488876754e+00 2.985287310897e+01 6.280746459961e+00 -2.049745082855e+00
G1-1 142 1 2.272763515232e+00 6.307829397829e+00 3.065041559902e+01 7.544945240021e+00 -2.470584869385e+00
G1-1 142 2 1.251818885956e+00 9.644012651461e+00 3.275037028027e+01 6.380598545074e+00 -2.029273748398e+00
G1-1 142 3 4.032044152622e+00 1.076005149136e+01 3.178059098926e+01 5.938805103302e+00 -1.872014522552e+00
G1-1 142 4 1.684600132727e+00 9.278833025662e+00 2.885971619480e+01 6.006922245026e+00 -1.913975954056e+00
G1-1 143 1 -2.508148044047e-03 2.627714249493e+00 3.990376798488e+01 7.879869461060e+00 -2.576225996017e+00
G1-1 143 2 -5.697918487353e-02 6.525464983866e+00 4.317020546971e+01 8.588150024414e+00 -2.824126005173e+00
G1-1 143 3 1.992299444642e+00 5.073710671486e+00 3.885108420056e+01 8.158947944641e+00 -2.669305562973e+00
G1-1 143 4 -2.037177893419e+00 5.074951620888e+00 3.879012178821e+01 8.044999122620e+00 -2.628587961197e+00
G1-1 144 1 -6.434505515895e+00 -3.791395792823e+00 4.342986209603e+01 6.846518516541e+00 -2.232243299484e+00
G1-1 144 2 -1.033271971662e+01 -3.690327573476e+00 4.319153094623e+01 6.441040515900e+00 -2.096524477005e+00
G1-1 144 3 -9.194185765362e+00 -1.965176995449e+00 4.067559109685e+01 6.308659553528e+00 -2.036072492599e+00
G1-1 144 4 -1.033311891698e+01 -4.910081680892e+00 3.933280559477e+01 6.310894966125e+00 -2.054189205170e+00
G1-1 145 1 6.308709396098e-01 4.251997384454e+00 2.847727862033e+01 7.129006385803e+00 -2.334722995758e+00
G1-1 145 2 -2.895755240706e+00 6.499312218946e+00 2.792281528000e+01 7.248619556427e+00 -2.375035524368e+00
G1-1 145 3 4.270751290025e-02 7.223001071228e+00 2.668657921612e+01 7.399286270142e+00 -2.433627843857e+00
G1-1 145 4 -4.174431418924e-01 3.140276060144e+00 2.522945351624e+01 7.233957767487e+00 -2.388416290283e+00
G1-1 146 1 1.302060148662e+00 3.221528516772e+00 3.341599227178e+01 7.478308677673e+00 -2.446776151657e+00
G1-1 146 2 3.183175288968e-01 1.847760590978e+00 3.760111036738e+01 8.581263542175e+00 -2.837589740753e+00
G1-1 146 3 2.313125149211e+00 4.293757130852e+00 3.654842658306e+01 7.598993778229e+00 -2.478471517563e+00
G1-1 146 4 -1.716352218320e+00 4.294998080253e+00 3.648746417072e+01 7.992599010468e+00 -2.618852376938e+00
G1-1 147 1 -1.177746801399e+00 -4.250649934286e+00 4.735316077353e+01 6.833903312683e+00 -2.211200475693e+00
G1-1 147 2 2.340606130027e+00 -4.623223723317e+00 4.696763216485e+01 7.087285041809e+00 -2.309965848923e+00
G1-1 147 3 1.199298556027e-01 -2.082672891491e+00 5.137843627182e+01 6.637953758240e+00 -2.129039764404e+00
G1-1 147 4 4.609444364131e-01 -6.723629255998e+00 4.931982138795e+01 5.972214698792e+00 -1.889561414719e+00
G1-1 148 1 4.668788149603e+00 -1.745440686445e+01 1.446658676313e+02 6.083101749420e+00 -1.974778532982e+00
G1-1 148 2 2.091896460228e+00 -1.745440686445e+01 1.487407821600e+02 5.624283313751e+00 -1.805022358894e+00
G1-1 148 3 6.284523918040e+00 -1.745440686445e+01 1.487407821600e+02 5.947867393494e+00 -1.926720857620e+00
G1-1 148 4 2.091896460228e+00 -1.326177940664e+01 1.487407821600e+02 5.159558296204e+00 -1.635588526726e+00
G1-1 149 1 5.458004222499e-01 1.281708459635e+01 4.137657483968e+01 5.689287662506e+00 -1.663115739822e+00
G1-1 149 2 -7.840897901748e-01 1.114866973316e+01 3.845688987934e+01 6.005451202393e+00 -1.830878853798e+00
G1-1 149 3 -8.013586922463e-01 1.033646928811e+01 4.380848983547e+01 8.604374885559e+00 -2.791317224503e+00
G1-1 149 4 -4.451098414095e+00 1.257630535883e+01 4.169189783199e+01 5.951920032501e+00 -1.803932785988e+00
G1-1 150 1 -1.131435331335e-01 1.421607848586e+01 4.073553227759e+01 5.278591156006e+00 -1.499741792679e+00
G1-1 150 2 -3.592690115724e+00 1.626270200482e+01 4.109298796860e+01 5.563663959503e+00 -1.684044003487e+00
G1-1 150 3 -1.443033730823e+00 1.254766338691e+01 3.781584637421e+01 5.414585590363e+00 -1.588824152946e+00
G1-1 150 4 -5.110042428419e+00 1.397529924833e+01 4.105085432686e+01 6.463320732117e+00 -2.014784812927e+00
G1-1 151 1 1.017800974419e+00 1.492292481059e+01 3.995242335626e+01 4.862847328186e+00 -1.372798800468e+00
G1-1 151 2 -3.120891680145e-01 1.325450971164e+01 3.703273839593e+01 5.646147727966e+00 -1.706624388695e+00
G1-1 151 3 -2.461745519761e+00 1.696954832955e+01 4.030987999032e+01 3.421535253525e+00 -7.518265247345e-01
G1-1 151 4 -3.192845337228e-01 1.696954832955e+01 3.773355170232e+01 3.585370779037e+00 -8.423696756363e-01
G1-1 152 1 2.541218225864e+00 1.411979001083e+01 3.864005186596e+01 5.433461666107e+00 -1.617246389389e+00
G1-1 152 2 1.211328053960e+00 1.245137491187e+01 3.572036690563e+01 5.663450241089e+00 -1.723323345184e+00
G1-1 152 3 1.204132688252e+00 1.616641352979e+01 3.642118021202e+01 4.623863697052e+00 -1.327309966087e+00
G1-1 152 4 3.991553390618e+00 1.356741422330e+01 3.475058714309e+01 4.798919200897e+00 -1.403678774834e+00
G1-1 153 1 9.221498372282e+00 1.402496553887e+01 4.644412120876e+01 2.565338850021e+00 4.178363680840e-01
G1-1 153 2 8.274107187119e+00 1.352492826643e+01 4.367743746651e+01 5.950488567352e+00 -1.815670847893e+00
G1-1 153 3 6.533064086409e+00 1.268073080297e+01 4.699731738409e+01 5.759705543518e+00 -1.591965913773e+00
G1-1 153 4 6.292955300785e+00 1.618117405965e+01 4.402716504783e+01 8.390049934387e+00 -2.755693912506e+00
G1-1 154 1 4.652621769313e+00 1.227849846308e+01 4.312598674538e+01 4.350871086121e+00 -1.014445185661e+00
G1-1 154 2 6.451352356399e+00 8.209226786667e+00 4.506353549759e+01 8.583973884583e+00 -2.832991838455e+00
G1-1 154 3 7.431780570759e+00 1.166887642458e+01 4.324165931706e+01 5.194337844849e+00 -1.473404288292e+00
G1-1 154 4 5.690737470049e+00 1.082467884324e+01 4.656153923464e+01 8.456874847412e+00 -3.089865684509e+00
G1-1 155 1 5.250912731201e+00 7.580214539347e+00 3.959396126081e+01 6.856968402863e+00 -2.182509660721e+00
G1-1 155 2 4.548793232759e+00 1.151258439573e+01 4.148116470503e+01 5.808115959167e+00 -1.741202235222e+00
G1-1 155 3 6.347523819844e+00 7.443312601436e+00 4.341871440028e+01 8.247050285339e+00 -2.691923141479e+00
G1-1 155 4 7.327952034205e+00 1.090296212147e+01 4.159683727670e+01 6.997980594635e+00 -2.225193738937e+00
G1-1 156 1 5.143252556891e+00 8.666995027179e+00 3.779331474474e+01 7.838075637817e+00 -2.544656991959e+00
G1-1 156 2 5.891468252673e+00 1.204698862451e+01 3.579105535218e+01 5.003386974335e+00 -1.477948307991e+00
G1-1 156 3 4.441133176329e+00 1.259936488356e+01 3.968051913201e+01 5.277571201324e+00 -1.548191666603e+00
G1-1 156 4 7.220291977776e+00 1.198974260931e+01 3.979619170368e+01 4.879897594452e+00 -1.412319660187e+00
G1-1 157 1 1.108951905548e+01 1.214267216718e+01 3.063796071573e+01 4.856450557709e+00 -1.484978199005e+00
G1-1 157 2 1.245110450653e+01 1.277708452841e+01 3.531905162077e+01 4.890637874603e+00 -1.493515849113e+00
G1-1 157 3 8.791009722800e+00 1.221723842558e+01 3.275125496115e+01 4.689059257507e+00 -1.394016623497e+00
G1-1 157 4 1.134579076456e+01 9.398034671622e+00 3.235661383638e+01 6.203866958618e+00 -1.975479722023e+00
G1-1 158 1 9.160489576949e+00 1.444712197729e+01 2.937620565713e+01 4.735561370850e+00 -1.455393314362e+00
G1-1 158 2 6.861980008508e+00 1.452168847146e+01 3.148949943103e+01 5.452592372894e+00 -1.709316730499e+00
G1-1 158 3 9.050805863790e+00 1.712068777794e+01 3.155062997290e+01 5.256271839142e+00 -1.657854557037e+00
G1-1 158 4 4.645559427767e+00 1.712068777794e+01 2.951839775754e+01 4.806087493896e+00 -1.470143437386e+00
G1-1 159 1 1.043162244016e+01 8.475881824753e+00 2.321969723006e+01 5.620848655701e+00 -1.806127548218e+00
G1-1 159 2 1.155551350012e+01 1.139331915053e+01 2.539739238960e+01 4.977290630341e+00 -1.564193725586e+00
G1-1 159 3 1.488732080820e+01 9.818499287368e+00 2.380324201629e+01 4.102715015411e+00 -1.235990047455e+00
G1-1 159 4 1.017493404437e+01 1.142495919169e+01 2.072343591165e+01 5.364039897919e+00 -1.731480836868e+00
G1-1 160 1 1.343821476340e+01 1.095173194309e+01 2.888384015505e+01 4.281093120575e+00 -1.264776825905e+00
G1-1 160 2 1.677002230724e+01 9.381567285071e+00 3.159592083353e+01 4.715821743011e+00 -1.425508499146e+00
G1-1 160 3 1.369448670825e+01 8.207094329653e+00 3.060249327570e+01 4.275806427002e+00 -1.230881333351e+00
G1-1 160 4 1.677002230724e+01 9.376912197802e+00 2.728968978174e+01 4.273188114166e+00 -1.269582748413e+00
G1-1 161 1 1.745440686445e+01 1.321396121994e+01 5.961609724246e+01 2.411015510559e+00 -7.627556324005e-01
G1-1 161 2 1.745440686445e+01 1.704722048808e+01 6.026326662982e+01 6.856473684311e-01 5.412092804909e-01
G1-1 161 3 1.745440686445e+01 1.537016950495e+01 5.588143260825e+01 9.651356339455e-01 -5.163023471832e-01
G1-1 161 4 1.326177940664e+01 1.704722048808e+01 6.026326662982e+01 2.516650199890e+00 -5.211591720581e-01
G1-1 162 1 1.764327013023e+01 1.743717647691e+01 2.239652047658e+01 5.682932853699e+00 -1.869991183281e+00
G1-1 162 2 1.406181653956e+01 1.743717647691e+01 2.440976517473e+01 5.140450000763e+00 -1.664395809174e+00
G1-1 162 3 1.764327013023e+01 1.318879081310e+01 2.448976428641e+01 4.305154323578e+00 -1.336410164833e+00
G1-1 162 4 1.764327013023e+01 1.743717647691e+01 2.681544336368e+01 5.568750381470e+00 -1.828327417374e+00
G1-1 163 1 3.895412125786e+00 -3.827942399468e+00 4.817825682741e+01 6.246975421906e+00 -1.995736837387e+00
G1-1 163 2 1.674735880832e+00 -1.287391567641e+00 5.258906093437e+01 8.577577590942e+00 -2.845290899277e+00
G1-1 163 3 2.015750402702e+00 -5.928347932149e+00 5.053044605051e+01 6.773056030273e+00 -2.181407451630e+00
G1-1 163 4 5.408517088460e+00 -8.817841852230e-01 5.248144913937e+01 6.335134506226e+00 -2.035786628723e+00
G1-1 164 1 1.615881372891e+01 1.655471176266e+01 5.337329749744e+01 8.094722628593e-01 -2.612617015839e-01
G1-1 164 2 1.196618627109e+01 1.823176274578e+01 5.775512963292e+01 1.565630793571e+00 -7.206974923611e-02
G1-1 164 3 1.615881372891e+01 1.823176274578e+01 5.337329749744e+01 5.891135334969e-01 2.436417639256e-01
G1-1 164 4 1.196618627109e+01 1.823176274578e+01 5.337329749744e+01 6.852014660835e-01 2.117976844311e-01
G1-1 165 1 1.039852782476e+01 1.248880352787e+01 4.717481414779e+01 8.572735786438e+00 -2.856549501419e+00
G1-1 165 2 1.127893182334e+01 9.673888854657e+00 4.712242601344e+01 8.515404701233e+00 -2.970152616501e+00
G1-1 165 3 7.710093421009e+00 1.114456926349e+01 4.772801032312e+01 8.329977035522e+00 -3.343272209167e+00
G1-1 165 4 9.451136639600e+00 1.198876649119e+01 4.440813040554e+01 5.472177982330e+00 -1.637010931969e+00
G1-1 166 1 5.865246332499e+00 4.828364683779e+00 4.864061063627e+01 8.186072349548e+00 -3.628708362579e+00
G1-1 166 2 2.640864553213e+00 2.919672166342e+00 5.260252928294e+01 8.303978919983e+00 -3.392736673355e+00
G1-1 166 3 6.374645893456e+00 3.325279489820e+00 5.249491748793e+01 7.315998077393e+00 -2.408603906631e+00
G1-1 166 4 5.104631446149e+00 7.443816681414e+00 5.013861343027e+01 7.670138835907e+00 -4.661172866821e+00
G1-1 167 1 6.658797947059e+00 -1.515377931579e+00 4.709652187205e+01 6.231029510498e+00 -2.005559444427e+00
G1-1 167 2 7.662503584536e+00 2.933865388214e+00 4.754540733234e+01 7.467499256134e+00 -2.456431388855e+00
G1-1 167 3 8.171903204434e+00 1.430780312135e+00 5.139971512705e+01 8.531261444092e+00 -2.937993288040e+00
G1-1 167 4 1.049725918838e+01 1.959139776320e+00 4.991006389001e+01 8.135545730591e+00 -2.805364131927e+00
G1-1 168 1 7.827607073496e+00 -3.423987703423e+00 4.489102127817e+01 7.909029006958e+00 -2.616659164429e+00
G1-1 168 2 1.041721559768e+01 -1.397047211529e+00 4.305235214936e+01 7.496919155121e+00 -2.474635839462e+00
G1-1 168 3 1.166606831481e+01 5.053000447686e-02 4.770456329614e+01 5.567255496979e+00 -1.795545220375e+00
G1-1 168 4 1.153715474460e+01 -4.231917642826e+00 4.434461927609e+01 7.225460529327e+00 -2.384343862534e+00
G1-1 169 1 1.097596276618e+01 7.938493413842e+00 4.883948941203e+01 6.326895236969e+00 -2.053748130798e+00
G1-1 169 2 1.009555876761e+01 8.597199611300e+00 5.262654123754e+01 8.330973625183e+00 -3.339077472687e+00
G1-1 169 3 7.407124481734e+00 9.409173704794e+00 4.944507466475e+01 8.119467735291e+00 -3.763724088669e+00
G1-1 169 4 8.167739368083e+00 6.793721412458e+00 4.794707187074e+01 8.094924926758e+00 -2.674800872803e+00
G1-1 170 1 7.457363871427e+00 5.975488558633e+00 4.886234600311e+01 8.176906585693e+00 -3.647251367569e+00
G1-1 170 2 9.385183035189e+00 7.778966816415e+00 5.354181536990e+01 7.926504135132e+00 -2.584265708923e+00
G1-1 170 3 6.696748985077e+00 8.590940674148e+00 5.036034879711e+01 8.344077110291e+00 -3.313069820404e+00
G1-1 170 4 7.966763373444e+00 4.472403423613e+00 5.271665285477e+01 7.977563381195e+00 -2.624203681946e+00
G1-1 171 1 8.144809644597e+00 -4.271518194439e+00 4.668224108515e+01 6.160937786102e+00 -1.990160465240e+00
G1-1 171 2 1.198327088592e+01 -7.970004865398e-01 4.949578310311e+01 6.712333679199e+00 -2.212641477585e+00
G1-1 171 3 1.176090775085e+01 -4.987243937665e+00 5.064007901694e+01 5.924088478088e+00 -1.917604684830e+00
G1-1 171 4 1.185435755146e+01 -5.079448133843e+00 4.613583814002e+01 5.170632839203e+00 -1.634875059128e+00
G1-1 172 1 1.249875550170e+01 9.636045501419e-01 5.324543502601e+01 7.171927452087e+00 -2.376808881760e+00
G1-1 172 2 1.252487943277e+01 -5.675638230644e-01 5.771642626542e+01 8.389207839966e+00 -2.944367408752e+00
G1-1 172 3 1.017339951775e+01 4.352450712221e-01 5.473508532000e+01 6.998731136322e+00 -2.285742759705e+00
G1-1 172 4 1.227639236663e+01 -3.226638900984e+00 5.438973093984e+01 6.971713066101e+00 -2.296912670135e+00
G1-1 173 1 1.120658946373e+01 7.487773442286e+00 5.289435197875e+01 8.246900558472e+00 -3.506969213486e+00
G1-1 173 2 1.211352578593e+01 4.709569661020e+00 5.057953916963e+01 7.097235202789e+00 -2.352737426758e+00
G1-1 173 3 9.278769946327e+00 5.684295361324e+00 4.821488261196e+01 8.461148262024e+00 -2.853706121445e+00
G1-1 173 4 1.208699346231e+01 6.829067244828e+00 4.910730015324e+01 7.717880725861e+00 -2.784189224243e+00
G1-1 174 1 1.478220325569e+01 4.674572193366e+00 5.092201299313e+01 4.929528713226e+00 -1.596669316292e+00
G1-1 174 2 1.475567140359e+01 6.794069777174e+00 4.944977303370e+01 2.817301750183e+00 -7.794548273087e-01
G1-1 174 3 1.722936913551e+01 7.452775974632e+00 5.323682391617e+01 4.206654548645e+00 -1.369055271149e+00
G1-1 174 4 1.722936913551e+01 5.536043459628e+00 4.966562101403e+01 5.416528701782e+00 -1.793331146240e+00
G1-1 175 1 1.376200072483e+01 2.827342873977e+00 5.379416859584e+01 7.528995513916e+00 -2.728257179260e+00
G1-1 175 2 1.285506487416e+01 5.605546566833e+00 5.610898329106e+01 8.502105712891e+00 -2.996231079102e+00
G1-1 175 3 1.378812536319e+01 1.296174493404e+00 5.826516077830e+01 5.621464252472e+00 -1.805789709091e+00
G1-1 175 4 1.620916660465e+01 1.361720436685e+00 5.588904512288e+01 6.359887599945e+00 -2.109755754471e+00
G1-1 176 1 1.554661765804e+01 3.566709216810e+00 5.202431108249e+01 4.845495223999e+00 -1.564286470413e+00
G1-1 176 2 1.799378377361e+01 2.101086742680e+00 5.411918666648e+01 5.853300094604e+00 -1.937606215477e+00
G1-1 176 3 1.799378377361e+01 4.428180394662e+00 5.076792004643e+01 5.767624378204e+00 -1.917575001717e+00
G1-1 176 4 1.799378377361e+01 6.344912968606e+00 5.433912389161e+01 2.722862243652e+00 -7.879245281219e-01
G1-1 177 1 -7.873862889651e+00 4.770649497256e+00 7.650618664590e+01 8.618019104004e+00 -2.764438152313e+00
G1-1 177 2 -1.126183644264e+01 8.387231985223e+00 7.600778480598e+01 6.019685745239e+00 -1.791098833084e+00
G1-1 177 3 -1.034759978635e+01 3.399263189207e+00 7.710792301753e+01 8.553745269775e+00 -2.898771047592e+00
G1-1 177 4 -8.986871474619e+00 6.306547206633e+00 7.892568701253e+01 8.605080604553e+00 -2.790530443192e+00
G1-1 178 1 3.545033912668e+00 3.057427745328e+00 7.365631535672e+01 8.657792091370e+00 -2.685021877289e+00
G1-1 178 2 4.070614464229e+00 2.320056334927e+00 7.070883820323e+01 8.703795433044e+00 -2.593213081360e+00
G1-1 178 3 3.081152499457e+00 1.912457366114e-02 7.385815226663e+01 8.752566337585e+00 -2.495267391205e+00
G1-1 178 4 -5.366750962481e-01 1.676210793602e+00 7.121160017927e+01 8.715430259705e+00 -2.569552183151e+00
G1-1 179 1 1.240302514007e-01 2.763916047758e+00 8.084522141674e+01 8.635003089905e+00 -2.730185031891e+00
G1-1 179 2 1.697355346662e+00 -8.635191488883e-01 7.827708203435e+01 8.686736106873e+00 -2.627211809158e+00
G1-1 179 3 1.006445203023e+00 -3.663357209255e-03 8.173229240266e+01 8.624245643616e+00 -2.752775430679e+00
G1-1 179 4 -2.680955348091e+00 -1.210784338288e+00 8.055599221998e+01 8.683544158936e+00 -2.633287668228e+00
G1-1 180 1 2.120541501719e+00 5.077307310814e+00 7.546171951030e+01 8.640092849731e+00 -2.720045804977e+00
G1-1 180 2 2.263389959988e-01 6.336774663382e+00 7.313523094340e+01 8.649634361267e+00 -2.700823545456e+00
G1-1 180 3 -2.577813753013e+00 4.608284196475e+00 7.567028293691e+01 8.633223533630e+00 -2.733929634094e+00
G1-1 180 4 8.333500061426e-02 5.666439409468e+00 7.823169391651e+01 8.607385635376e+00 -2.785782575607e+00
G1-1 181 1 -6.336876834877e+00 1.847232380177e+00 7.522205243574e+01 8.723758697510e+00 -2.552882194519e+00
G1-1 181 2 -6.480713835460e+00 -1.069312866550e+00 7.749423421859e+01 8.780812263489e+00 -2.438770771027e+00
G1-1 181 3 -8.810613613699e+00 -3.311336390480e-03 7.397043456415e+01 8.928688049316e+00 -2.142978668213e+00
G1-1 181 4 -5.720230736411e+00 9.350385722602e-01 7.256877194559e+01 8.785391807556e+00 -2.429568052292e+00
G1-1 182 1 -1.464686119409e+00 3.459309417067e+00 8.243647219161e+01 8.081873893738e+00 -2.563143730164e+00
G1-1 182 2 -5.032555321890e+00 2.082214434610e+00 8.501773248074e+01 8.615450859070e+00 -2.769199132919e+00
G1-1 182 3 -4.269671689430e+00 -5.153909984487e-01 8.214724299485e+01 8.628447532654e+00 -2.744242668152e+00
G1-1 182 4 -5.822711677860e-01 6.917300121004e-01 8.332354317753e+01 8.604797363281e+00 -2.791889905930e+00
G1-1 183 1 1.440726959973e+00 -1.883376083875e+00 8.648009123061e+01 8.629043579102e+00 -2.716886997223e+00
G1-1 183 2 4.545794326434e-01 -1.977522392056e+00 9.211051711003e+01 8.520355224609e+00 -2.961575746536e+00
G1-1 183 3 -1.438310147902e+00 -5.616456113502e+00 8.790767610324e+01 8.647244453430e+00 -2.706137895584e+00
G1-1 183 4 2.832371431067e+00 -3.438425242572e+00 8.926768693062e+01 8.621990203857e+00 -2.756602287292e+00
G1-1 184 1 -1.199261382916e+00 -1.317084209619e+00 8.403881299125e+01 8.642475128174e+00 -2.715653419495e+00
G1-1 184 2 -5.649545537020e+00 7.340021289005e-02 8.573300229446e+01 8.629446983337e+00 -2.741276264191e+00
G1-1 184 3 -4.886661963500e+00 -2.524205190698e+00 8.286251280857e+01 8.664384841919e+00 -2.671979427338e+00
G1-1 184 4 -4.078298549731e+00 -5.050164180306e+00 8.546639974997e+01 8.670016288757e+00 -2.660758733749e+00
G1-1 185 1 8.836167534999e+00 1.518261127313e+00 7.724229553681e+01 4.061455726624e+00 4.144705772400e+00
G1-1 185 2 5.945953787685e+00 3.358670534966e+00 7.643199385249e+01 8.600164413452e+00 -2.801640033722e+00
G1-1 185 3 5.482072462885e+00 3.203674222400e-01 7.663382887630e+01 8.615030288696e+00 -2.772327184677e+00
G1-1 185 4 7.269151389221e+00 4.055334034110e+00 7.921177614358e+01 8.617750167847e+00 -2.765442609787e+00
G1-1 186 1 -3.775976665126e+00 -6.825432292501e-01 7.949035457393e+01 8.197984695435e+00 -2.373712539673e+00
G1-1 186 2 -3.632139782424e+00 2.234001943802e+00 7.721817090499e+01 8.325437545776e+00 -2.501538515091e+00
G1-1 186 3 -9.709911245748e-01 3.292157156796e+00 7.977958188460e+01 8.612710952759e+00 -2.775419950485e+00
G1-1 186 4 6.023340001572e-01 -3.352780398503e-01 7.721144250220e+01 8.684348106384e+00 -2.631869554520e+00
G1-1 187 1 1.000002469583e+01 -3.205630971875e+00 8.342189976114e+01 8.921593666077e+00 -2.158479928970e+00
G1-1 187 2 5.955019391666e+00 -1.387460871110e+00 8.253398072082e+01 8.629033088684e+00 -2.744735002518e+00
G1-1 187 3 1.000002469583e+01 -1.049422721955e+00 7.968723512693e+01 9.038788795471e+00 -1.923497676849e+00
G1-1 187 4 1.000002469583e+01 -3.684788752249e+00 8.156854363183e+01 9.034656524658e+00 -1.931962609291e+00
G1-1 188 1 4.680358586978e+00 -8.062098976338e-01 8.508997504445e+01 7.741713523865e+00 -2.407547235489e+00
G1-1 188 2 6.072003058073e+00 -2.361259085801e+00 8.787757074446e+01 6.941705226898e+00 -2.092658281326e+00
G1-1 188 3 8.725363891143e+00 -2.624380322571e+00 8.597789219867e+01 5.805585861206e+00 -1.607282042503e+00
G1-1 188 4 7.253836696777e+00 6.705171582883e-01 8.676155816721e+01 8.600804328918e+00 -2.798747539520e+00
G1-1 189 1 2.148715047742e+00 1.142173749884e+01 5.819049865602e+01 8.613207817078e+00 -2.776954412460e+00
G1-1 189 2 -2.241705850030e+00 9.642145759571e+00 5.735463791221e+01 8.586965560913e+00 -2.829442024231e+00
G1-1 189 3 3.269238985638e-01 5.023931009917e+00 5.652490165269e+01 8.218443870544e+00 -3.567719221115e+00
G1-1 189 4 3.007623351469e+00 7.655878964211e+00 6.018918571707e+01 8.647601127625e+00 -2.705918073654e+00
G1-1 190 1 -3.147461208330e+00 -3.512364457686e+00 4.293874557978e+01 6.098155975342e+00 -1.948373794556e+00
G1-1 190 2 -5.907141398857e+00 -1.686145588018e+00 4.018447458061e+01 7.861680507660e+00 -2.590532064438e+00
G1-1 190 3 -1.716821433111e+00 -1.744789368182e+00 4.023003119016e+01 7.420428276062e+00 -2.429371595383e+00
G1-1 190 4 -1.737829741736e+00 -5.394592429284e+00 3.972279082475e+01 5.771493434906e+00 -1.838205575943e+00
G1-1 191 1 1.219369750549e+00 -9.278757335931e-01 5.721815430616e+01 8.592749595642e+00 -2.814934730530e+00
G1-1 191 2 4.804554665699e+00 -2.580568282395e+00 6.086408956442e+01 8.585714340210e+00 -2.829688310623e+00
G1-1 191 3 4.847816478659e-01 -5.879191507480e-01 6.064155336198e+01 8.576166152954e+00 -2.849336147308e+00
G1-1 191 4 3.190649389139e+00 -5.227621980740e+00 5.855185202892e+01 5.865114212036e+00 -1.795258641243e+00
G1-1 192 1 -2.761728340504e+00 4.340682355956e-01 4.782888435933e+01 4.584759235382e+00 -1.292823553085e+00
G1-1 192 2 -4.106724555758e+00 7.083255767493e+00 5.039176607766e+01 8.271348953247e+00 -3.458318471909e+00
G1-1 192 3 -1.464051628245e+00 2.602045278391e+00 5.185415891457e+01 8.577597618103e+00 -2.845154523849e+00
G1-1 192 4 -1.385559624217e+00 6.099394046119e+00 4.838660651148e+01 8.466814041138e+00 -3.067873001099e+00
G1-1 193 1 -2.914124127940e+00 3.566421051727e+00 5.433626645362e+01 6.469011306763e+00 -2.031371116638e+00
G1-1 193 2 -6.257212525279e+00 3.398363566292e+00 5.404597101657e+01 4.891607284546e+00 -1.423731088638e+00
G1-1 193 3 -5.482753847063e+00 8.184635771912e+00 5.516600271315e+01 7.872545242310e+00 -4.262965679169e+00
G1-1 193 4 -5.556796985460e+00 8.047631570300e+00 5.287387361671e+01 7.731562137604e+00 -4.540287494659e+00
G1-1 194 1 4.735699723662e+00 5.783765295839e+00 4.760233097963e+01 8.421461105347e+00 -3.158423900604e+00
G1-1 194 2 1.511317984898e+00 3.875072778402e+00 5.156425056935e+01 7.646404743195e+00 -2.510593652725e+00
G1-1 194 3 3.975084837313e+00 8.399217234533e+00 4.910033377364e+01 7.758823871613e+00 -4.484275817871e+00
G1-1 194 4 1.589809959456e+00 7.372421428249e+00 4.809669628017e+01 8.349270820618e+00 -3.303578615189e+00
G1-1 195 1 4.128501124727e-02 -3.679249456260e+00 5.453080373301e+01 7.316303253174e+00 -2.365071773529e+00
G1-1 195 2 2.012564694043e+00 -7.978995703407e+00 5.586450145577e+01 5.168474674225e+00 -1.544352889061e+00
G1-1 195 3 -1.261494962232e+00 -9.254661260731e+00 5.496230179948e+01 5.090541839600e+00 -1.517602443695e+00
G1-1 195 4 3.822996215279e-01 -8.320205938648e+00 5.247218884914e+01 5.554530143738e+00 -1.710743069649e+00
G1-1 196 1 -9.487086736506e-01 -3.608835359839e-01 4.705648808042e+01 8.510695457458e+00 -2.979690074921e+00
G1-1 196 2 3.573349747903e+00 3.715786024248e+00 4.711984493203e+01 8.573728561401e+00 -2.853591680527e+00
G1-1 196 3 4.274599836965e-01 5.304442274539e+00 4.761421023257e+01 8.577058792114e+00 -2.846908807755e+00
G1-1 196 4 3.489679796678e-01 1.807093506811e+00 5.108176357871e+01 8.359160423279e+00 -3.282834529877e+00
G1-1 197 1 1.250685245967e+01 -1.380251156889e+01 1.464894310163e+02 6.204478263855e+00 -2.027930259705e+00
G1-1 197 2 1.110407516036e+01 -1.659231121011e+01 1.491712689662e+02 6.740002632141e+00 -2.219488620758e+00
G1-1 197 3 1.529670261817e+01 -1.659231121011e+01 1.491712689662e+02 7.246713161469e+00 -2.399631500244e+00
G1-1 197 4 1.110407516036e+01 -1.239968375229e+01 1.491712689662e+02 5.926713943481e+00 -1.926718592644e+00
G1-1 198 1 6.551992018174e+00 6.569776989161e+00 3.926322365842e+01 7.290676116943e+00 -2.357686042786e+00
G1-1 198 2 8.629031321179e+00 9.892524335526e+00 4.126609967431e+01 6.665066242218e+00 -2.119712829590e+00
G1-1 198 3 7.648603106818e+00 6.432874933369e+00 4.308797774094e+01 8.582612991333e+00 -2.835027933121e+00
G1-1 198 4 1.006025316198e+01 7.232302246125e+00 4.008013773859e+01 6.765356063843e+00 -2.173473358154e+00
G1-1 199 1 -1.196618627109e+01 7.557999292355e+00 1.243231688365e+00 3.039726257324e+00 -4.063854217529e+00
G1-1 199 2 -1.615881372891e+01 7.557999292355e+00 1.243231688365e+00 4.212499618530e+00 -5.753765106201e+00
G1-1 199 3 -1.196618627109e+01 3.365371834543e+00 1.243231688365e+00 2.715245008469e+00 -3.244857549667e+00
G1-1 199 4 -1.615881372891e+01 5.870688945065e+00 5.266413943695e+00 4.754120349884e+00 -1.718045830727e+00
G1-1 200 1 -3.348249805349e+00 -7.832662518843e+00 6.867611412241e+01 7.399369716644e+00 -2.342769145966e+00
G1-1 200 2 -7.362714312106e+00 -1.037936202602e+01 6.646348031066e+01 4.852063655853e+00 -1.365837454796e+00
G1-1 200 3 -5.922050899532e+00 -1.020833025797e+01 7.175625886497e+01 8.487088203430e+00 -2.740029811859e+00
G1-1 200 4 -7.215473894999e+00 -7.395236913929e+00 6.894631970612e+01 7.755480289459e+00 -2.481771707535e+00
G1-1 201 1 -1.206773104997e+00 -7.090457690844e+00 6.447709819642e+01 7.751966476440e+00 -2.494458436966e+00
G1-1 201 2 -2.578131646427e+00 -9.422132663815e+00 5.878039975780e+01 4.102643013000e+00 -1.086883902550e+00
G1-1 201 3 -5.263641341782e+00 -5.785888800085e+00 6.251771284287e+01 8.588450431824e+00 -2.823490619659e+00
G1-1 201 4 6.959280098481e-01 -8.146466752849e+00 5.968259941409e+01 4.035135746002e+00 -1.031480312347e+00
G1-1 202 1 2.461798289741e+00 -7.835971818373e+00 6.920447205359e+01 7.526264667511e+00 -2.389885187149e+00
G1-1 202 2 4.824344050234e+00 -1.016224180602e+01 6.804224624287e+01 6.216113090515e+00 -1.896952867508e+00
G1-1 202 3 6.154280930210e+00 -7.542893067640e+00 6.927273720266e+01 6.645519256592e+00 -2.054691314697e+00
G1-1 202 4 4.752990550678e+00 -1.029843035631e+01 7.314595130021e+01 5.895829200745e+00 -1.743023514748e+00
G1-1 203 1 1.309140201170e+00 -5.173982506327e+00 6.524006767618e+01 8.060562133789e+00 -2.596975088120e+00
G1-1 203 2 5.059735747414e-01 -1.590288974100e+00 6.253527022692e+01 8.456451416016e+00 -2.747006893158e+00
G1-1 203 3 4.825746563104e+00 -3.582938164687e+00 6.275780642936e+01 8.225194931030e+00 -2.664832592010e+00
G1-1 203 4 3.211841316015e+00 -6.229991745152e+00 6.044556889386e+01 8.202333450317e+00 -2.669333219528e+00
G1-1 204 1 7.769349323043e-01 -8.212448494527e+00 6.472343342515e+01 6.547289848328e+00 -2.037708044052e+00
G1-1 204 2 2.679636047149e+00 -9.268457674412e+00 5.992893464283e+01 5.250078201294e+00 -1.556080222130e+00
G1-1 204 3 3.139480751738e+00 -1.053871836429e+01 6.356120761443e+01 5.051919937134e+00 -1.451810717583e+00
G1-1 204 4 -5.944235796560e-01 -1.054412334962e+01 5.902673498654e+01 4.758676052094e+00 -1.367533683777e+00
G1-1 205 1 3.155694780613e+00 -1.223898716488e+01 6.224335241654e+01 4.258594512939e+00 -1.134525060654e+00
G1-1 205 2 2.695850076024e+00 -1.096872647500e+01 5.861107944493e+01 4.208065986633e+00 -1.128105044365e+00
G1-1 205 3 8.456186373980e-01 -1.541490246417e+01 5.914091121976e+01 4.459842681885e+00 -1.267072916031e+00
G1-1 205 4 -5.782095507817e-01 -1.224439191444e+01 5.770887978864e+01 3.940174102783e+00 -1.024387717247e+00
G1-1 206 1 6.613424907358e+00 -1.225266954779e+01 6.314103557679e+01 4.655028820038e+00 -1.326707839966e+00
G1-1 206 2 8.495976221956e+00 -1.542858484708e+01 6.003859532306e+01 3.901243448257e+00 -1.066115260124e+00
G1-1 206 3 6.153580202769e+00 -1.098240885791e+01 5.950876260519e+01 4.509145259857e+00 -1.287261605263e+00
G1-1 206 4 9.876342856149e+00 -1.230235141855e+01 6.151152867514e+01 5.283830165863e+00 -1.628187894821e+00
G1-1 207 1 7.337265084843e+00 -1.362661348842e+01 6.465882377857e+01 4.298044681549e+00 -1.169532418251e+00
G1-1 207 2 1.060018303363e+01 -1.367629535918e+01 6.302931687691e+01 4.798587322235e+00 -1.440603256226e+00
G1-1 207 3 9.219816399441e+00 -1.680252878772e+01 6.593821660337e+01 3.784925460815e+00 -9.800012111664e-01
G1-1 207 4 9.219816399441e+00 -1.680252878772e+01 6.155638352484e+01 3.516443729401e+00 -8.994427323341e-01
G1-1 208 1 1.085238074388e+01 -1.326485069531e+01 7.287360739166e+01 5.931091308594e+00 -1.839266896248e+00
G1-1 208 2 6.864193017056e+00 -1.294809098328e+01 7.402366082301e+01 5.573579788208e+00 -1.642071008682e+00
G1-1 208 3 6.935546575553e+00 -1.281190266874e+01 6.891995576567e+01 4.395680904388e+00 -1.159473657608e+00
G1-1 208 4 8.818097654389e+00 -1.598781796804e+01 7.019934859047e+01 3.990117549896e+00 -1.014672040939e+00
G1-1 209 1 -3.865039053071e+00 9.296469222422e+00 3.019724274084e+01 6.389174938202e+00 -2.046053409576e+00
G1-1 209 2 -1.359357619911e+00 1.038533770050e+01 3.285166076243e+01 5.691380023956e+00 -1.763647675514e+00
G1-1 209 3 -9.265764026105e-01 1.002015807470e+01 2.896100620543e+01 5.934282302856e+00 -1.885042905807e+00
G1-1 209 4 -3.502451030945e+00 1.165304026665e+01 3.276412669876e+01 7.085355281830e+00 -2.284127235413e+00
G1-1 210 1 -1.781633137967e+00 4.485283814626e+00 4.466259987923e+01 8.582757949829e+00 -2.834773778915e+00
G1-1 210 2 -3.157801782421e+00 -1.180042054838e+00 4.410487678403e+01 5.791760921478e+00 -1.828995823860e+00
G1-1 210 3 -5.917482002418e+00 6.461768148298e-01 4.135060578486e+01 7.011787891388e+00 -2.278867006302e+00
G1-1 210 4 -1.727162012727e+00 5.875330346656e-01 4.139616239441e+01 7.621894836426e+00 -2.496119260788e+00
G1-1 211 1 -4.466683282732e+00 8.313896040073e+00 3.714560407539e+01 8.222286224365e+00 -2.685026407242e+00
G1-1 211 2 -2.469215729213e+00 1.057660978916e+01 3.617408685771e+01 8.590983390808e+00 -2.818319082260e+00
G1-1 211 3 -4.612309221290e+00 1.184431259107e+01 3.608655373709e+01 4.570198059082e+00 -1.279400348663e+00
G1-1 211 4 -6.136224426809e+00 1.200424541483e+01 3.940909575340e+01 5.741122722626e+00 -1.742689609528e+00
G1-1 212 1 -7.105753878632e+00 1.085328357245e+01 4.162315379517e+01 8.537604331970e+00 -2.790261983871e+00
G1-1 212 2 -5.436212793496e+00 7.162934433452e+00 3.935966306021e+01 6.775956153870e+00 -2.163945436478e+00
G1-1 212 3 -3.456014230459e+00 8.613447737490e+00 4.373974579865e+01 7.846020698547e+00 -2.542772054672e+00
G1-1 212 4 -8.702033320571e+00 7.780961430987e+00 4.011385320900e+01 6.161845207214e+00 -1.940468430519e+00
G1-1 213 1 -8.852249320986e+00 5.902464953800e+00 3.974445455645e+01 6.683848857880e+00 -2.147897958755e+00
G1-1 213 2 -5.586428793910e+00 5.284437956265e+00 3.899026440765e+01 7.762097835541e+00 -2.533736467361e+00
G1-1 213 3 -3.606230230874e+00 6.734951260304e+00 4.337034714610e+01 8.584358215332e+00 -2.831625223160e+00
G1-1 213 4 -7.742079067696e+00 2.895844306094e+00 4.005835399477e+01 6.410132408142e+00 -2.051163196564e+00
G1-1 214 1 8.050689925864e+00 -1.203469320257e+01 1.246900333231e+02 5.849699020386e+00 -1.859419703484e+00
G1-1 214 2 1.108402946897e+01 -1.185611415919e+01 1.202645731034e+02 6.135865688324e+00 -1.955876946449e+00
G1-1 214 3 1.103323397181e+01 -8.765354118936e+00 1.207461247546e+02 5.328410625458e+00 -1.652420401573e+00
G1-1 214 4 1.128554547369e+01 -9.449108905043e+00 1.250774502765e+02 5.539559364319e+00 -1.743038654327e+00
G1-1 215 1 7.011550797890e+00 -1.089184915868e+01 1.247929427244e+02 5.543131351471e+00 -1.744560480118e+00
G1-1 215 2 6.682166233815e+00 -7.014949101552e+00 1.207005043232e+02 5.215574264526e+00 -1.607664346695e+00
G1-1 215 3 1.024640658147e+01 -8.306264743264e+00 1.251803596778e+02 6.116877079010e+00 -1.962442278862e+00
G1-1 215 4 9.994095079601e+00 -7.622510192918e+00 1.208490341559e+02 5.171598434448e+00 -1.593659758568e+00
G1-1 216 1 2.033019768499e+00 -1.376742273968e+01 1.285092708818e+02 4.882355690002e+00 -1.509424090385e+00
G1-1 216 2 -3.758895421634e+00 -1.306941193929e+01 1.290550615586e+02 5.929638385773e+00 -1.902776002884e+00
G1-1 216 3 -1.382465600562e-01 -1.593678970949e+01 1.303881041833e+02 5.245654106140e+00 -1.651314020157e+00
G1-1 216 4 -2.266475575502e-01 -1.186979544950e+01 1.304620210789e+02 5.429144859314e+00 -1.720456957817e+00
G1-1 217 1 1.991254498175e+00 -1.253961129966e+01 1.273739107562e+02 5.376325607300e+00 -1.688595771790e+00
G1-1 217 2 -3.151673085672e-01 -1.073569648667e+01 1.255786335227e+02 5.181475162506e+00 -1.607228636742e+00
G1-1 217 3 -3.800660691959e+00 -1.184160026351e+01 1.279196995469e+02 5.690346717834e+00 -1.809292554855e+00
G1-1 217 4 -2.684128794475e-01 -1.064198400948e+01 1.293266590672e+02 5.224821090698e+00 -1.635741591454e+00
G1-1 218 1 -3.044731454218e-01 -1.199246652042e+01 1.241470732783e+02 4.900966167450e+00 -1.494742035866e+00
G1-1 218 2 2.001948613431e+00 -1.379638133341e+01 1.259423523979e+02 5.716566562653e+00 -1.813789248466e+00
G1-1 218 3 -3.789966576702e+00 -1.309837053302e+01 1.264881393025e+02 5.295341014862e+00 -1.657112836838e+00
G1-1 218 4 -2.231116774009e-01 -1.596574830322e+01 1.232624725579e+02 5.777585983276e+00 -1.828528881073e+00
G1-1 219 1 2.330195510459e+00 -1.275586390978e+01 1.311438453620e+02 5.679860591888e+00 -1.815288662910e+00
G1-1 219 2 4.589862836509e+00 -1.465349119996e+01 1.291910951650e+02 4.958562850952e+00 -1.541615962982e+00
G1-1 219 3 7.072065622252e+00 -1.682285816977e+01 1.319433075812e+02 5.386468887329e+00 -1.708462595940e+00
G1-1 219 4 2.418596566893e+00 -1.682285816977e+01 1.310699284665e+02 5.442323684692e+00 -1.726988315582e+00
G1-1 220 1 8.763505291097e+00 -1.593422290136e+01 1.345669719289e+02 6.178555965424e+00 -2.004822969437e+00
G1-1 220 2 4.021635356125e+00 -1.186722840561e+01 1.337675134819e+02 5.023858070374e+00 -1.573206543922e+00
G1-1 220 3 6.536237325921e+00 -1.593422290136e+01 1.379557326759e+02 6.115121364594e+00 -1.984432935715e+00
G1-1 220 4 9.328716097887e+00 -1.088917129643e+01 1.360430033488e+02 4.995585441589e+00 -1.567314624786e+00
G1-1 221 1 6.435106130216e+00 -1.162512400327e+01 1.291863397950e+02 5.500221729279e+00 -1.742448687553e+00
G1-1 221 2 4.175438804166e+00 -9.727496477324e+00 1.311390862199e+02 5.386546611786e+00 -1.701047062874e+00
G1-1 221 3 9.482519310167e+00 -8.749439132382e+00 1.334145760868e+02 5.405160427094e+00 -1.715311527252e+00
G1-1 221 4 9.669962031681e+00 -9.039539469974e+00 1.295737567484e+02 5.053458213806e+00 -1.572471499443e+00
G1-1 222 1 1.261677811528e+01 1.462525139423e+01 8.660718369900e+01 4.379651069641e+00 -1.303455710411e+00
G1-1 222 2 1.211977005405e+01 1.777627893894e+01 8.909018763190e+01 4.206489086151e+00 -1.252114772797e+00
G1-1 222 3 1.631239751186e+01 1.777627893894e+01 8.909018763190e+01 6.574215412140e+00 -2.161814928055e+00
G1-1 222 4 1.631239751186e+01 1.777627893894e+01 8.470835625936e+01 5.626978397369e+00 -1.816490054131e+00
G1-1 223 1 -4.544340481370e+00 1.237548348929e+00 6.386355157372e+01 8.610154151917e+00 -2.780709743500e+00
G1-1 223 2 -7.798041944376e+00 -1.041576292538e+00 6.460896272638e+01 7.667047977448e+00 -2.396935939789e+00
G1-1 223 3 -5.629473897168e+00 1.235695649784e+00 6.722536705874e+01 8.651641845703e+00 -2.697324037552e+00
G1-1 223 4 -8.719857010216e+00 2.453554108934e+00 6.489236598614e+01 8.575634956360e+00 -2.854070663452e+00
G1-1 224 1 -8.195276635619e-01 2.579900531811e+00 6.527417431884e+01 8.682422637939e+00 -2.635318040848e+00
G1-1 224 2 2.828452396474e-01 5.218732092755e+00 6.875421735745e+01 8.609706878662e+00 -2.783378124237e+00
G1-1 224 3 -1.904661315121e+00 2.578047832666e+00 6.863598886081e+01 8.703525543213e+00 -2.593279123306e+00
G1-1 224 4 2.702628245356e+00 3.221893418196e+00 6.813322688477e+01 8.726980209351e+00 -2.546216011047e+00
G1-1 225 1 -7.710575766083e-01 4.058388392627e+00 6.354751618703e+01 8.607044219971e+00 -2.787889957428e+00
G1-1 225 2 3.313152971308e-01 6.697219924100e+00 6.702755733955e+01 7.619083404541e+00 -2.010755538940e+00
G1-1 225 3 2.644229890569e+00 6.350379631460e+00 6.378840119559e+01 8.633318901062e+00 -2.734876871109e+00
G1-1 225 4 -1.592470444477e+00 7.191024595491e+00 6.393991120313e+01 8.714102745056e+00 -2.572177886963e+00
G1-1 226 1 -6.285105789000e+00 -1.031435530687e+00 1.084619917454e+02 8.176355361938e+00 -2.709946870804e+00
G1-1 226 2 -1.109362259811e+01 2.300830284558e+00 1.062687219807e+02 5.361679077148e+00 -1.721247792244e+00
G1-1 226 3 -1.122189471816e+01 -1.598531190725e+00 1.045488898446e+02 5.738591194153e+00 -1.855214238167e+00
G1-1 226 4 -1.079063890149e+01 -3.500378042782e+00 1.092511016905e+02 8.184042930603e+00 -2.717229127884e+00
G1-1 227 1 -6.238706463631e+00 1.679947664597e-01 1.102087315093e+02 6.374209880829e+00 -2.062010526657e+00
G1-1 227 2 -1.104722327274e+01 3.500260581705e+00 1.080154617445e+02 7.021161556244e+00 -2.322907447815e+00
G1-1 227 3 -1.074423957612e+01 -2.300947745635e+00 1.109978395683e+02 6.536170482635e+00 -2.128745317459e+00
G1-1 227 4 -1.102534402179e+01 3.482337082263e+00 1.119481942286e+02 6.165984153748e+00 -2.014439821243e+00
G1-1 228 1 1.185757706601e+01 -2.695480743010e+00 1.030811107014e+02 5.905570507050e+00 -1.936817407608e+00
G1-1 228 2 1.362676656491e+01 -3.452504816139e+00 1.005381171701e+02 6.533550262451e+00 -2.318676233292e+00
G1-1 228 3 1.605356100326e+01 -4.401560391154e+00 1.018071118394e+02 4.902288913727e+00 -1.597597241402e+00
G1-1 228 4 1.395048266442e+01 -5.980745714297e+00 1.018842071641e+02 4.641481876373e+00 -1.507178664207e+00
G1-1 229 1 -4.962442675017e+00 -9.561747645473e+00 2.475018002290e+01 5.511333942413e+00 -1.804915904999e+00
G1-1 229 2 -2.792302778508e+00 -7.954551608847e+00 2.314202825350e+01 5.773201942444e+00 -1.900692224503e+00
G1-1 229 3 -6.284182998251e+00 -4.427768187557e+00 2.737682841059e+01 6.472805976868e+00 -2.129450798035e+00
G1-1 229 4 -2.452673510075e+00 -7.655048025195e+00 2.849560412112e+01 5.773685932159e+00 -1.882568955421e+00
G1-1 230 1 -7.093421087705e+00 -1.269280929675e+01 1.554442797880e+01 4.849115848541e+00 -1.597956180573e+00
G1-1 230 2 -8.741188942600e+00 -1.553986305661e+01 1.833988016384e+01 4.310242176056e+00 -1.400296211243e+00
G1-1 230 3 -7.231920775449e+00 -1.262585859810e+01 1.998647288153e+01 5.162498950958e+00 -1.699039816856e+00
G1-1 230 4 -9.847169298007e+00 -1.091269917397e+01 1.542335426026e+01 5.439226627350e+00 -1.802352905273e+00
G1-1 231 1 -2.896213657552e+00 -1.107128989412e+01 2.379526951568e+01 5.127349376678e+00 -1.673580408096e+00
G1-1 231 2 -7.260737021029e-01 -9.464093857498e+00 2.218711727476e+01 5.574442863464e+00 -1.836132645607e+00
G1-1 231 3 -3.864443747297e-01 -9.164590273847e+00 2.754069361390e+01 5.256261825562e+00 -1.701899528503e+00
G1-1 231 4 2.468503826488e+00 -1.082229226710e+01 2.333176159089e+01 5.223982334137e+00 -1.708979368210e+00
G1-1 232 1 -1.043399578478e+01 -1.278028555975e+01 2.769384579766e+01 5.076766967773e+00 -1.649111747742e+00
G1-1 232 2 -7.455080109542e+00 -1.305941021043e+01 2.595508935590e+01 4.682468414307e+00 -1.509845614433e+00
G1-1 232 3 -7.675071926179e+00 -1.309532862490e+01 3.014418410132e+01 4.617298603058e+00 -1.473303794861e+00
G1-1 232 4 -8.964348158812e+00 -1.597341466894e+01 2.869032839222e+01 4.273556709290e+00 -1.360641241074e+00
G1-1 233 1 -2.842571368024e+00 -1.256096952933e+01 2.212904423129e+01 4.838880062103e+00 -1.578694939613e+00
G1-1 233 2 -1.592119742178e-01 -1.547497422360e+01 2.048245104208e+01 4.260201454163e+00 -1.384337902069e+00
G1-1 233 3 -6.724314125754e-01 -1.095377349270e+01 2.052089199036e+01 5.323664665222e+00 -1.754161238670e+00
G1-1 233 4 2.522146116016e+00 -1.231197190231e+01 2.166553677802e+01 4.598050594330e+00 -1.490405678749e+00
G1-1 234 1 -5.456061167952e+00 -1.412268157225e+01 1.644568412899e+01 5.277198314667e+00 -1.754977941513e+00
G1-1 234 2 -2.911201623975e+00 -1.696973533210e+01 1.924113607827e+01 4.492645263672e+00 -1.476839423180e+00
G1-1 234 3 -5.594560973576e+00 -1.405573087359e+01 2.088772879596e+01 4.980900287628e+00 -1.637016892433e+00
G1-1 234 4 -7.103829081787e+00 -1.696973533210e+01 1.924113607827e+01 4.701928138733e+00 -1.547586202621e+00
G1-1 235 1 1.195948675590e+01 -5.315674592487e+00 9.883222757039e+01 7.339063167572e+00 -2.466021776199e+00
G1-1 235 2 1.228320309117e+01 -7.843915726406e+00 1.001783175644e+02 6.647119045258e+00 -2.210520267487e+00
G1-1 235 3 8.148968687365e+00 -8.632286435867e+00 9.943600277358e+01 8.245950698853e+00 -3.509558677673e+00
G1-1 235 4 1.103217969952e+01 -8.220437898636e+00 9.652006586115e+01 8.181966781616e+00 -3.637782096863e+00
G1-1 236 1 1.492339682819e+01 -4.584059411483e+00 9.903779103877e+01 6.064217090607e+00 -2.062509059906e+00
G1-1 236 2 1.524711269194e+01 -7.112300427522e+00 1.003838810328e+02 2.942322015762e+00 -8.839495778084e-01
G1-1 236 3 1.735019150230e+01 -7.488822835512e+00 9.672563121562e+01 5.274322986603e+00 -1.920637845993e+00
G1-1 236 4 1.735019150230e+01 -5.533115045438e+00 1.003067875942e+02 5.951566696167e+00 -2.279797554016e+00
G1-1 237 1 1.240690501863e+01 7.792000317989e-01 1.053571412318e+02 6.617011070251e+00 -2.183558464050e+00
G1-1 237 2 1.385067930250e+01 3.981647094939e+00 1.064883913022e+02 6.080972671509e+00 -1.993440508842e+00
G1-1 237 3 1.660288966316e+01 1.248580333658e+00 1.078322669283e+02 6.197307586670e+00 -2.037225008011e+00
G1-1 237 4 1.660288966316e+01 2.603307217991e+00 1.041022649298e+02 6.572995662689e+00 -2.174890518188e+00
G1-1 238 1 9.475523621928e+00 1.761605535473e+00 1.037841258421e+02 5.915224552155e+00 -1.915167331696e+00
G1-1 238 2 7.047904721551e+00 3.903092750613e+00 1.033829787654e+02 6.496602058411e+00 -2.121218204498e+00
G1-1 238 3 1.091929755216e+01 4.964052554408e+00 1.049153759125e+02 5.870536327362e+00 -1.908758640289e+00
G1-1 238 4 1.080896172643e+01 5.092736669711e+00 1.003151375829e+02 6.638349533081e+00 -2.185663938522e+00
G1-1 239 1 1.316799918364e+01 -6.270685549329e-01 9.761177285176e+01 7.736912727356e+00 -2.922513008118e+00
G1-1 239 2 1.559479409352e+01 7.323384367228e-01 9.553030648589e+01 6.928283214569e+00 -2.658225297928e+00
G1-1 239 3 1.067367586361e+01 3.484006585748e-01 9.630745900568e+01 6.861680984497e+00 -2.256314754486e+00
G1-1 239 4 1.273224767137e+01 3.461086711375e+00 9.668577812395e+01 5.228795051575e+00 -1.681816577911e+00
G1-1 240 1 -4.374285653546e+00 6.325467930051e+00 7.683800776645e+01 8.441605567932e+00 -2.679434061050e+00
G1-1 240 2 -3.585914885145e+00 1.023558831434e+01 7.939554463541e+01 7.737179756165e+00 -2.469828367233e+00
G1-1 240 3 -1.713136966227e+00 7.383623025164e+00 7.939942063214e+01 8.354849815369e+00 -2.684642553329e+00
G1-1 240 4 -3.473654010241e+00 1.016978453660e+01 7.531569639959e+01 6.921520709991e+00 -2.133939027786e+00
G1-1 241 1 -5.338141579513e+00 5.566842690042e+00 7.350466424785e+01 7.927412033081e+00 -2.418960332870e+00
G1-1 241 2 -2.533988985220e+00 7.295333274830e+00 7.096961225434e+01 8.622794151306e+00 -2.755318641663e+00
G1-1 241 3 -7.811878476216e+00 6.351664738537e+00 7.037173975745e+01 8.638523101807e+00 -2.723801136017e+00
G1-1 241 4 -4.437510083559e+00 9.411159296592e+00 7.198235288099e+01 7.332158565521e+00 -2.245167493820e+00
G1-1 242 1 -2.349696923643e+00 6.512217466062e+00 6.888261481278e+01 8.478710174561e+00 -2.418458223343e+00
G1-1 242 2 -4.537203390001e+00 3.871533294384e+00 6.876439197441e+01 8.437311172485e+00 -2.383789300919e+00
G1-1 242 3 -7.627586473579e+00 5.568549342352e+00 6.828474231589e+01 8.882788658142e+00 -2.234524250031e+00
G1-1 242 4 -4.273482694721e+00 7.006022255333e+00 6.579497056245e+01 8.738142967224e+00 -2.524166584015e+00
G1-1 243 1 4.999665279166e+00 8.973367947067e+00 7.335406499532e+01 7.743519783020e+00 -2.388474464417e+00
G1-1 243 2 2.620131079855e+00 7.054086146873e+00 7.123873977537e+01 8.640678405762e+00 -2.719333410263e+00
G1-1 243 3 5.039914144505e+00 5.057247472314e+00 7.061775118878e+01 8.686290740967e+00 -2.628270626068e+00
G1-1 243 4 4.514333592944e+00 5.794618912186e+00 7.356522834228e+01 8.660210609436e+00 -2.679864168167e+00
G1-1 244 1 -3.183357863593e+00 4.400019965719e+00 3.963771074242e+00 2.889393091202e+00 -3.435340166092e+00
G1-1 244 2 -2.730979021268e+00 2.028448898642e+00 9.357194207685e-01 1.334109187126e+00 -3.917090177536e+00
G1-1 244 3 -6.923606508550e+00 2.028448898642e+00 9.357194207685e-01 1.657115459442e+00 -3.982749223709e+00
G1-1 244 4 -6.923606508550e+00 6.221076297514e+00 9.357194207685e-01 1.965881466866e+00 -4.239557266235e+00
G1-1 245 1 6.668355840717e+00 5.747925398728e+00 6.907327049783e+01 8.716403007507e+00 -2.567385196686e+00
G1-1 245 2 6.628107093260e+00 9.664045991362e+00 7.180958241829e+01 8.615652084351e+00 -2.769476890564e+00
G1-1 245 3 9.032989272232e+00 6.801096008517e+00 6.909638470145e+01 6.159601688385e+00 -1.002515316010e+00
G1-1 245 4 6.628107093260e+00 9.664045991362e+00 6.762057164757e+01 6.178036212921e+00 -1.620300650597e+00
G1-1 246 1 6.225701282167e-01 1.027340402902e+01 7.123988462631e+01 8.597956657410e+00 -2.805665016174e+00
G1-1 246 2 -1.280950992225e+00 1.238923028654e+01 7.225262525296e+01 8.410390853882e+00 -2.701623678207e+00
G1-1 246 3 3.002104275955e+00 1.219268594710e+01 7.335520984626e+01 6.209183692932e+00 -1.865979790688e+00
G1-1 246 4 3.758335276553e-01 1.531920337702e+01 7.193635467632e+01 5.440474510193e+00 -1.575012445450e+00
G1-1 247 1 2.749520246647e+00 7.336103381490e+00 6.822438545729e+01 8.691917419434e+00 -2.616595268250e+00
G1-1 247 2 5.169303311296e+00 5.339264706931e+00 6.760339687070e+01 8.745531082153e+00 -2.509423255920e+00
G1-1 247 3 5.062434899026e+00 6.989263088850e+00 6.498522931333e+01 8.740021705627e+00 -2.520534038544e+00
G1-1 247 4 5.129054445958e+00 9.255385063803e+00 6.615069990653e+01 7.105620861053e+00 -1.966765046120e+00
G1-1 248 1 1.132118497974e+01 1.462525139423e+01 8.525312457286e+01 4.535564899445e+00 -1.341226339340e+00
G1-1 248 2 1.082417691850e+01 1.777627893894e+01 8.773612661968e+01 3.870714902878e+00 -1.087452888489e+00
G1-1 248 3 1.501680437631e+01 1.777627893894e+01 8.335429713323e+01 5.242010593414e+00 -1.663401961327e+00
G1-1 248 4 1.082417691850e+01 1.777627893894e+01 8.335429713323e+01 3.765370368958e+00 -1.013311505318e+00
G1-1 249 1 -2.610749938518e+00 1.194873332004e+01 6.929075556165e+01 7.101140499115e+00 -2.183863162994e+00
G1-1 249 2 -2.631014581786e+00 1.032671185178e+01 6.519036974163e+01 8.669816970825e+00 -2.660619497299e+00
G1-1 249 3 -9.539654481076e-01 1.487870664627e+01 6.459265266943e+01 5.283767223358e+00 -1.515252590179e+00
G1-1 249 4 -7.072288180760e-01 9.832907298273e+00 6.827801493500e+01 8.634148597717e+00 -2.732196331024e+00
G1-1 250 1 1.392955862679e+01 9.978229860997e+00 6.920293880692e+01 3.606552362442e+00 -9.552108645439e-01
G1-1 250 2 1.346615012062e+01 6.962171183049e+00 6.970824306005e+01 2.165959358215e+00 1.383669734001e+00
G1-1 250 3 1.682025208687e+01 6.962171183049e+00 6.970824306005e+01 6.877051830292e+00 -2.772077322006e+00
G1-1 250 4 1.682025208687e+01 9.140090965654e+00 7.340784100317e+01 8.128344535828e+00 -3.159014225006e+00
G1-1 251 1 -1.984067545084e+00 1.136281197291e+01 7.926584192938e+01 6.262766838074e+00 -1.912735700607e+00
G1-1 251 2 -1.112896261658e-01 8.510846683735e+00 7.926971792612e+01 7.349902153015e+00 -2.314686059952e+00
G1-1 251 3 -1.871806729120e+00 1.129700831305e+01 7.518599369357e+01 6.824399471283e+00 -2.110018730164e+00
G1-1 251 4 2.411248568530e+00 1.110046397360e+01 7.628857828687e+01 7.319482326508e+00 -2.294781684875e+00
G1-1 252 1 1.295769132559e+01 -1.121453200442e+01 1.200446765341e+02 6.037690639496e+00 -1.918814778328e+00
G1-1 252 2 1.290689582844e+01 -8.123772082050e+00 1.205262281853e+02 5.086810112000e+00 -1.557380437851e+00
G1-1 252 3 1.315920733031e+01 -8.807526750276e+00 1.248575537072e+02 5.164867877960e+00 -1.597257614136e+00
G1-1 252 4 1.598764941672e+01 -9.316907581832e+00 1.237585365075e+02 5.080265045166e+00 -1.560889601707e+00
G1-1 253 1 -6.575556650706e+00 1.407337899167e+01 8.364748750381e+01 4.541408061981e+00 -1.257827401161e+00
G1-1 253 2 -8.999138529545e+00 1.693754842229e+01 8.363319970369e+01 3.518143653870e+00 -8.382873535156e-01
G1-1 253 3 -1.020640787498e+01 1.393650207664e+01 8.642028702032e+01 4.671045780182e+00 -1.376056313515e+00
G1-1 253 4 -8.999138529545e+00 1.693754842229e+01 8.801502919014e+01 3.423135757446e+00 -8.386497497559e-01
G1-1 254 1 -6.955820350518e+00 1.147884173489e+01 8.131526480065e+01 6.868050098419e+00 -2.167193412781e+00
G1-1 254 2 -1.113216437720e+01 1.118530360281e+01 7.825932797786e+01 5.773511886597e+00 -1.778960585594e+00
G1-1 254 3 -8.857199762828e+00 9.104619059979e+00 8.117723018441e+01 5.979506969452e+00 -1.836284995079e+00
G1-1 254 4 -1.058667204632e+01 1.134196481985e+01 8.408806808933e+01 5.713030338287e+00 -1.768300056458e+00
G1-1 255 1 -3.970879598499e+00 1.024628495068e+01 8.287956277163e+01 5.602690219879e+00 -1.665760874748e+00
G1-1 255 2 -2.098101679581e+00 7.394319661504e+00 8.288343876837e+01 8.575434684753e+00 -2.785578489304e+00
G1-1 255 3 -3.991382119978e+00 8.679197770781e+00 8.765472781194e+01 5.540144920349e+00 -1.678314328194e+00
G1-1 255 4 -5.872259010809e+00 7.872062393649e+00 8.274152815539e+01 6.433589935303e+00 -1.986182212830e+00
G1-1 256 1 4.900732177199e+00 8.070526583470e+00 8.926873899472e+01 5.097094058990e+00 -1.520265698433e+00
G1-1 256 2 7.818416065421e+00 9.330512555320e+00 8.622751458208e+01 6.152115345001e+00 -1.921875476837e+00
G1-1 256 3 6.688406065623e+00 5.474552913310e+00 8.690550693409e+01 8.131906509399e+00 -2.646492004395e+00
G1-1 256 4 3.232512768440e+00 6.765405262354e+00 8.434685093931e+01 7.901315212250e+00 -2.548538684845e+00
G1-1 257 1 -2.291586091017e-02 1.129450230841e+01 8.110893914390e+01 7.162852287292e+00 -2.267262935638e+00
G1-1 257 2 6.435765119228e+00 1.100764443009e+01 8.299347878341e+01 4.685792922974e+00 -1.315095305443e+00
G1-1 257 3 1.849861999068e+00 8.442537255002e+00 8.111281514064e+01 7.611200809479e+00 -2.422340154648e+00
G1-1 257 4 4.372400193763e+00 1.103215430911e+01 7.813167550139e+01 7.287147998810e+00 -2.299297094345e+00
G1-1 258 1 -2.321147898745e+00 1.226834169315e+01 8.579281005494e+01 5.011596202850e+00 -1.454667329788e+00
G1-1 258 2 -2.341650420224e+00 1.070125439537e+01 9.056797320916e+01 4.435519218445e+00 -1.242658615112e+00
G1-1 258 3 1.219849252112e+00 1.072149760721e+01 9.071857410708e+01 4.258285522461e+00 -1.165041446686e+00
G1-1 258 4 -5.521025555334e-01 1.513251088801e+01 9.016035362735e+01 4.313426971436e+00 -1.202371001244e+00
G1-1 259 1 -8.256546169289e+00 1.556821470533e+01 8.949505034593e+01 4.278294086456e+00 -1.218399167061e+00
G1-1 259 2 -5.832964290450e+00 1.270404551047e+01 8.512750865960e+01 4.989729881287e+00 -1.452675461769e+00
G1-1 259 3 -5.853466811929e+00 1.113695821269e+01 8.990266992774e+01 4.407666683197e+00 -1.244081497192e+00
G1-1 259 4 -9.463815750487e+00 1.256716859544e+01 8.790030817611e+01 5.613187313080e+00 -1.748032808304e+00
G1-1 260 1 -4.996534781794e+00 5.612127333542e+00 7.805609516356e+01 8.586357116699e+00 -2.829179286957e+00
G1-1 260 2 -2.335386035534e+00 6.670282546536e+00 8.061750802925e+01 8.338209152222e+00 -2.687153816223e+00
G1-1 260 3 -4.208163954452e+00 9.522247717828e+00 8.061363203251e+01 4.894232273102e+00 -1.337883472443e+00
G1-1 260 4 -6.109543366762e+00 7.148025278681e+00 8.047559741628e+01 5.937379360199e+00 -1.768710851669e+00
G1-1 261 1 2.970486960031e+00 2.349935058927e+00 8.492688490878e+01 4.571926116943e+00 -1.139018416405e+00
G1-1 261 2 2.088072008408e+00 5.117514463894e+00 8.403981392286e+01 8.599459648132e+00 -2.801237344742e+00
G1-1 261 3 3.756291299287e+00 6.422635667128e+00 8.896170197826e+01 8.585167884827e+00 -2.830092668533e+00
G1-1 261 4 5.543965187710e+00 3.826662114849e+00 8.659846991763e+01 8.413504600525e+00 -2.735028505325e+00
G1-1 262 1 1.999014678595e+00 5.695613024112e+00 3.963771074242e+00 2.909337997437e+00 -3.392935037613e+00
G1-1 262 2 2.451393520920e+00 7.516669414847e+00 9.357194207685e-01 1.940306186676e+00 -4.168867111206e+00
G1-1 262 3 6.644020949262e+00 7.516669414847e+00 9.357194207685e-01 2.118252277374e+00 -4.061554908752e+00
G1-1 262 4 6.644020949262e+00 3.324042015975e+00 9.357194207685e-01 1.732169985771e+00 -4.008561134338e+00
G1-1 263 1 -2.289092759799e+00 1.050195899545e+01 8.444436261625e+01 5.622727394104e+00 -1.687029600143e+00
G1-1 263 2 -4.163148703514e-01 7.649993706278e+00 8.444823861299e+01 7.096332550049e+00 -2.241339445114e+00
G1-1 263 3 1.251904361587e+00 8.955115027394e+00 8.937012666839e+01 5.411413669586e+00 -1.645259380341e+00
G1-1 263 4 -2.309595281279e+00 8.934871815555e+00 8.921952765657e+01 5.807161331177e+00 -1.796323657036e+00
G1-1 264 1 -5.671594853788e+00 1.108529355382e+01 8.373520901266e+01 4.932590484619e+00 -1.410318493843e+00
G1-1 264 2 -7.572974266098e+00 8.711070878915e+00 8.359717439642e+01 7.698330402374e+00 -2.488790750504e+00
G1-1 264 3 -5.692097375267e+00 9.518206256047e+00 8.851037216688e+01 5.065118312836e+00 -1.506123304367e+00
G1-1 264 4 -9.302446549586e+00 1.094841663879e+01 8.650801041525e+01 5.077387332916e+00 -1.526750326157e+00
G1-1 265 1 9.758614649033e+00 -6.304861258428e+00 1.420945179786e+02 5.161162853241e+00 -1.635913610458e+00
G1-1 265 2 1.525687373057e+01 -6.562370872499e+00 1.411707273828e+02 5.001760959625e+00 -1.575830817223e+00
G1-1 265 3 1.246702357207e+01 -9.759437062741e+00 1.424663778794e+02 5.383362770081e+00 -1.722301363945e+00
G1-1 265 4 1.224098915841e+01 -7.504184745388e+00 1.391605795180e+02 5.267590522766e+00 -1.675187468529e+00
G1-1 266 1 1.066088908182e+01 5.707459154269e-01 1.440173581998e+02 4.427290439606e+00 -1.355670332909e+00
G1-1 266 2 7.736576307457e+00 -1.855274942565e+00 1.441272236003e+02 4.580497264862e+00 -1.415052413940e+00
G1-1 266 3 9.042207695419e+00 2.856046601411e-01 1.471809289954e+02 4.692042350769e+00 -1.461087346077e+00
G1-1 266 4 7.652220397512e+00 3.065579072998e+00 1.442755115435e+02 4.810500621796e+00 -1.514757156372e+00
G1-1 267 1 -4.243791245330e+00 -4.097951302951e+00 1.379002949209e+02 5.200817584991e+00 -1.647496700287e+00
G1-1 267 2 -7.418402884369e-01 -2.720966519907e+00 1.384834580594e+02 5.331939220428e+00 -1.699256300926e+00
G1-1 267 3 -6.403958267334e+00 -1.974229900084e+00 1.401021674250e+02 4.908324241638e+00 -1.541341066360e+00
G1-1 267 4 -4.557020077439e+00 -5.886547382610e+00 1.411802783252e+02 4.965084552765e+00 -1.560441732407e+00
G1-1 268 1 5.096950351895e+00 -2.157315481131e+00 1.433538827081e+02 4.683096885681e+00 -1.454954981804e+00
G1-1 268 2 3.671881497759e+00 -7.087184627361e-01 1.407414336107e+02 5.226388931274e+00 -1.662273764610e+00
G1-1 268 3 2.209954458865e+00 -1.643590789492e-02 1.464075881032e+02 4.645292282104e+00 -1.446834683418e+00
G1-1 268 4 5.012594383009e+00 2.763538534432e+00 1.435021706513e+02 4.797627925873e+00 -1.510744452477e+00
G1-1 269 1 3.249091733006e+00 -2.243579965869e+00 1.342366243794e+02 5.003248214722e+00 -1.572198987007e+00
G1-1 269 2 1.961154357289e+00 -1.860608435044e+00 1.291707580578e+02 4.738263130188e+00 -1.462446689606e+00
G1-1 269 3 5.872345499325e+00 -1.251547272967e+00 1.318887939467e+02 5.097761631012e+00 -1.606668472290e+00
G1-1 269 4 1.849454516837e+00 -5.869557926679e+00 1.316396451493e+02 5.459281444550e+00 -1.733398079872e+00
G1-1 270 1 1.264529859174e+01 1.549118376556e+01 1.441623818894e+02 6.328588962555e+00 -2.102366209030e+00
G1-1 270 2 1.532938519868e+01 1.798069772461e+01 1.421712659875e+02 6.666235446930e+00 -2.294632911682e+00
G1-1 270 3 1.113675774087e+01 1.798069772461e+01 1.421712659875e+02 6.376593112946e+00 -2.162141799927e+00
G1-1 270 4 1.113675774087e+01 1.798069772461e+01 1.465530969998e+02 6.421768188477e+00 -2.232598304749e+00
G1-1 271 1 7.963731929782e+00 -8.154904239077e+00 1.420644139949e+02 5.225343227386e+00 -1.660514354706e+00
G1-1 271 2 1.067214085282e+01 -1.160948004339e+01 1.424362738957e+02 5.485427856445e+00 -1.760116457939e+00
G1-1 271 3 7.653628020830e+00 -1.439927944885e+01 1.410432048613e+02 5.504076004028e+00 -1.765130639076e+00
G1-1 271 4 1.044610643915e+01 -9.354227961798e+00 1.391304755342e+02 5.377861022949e+00 -1.716208696365e+00
G1-1 272 1 1.018731571878e+01 1.111014926696e+00 1.407336119661e+02 4.922077655792e+00 -1.547470331192e+00
G1-1 272 2 5.837933972396e+00 1.335910944668e-01 1.382310282692e+02 5.156739234924e+00 -1.634545445442e+00
G1-1 272 3 7.178647152348e+00 3.605848099003e+00 1.409917615376e+02 5.021698951721e+00 -1.595319271088e+00
G1-1 272 4 8.461187709245e+00 1.125623853677e+00 1.358831978365e+02 5.123345375061e+00 -1.620554089546e+00
G1-1 273 1 7.477806340864e+00 -2.188144483472e+00 1.333548883578e+02 5.125905036926e+00 -1.614118099213e+00
G1-1 273 2 3.454915490992e+00 -6.806155085612e+00 1.331057357882e+02 5.517513751984e+00 -1.755405426025e+00
G1-1 273 3 8.761996085404e+00 -5.828097917490e+00 1.353812256551e+02 5.942472934723e+00 -1.916789412498e+00
G1-1 273 4 4.854552751366e+00 -3.180177183742e+00 1.357027150183e+02 4.531149387360e+00 -1.387534499168e+00
G1-1 274 1 4.964296425365e+00 4.934626828039e+00 1.461967616486e+02 5.396504878998e+00 -1.743467211723e+00
G1-1 274 2 2.161656501221e+00 6.347279858259e+00 1.491021791005e+02 5.063893318176e+00 -1.630336761475e+00
G1-1 274 3 2.161656501221e+00 2.154652459387e+00 1.491021791005e+02 4.744283676147e+00 -1.491124987602e+00
G1-1 274 4 6.354283959033e+00 2.154652459387e+00 1.491021791005e+02 4.942011356354e+00 -1.563513875008e+00
G1-1 275 1 -5.671634190200e+00 -1.152797489691e+01 1.461130836286e+02 5.404033184052e+00 -1.730057239532e+00
G1-1 275 2 -3.318381381151e+00 -1.605536617397e+01 1.490824216274e+02 5.321817874908e+00 -1.696254134178e+00
G1-1 275 3 -7.511008897903e+00 -1.186273871615e+01 1.490824216274e+02 5.499203205109e+00 -1.767861604691e+00
G1-1 275 4 -7.511008897903e+00 -1.605536617397e+01 1.490824216274e+02 5.729472160339e+00 -1.853662252426e+00
G1-1 276 1 -1.236647586886e+01 -1.062782912769e+01 1.452218856198e+02 5.696196079254e+00 -1.843250155449e+00
G1-1 276 2 -1.482934680603e+01 -7.424517519002e+00 1.432341983864e+02 5.122459411621e+00 -1.625535368919e+00
G1-1 276 3 -1.063671934822e+01 -9.177825913011e+00 1.472282113589e+02 5.439723491669e+00 -1.747530698776e+00
G1-1 276 4 -8.797344699456e+00 -8.843062093769e+00 1.442588809044e+02 5.042839050293e+00 -1.595994353294e+00
G1-1 277 1 5.503430680149e+00 -1.355696368533e+01 1.385112009178e+02 4.906521320343e+00 -1.536594033241e+00
G1-1 277 2 2.988828621942e+00 -9.489969189583e+00 1.343229741795e+02 5.230360507965e+00 -1.651360273361e+00
G1-1 277 3 4.388465882316e+00 -5.863991324551e+00 1.369199571818e+02 5.746774196625e+00 -1.848520398140e+00
G1-1 277 4 8.295909452115e+00 -8.511912080401e+00 1.365984678185e+02 5.139958381653e+00 -1.621338367462e+00
G1-1 278 1 -3.021657708997e+00 -1.282356803246e+01 1.436060234260e+02 5.155991077423e+00 -1.634384870529e+00
G1-1 278 2 -3.055048090230e+00 -1.735095930951e+01 1.425372309733e+02 5.610394477844e+00 -1.798984527588e+00
G1-1 278 3 1.908486671547e+00 -1.735095930951e+01 1.425004468961e+02 5.636733531952e+00 -1.808372139931e+00
G1-1 278 4 -6.684050178283e-01 -1.735095930951e+01 1.465753538804e+02 5.723042011261e+00 -1.840861558914e+00
G1-1 279 1 -1.010453243174e+01 -1.929109222011e+00 1.465974719462e+02 4.675899982452e+00 -1.453711509705e+00
G1-1 279 2 -8.265157782982e+00 -5.786972654290e+00 1.436281377196e+02 4.998367786407e+00 -1.575396895409e+00
G1-1 279 3 -1.429715988956e+01 -4.368428492105e+00 1.426034552016e+02 5.103203296661e+00 -1.613993167877e+00
G1-1 279 4 -1.011209591394e+01 -1.874655157029e+00 1.425500305916e+02 4.718189716339e+00 -1.468835353851e+00
G1-1 280 1 -5.673971434734e+00 -5.033181486185e+00 1.448623554662e+02 4.759325981140e+00 -1.485827326775e+00
G1-1 280 2 -3.320718625685e+00 -1.175318112846e+00 1.478316934651e+02 4.620852470398e+00 -1.437338471413e+00
G1-1 280 3 -7.520909624629e+00 -1.120864018394e+00 1.437842521104e+02 4.834826946259e+00 -1.516858100891e+00
G1-1 280 4 -7.513346142437e+00 -1.175318112846e+00 1.478316934651e+02 4.655352115631e+00 -1.448742151260e+00
G1-1 281 1 4.462799362048e+00 1.686746470787e+00 1.374111438684e+02 4.834764480591e+00 -1.520007133484e+00
G1-1 281 2 5.803512306239e+00 5.159003416382e+00 1.401718771368e+02 5.158171653748e+00 -1.654132127762e+00
G1-1 281 3 7.086052981017e+00 2.678779171056e+00 1.350633134357e+02 5.043097496033e+00 -1.598342061043e+00
G1-1 281 4 4.362151656619e+00 7.690286617987e+00 1.372605259107e+02 5.695245742798e+00 -1.858658194542e+00
G1-1 282 1 2.569977848225e+00 -8.790899352543e+00 1.296729955810e+02 5.364613533020e+00 -1.688898324966e+00
G1-1 282 2 8.064501090475e+00 -8.102942345192e+00 1.281076661095e+02 5.579481601715e+00 -1.767770886421e+00
G1-1 282 3 4.829645306890e+00 -1.068852687848e+01 1.277202453839e+02 6.813682079315e+00 -2.219192981720e+00
G1-1 282 4 2.681677659207e+00 -4.781949794600e+00 1.272041084896e+02 4.843095779419e+00 -1.490520477295e+00
G1-1 283 1 -1.455674241117e+00 -4.083865864233e+00 1.284787839572e+02 5.589645385742e+00 -1.779577255249e+00
G1-1 283 2 -3.669687616003e+00 -5.843821912870e+00 1.329614833681e+02 5.280869483948e+00 -1.669292330742e+00
G1-1 283 3 -5.099621842508e+00 -9.292431911970e+00 1.295407115284e+02 5.503168106079e+00 -1.742920279503e+00
G1-1 283 4 -1.567374052099e+00 -8.092815186415e+00 1.309476710486e+02 5.342893600464e+00 -1.685962200165e+00
G1-1 284 1 -8.204715354575e-01 -4.807801749731e+00 1.266982775556e+02 5.832710742950e+00 -1.864982485771e+00
G1-1 284 2 -4.464419177370e+00 -1.001636779747e+01 1.277602051268e+02 5.291534423828e+00 -1.655766010284e+00
G1-1 284 3 -9.789258123967e-01 -8.910463784867e+00 1.254191372165e+02 5.283381938934e+00 -1.647502660751e+00
G1-1 284 4 -9.321713795932e-01 -8.816751307674e+00 1.291671646470e+02 5.086720466614e+00 -1.582727074623e+00
G1-1 285 1 1.239031588705e+01 -1.494313038456e+01 1.152461549089e+02 5.519323348999e+00 -1.750782251358e+00
G1-1 285 2 1.206617201193e+01 -1.729107639775e+01 1.122118056138e+02 2.659259319305e+00 -5.418240427971e-01
G1-1 285 3 1.355858600078e+01 -1.491784769457e+01 1.122336865707e+02 3.496826648712e+00 -9.424442052841e-01
G1-1 285 4 1.289080225990e+01 -1.729107639775e+01 1.147729250501e+02 6.220109462738e+00 -2.035529136658e+00
G1-1 286 1 1.040497620591e+01 -1.254783365527e+01 1.148572668599e+02 3.818654775620e+00 -1.001066803932e+00
G1-1 286 2 9.620123971560e+00 -9.560750983316e+00 1.111271625024e+02 8.167905807495e+00 -2.682345390320e+00
G1-1 286 3 9.071384989300e+00 -1.251946995730e+01 1.112048310379e+02 5.530622005463e+00 -1.694604873657e+00
G1-1 286 4 7.443337983864e+00 -1.248254434973e+01 1.144612873903e+02 5.215278148651e+00 -1.572125196457e+00
G1-1 287 1 1.302959914950e+01 -1.198224549652e+01 1.149938581478e+02 4.894119262695e+00 -1.460680961609e+00
G1-1 287 2 1.605955724063e+01 -1.008359395339e+01 1.143999298870e+02 3.593741416931e+00 -8.798257708549e-01
G1-1 287 3 1.419786926323e+01 -1.195696280653e+01 1.119813898096e+02 4.217980861664e+00 -1.190332651138e+00
G1-1 287 4 1.224474715091e+01 -8.995163060331e+00 1.112637519041e+02 6.815695762634e+00 -2.194642305374e+00
G1-1 288 1 1.400208361873e+01 -1.436422757221e+01 1.173590471634e+02 4.375343322754e+00 -1.302700877190e+00
G1-1 288 2 1.703204170986e+01 -1.246557602908e+01 1.167651189026e+02 3.734428167343e+00 -1.003882884979e+00
G1-1 288 3 1.703204170986e+01 -1.671217358540e+01 1.187436207553e+02 5.445708751678e+00 -1.749461412430e+00
G1-1 288 4 1.450256999158e+01 -1.671217358540e+01 1.168858173046e+02 5.081815242767e+00 -1.619491219521e+00
G1-1 289 1 1.543887853399e+01 -1.743772895966e+01 1.159481530400e+02 4.466114521027e+00 -1.415048003197e+00
G1-1 289 2 1.796835025226e+01 -1.319113116758e+01 1.158274527519e+02 5.539435386658e+00 -1.737925410271e+00
G1-1 289 3 1.796835025226e+01 -1.743772895966e+01 1.178059564907e+02 5.293874263763e+00 -1.706972479820e+00
G1-1 289 4 1.796835025226e+01 -1.743772895966e+01 1.133870336036e+02 3.658184289932e+00 -1.136361360550e+00
G1-1 290 1 8.956043909867e+00 -1.660834286728e+01 1.224798051015e+02 5.561145305634e+00 -1.761261343956e+00
G1-1 290 2 6.885313741453e+00 -1.419510802007e+01 1.190482157943e+02 5.353727340698e+00 -1.657861828804e+00
G1-1 290 3 6.813612302516e+00 -1.443897589747e+01 1.238696554835e+02 5.123185634613e+00 -1.587880730629e+00
G1-1 290 4 9.846952081381e+00 -1.426039685409e+01 1.194441952639e+02 6.414996147156e+00 -2.069985389709e+00
G1-1 291 1 -1.337841294779e+01 3.680719179441e+00 1.081053816978e+02 7.513927936554e+00 -2.581710577011e+00
G1-1 291 2 -1.335653369684e+01 3.662795679999e+00 1.120381160679e+02 6.442806720734e+00 -2.121544361115e+00
G1-1 291 3 -1.611378377141e+01 9.324298330497e-01 1.105896465333e+02 5.683320522308e+00 -1.847089886665e+00
G1-1 291 4 -1.307542901541e+01 -2.120489147899e+00 1.110877632937e+02 6.273183822632e+00 -2.040398836136e+00
G1-1 292 1 -6.860102667201e+00 3.960185975104e+00 1.018754404337e+02 6.506017208099e+00 -2.128736495972e+00
G1-1 292 2 -8.573967372862e+00 2.037143841402e+00 9.842927824682e+01 5.386468887329e+00 -1.722260832787e+00
G1-1 292 3 -1.075971454339e+01 5.059805519694e+00 1.025316439519e+02 7.030952930450e+00 -2.331491231918e+00
G1-1 292 4 -1.078129652655e+01 5.077482350071e+00 9.865260373724e+01 6.249761581421e+00 -2.044322967529e+00
G1-1 293 1 -1.303515325388e+01 8.536448695558e+00 1.022641847829e+02 5.868458747864e+00 -1.916836857796e+00
G1-1 293 2 -1.305673500127e+01 8.554125584875e+00 9.838514456823e+01 5.294407367706e+00 -1.699351310730e+00
G1-1 293 3 -1.577052407750e+01 1.010962280556e+01 9.851444984199e+01 5.619676589966e+00 -1.826511025429e+00
G1-1 293 4 -1.157789661968e+01 1.409164756809e+01 1.003898264588e+02 5.121331214905e+00 -1.634866118431e+00
G1-1 294 1 -1.431731635665e+01 6.008802172198e+00 1.073182013236e+02 6.274042606354e+00 -2.070346117020e+00
G1-1 294 2 -1.429543710569e+01 5.990878790637e+00 1.112509375798e+02 6.613572597504e+00 -2.191025733948e+00
G1-1 294 3 -1.705268718027e+01 7.741428916358e+00 1.077532137181e+02 6.719686031342e+00 -2.235056161880e+00
G1-1 294 4 -1.705268718027e+01 3.260512943688e+00 1.098024642730e+02 7.131826400757e+00 -2.375499010086e+00
G1-1 295 1 -1.433074638942e+01 6.383179323267e+00 1.024117567211e+02 6.372570037842e+00 -2.103362083435e+00
G1-1 295 2 -1.706611721304e+01 7.956353433274e+00 9.866202178016e+01 5.938863754272e+00 -1.947921037674e+00
G1-1 295 3 -1.435232813682e+01 6.400856094704e+00 9.853271650640e+01 5.732389450073e+00 -1.867948532104e+00
G1-1 295 4 -1.706611721304e+01 4.970252008358e+00 1.010149512204e+02 6.697572231293e+00 -2.225101947784e+00
G1-1 296 1 5.871023224048e+00 -7.984820151444e+00 1.447434274331e+02 5.116884231567e+00 -1.621138095856e+00
G1-1 296 2 2.984027272078e+00 -1.003656813917e+01 1.477971328282e+02 5.175749301910e+00 -1.643918156624e+00
G1-1 296 3 5.560919020394e+00 -1.422919547910e+01 1.437222220717e+02 5.742887020111e+00 -1.852172732353e+00
G1-1 296 4 7.176654670950e+00 -1.003656813917e+01 1.477971328282e+02 5.298119068146e+00 -1.691137790680e+00
G1-1 297 1 -1.302172322110e+01 8.574721067022e+00 1.073253761075e+02 5.273568630219e+00 -1.705992817879e+00
G1-1 297 2 -1.156446658691e+01 1.412991993955e+01 1.098328491559e+02 5.342255115509e+00 -1.731369137764e+00
G1-1 297 3 -1.575709404472e+01 1.030734781118e+01 1.077603885020e+02 5.745444297791e+00 -1.885923385620e+00
G1-1 297 4 -1.299984397015e+01 8.556797803341e+00 1.112581104777e+02 6.479951858521e+00 -2.143478631973e+00
G1-1 298 1 -1.119891009899e+01 8.968325535615e+00 1.033787694674e+02 5.518313407898e+00 -1.783570051193e+00
G1-1 298 2 -7.992073499875e+00 1.193908245796e+01 1.032359103270e+02 4.685402393341e+00 -1.452553629875e+00
G1-1 298 3 -1.122049184639e+01 8.986002660694e+00 9.949972925274e+01 5.054817199707e+00 -1.603978753090e+00
G1-1 298 4 -9.741653464803e+00 1.452352440814e+01 1.015044111433e+02 4.600727558136e+00 -1.429803967476e+00
G1-1 299 1 -1.388337764377e+01 1.581323243070e+01 6.598485758790e+01 3.018660545349e+00 -6.255599856377e-01
G1-1 299 2 -1.661140121873e+01 1.805672333741e+01 6.383554915711e+01 1.251422166824e+00 7.120687514544e-02
G1-1 299 3 -1.661140121873e+01 1.805672333741e+01 6.821738241574e+01 4.610748291016e+00 -1.431398153305e+00
G1-1 299 4 -1.241877376092e+01 1.805672333741e+01 6.383554915711e+01 4.425341129303e+00 -1.281819343567e+00
G1-1 300 1 -9.719146846852e-01 5.104245382395e+00 1.429419292231e+02 5.131659030914e+00 -1.648113250732e+00
G1-1 300 2 3.901284176638e+00 5.731578370960e+00 1.420317660312e+02 5.193987369537e+00 -1.671572566032e+00
G1-1 300 3 2.560571291387e+00 2.259321388526e+00 1.392710327629e+02 5.061854362488e+00 -1.610007643700e+00
G1-1 300 4 2.459923556488e+00 8.262861454684e+00 1.391204148051e+02 5.537166118622e+00 -1.806354880333e+00
G1-1 301 1 9.168791600863e+00 -7.839064363690e+00 1.382082733373e+02 5.376330852509e+00 -1.711966514587e+00
G1-1 301 2 6.376312946777e+00 -1.288411585074e+01 1.401210064366e+02 5.441907405853e+00 -1.739492774010e+00
G1-1 301 3 6.686417091491e+00 -6.639740523088e+00 1.411422117980e+02 5.107578754425e+00 -1.614566445351e+00
G1-1 301 4 5.261348119474e+00 -5.191143607839e+00 1.385297627006e+02 4.938612461090e+00 -1.547733426094e+00
G1-1 302 1 -5.455764069398e+00 1.306444454870e+01 1.389402591052e+02 6.075769901276e+00 -2.016604185104e+00
G1-1 302 2 -8.166242329096e+00 1.605640590976e+01 1.404712846408e+02 5.942536354065e+00 -1.973903656006e+00
G1-1 302 3 -9.388724056020e+00 1.305056636495e+01 1.406836660607e+02 6.255924224854e+00 -2.077066659927e+00
G1-1 302 4 -5.742617848328e+00 1.333755152986e+01 1.426616322343e+02 6.369509220123e+00 -2.145821571350e+00
G1-1 303 1 -4.733113576340e+00 -6.952885693230e+00 1.366735394110e+02 5.091542720795e+00 -1.603765964508e+00
G1-1 303 2 -5.046342290569e+00 -8.741481713948e+00 1.399535265875e+02 5.226821422577e+00 -1.658030509949e+00
G1-1 303 3 -7.077123765460e+00 -1.044194842281e+01 1.375025386852e+02 5.638914585114e+00 -1.809768557549e+00
G1-1 303 4 -2.630799879821e+00 -9.201878731013e+00 1.346597233193e+02 4.992526531219e+00 -1.560884237289e+00
G1-1 304 1 -1.017124393929e+01 -3.592273528665e+00 1.408750612701e+02 4.830615520477e+00 -1.511078119278e+00
G1-1 304 2 -1.035508698852e+01 -9.205057528500e+00 1.395021880402e+02 5.570427894592e+00 -1.788603425026e+00
G1-1 304 3 -8.324305572573e+00 -7.504591055396e+00 1.419531721703e+02 5.390498161316e+00 -1.721742033958e+00
G1-1 304 4 -1.435630767915e+01 -6.086046952152e+00 1.409284896523e+02 4.655656337738e+00 -1.442654728889e+00
G1-1 305 1 -1.535290381809e+01 5.133414659911e+00 1.398183123381e+02 4.662704467773e+00 -1.451886415482e+00
G1-1 305 2 -1.116784007823e+01 2.712714986388e+00 1.397761745215e+02 4.599280834198e+00 -1.425223946571e+00
G1-1 305 3 -1.151487997105e+01 3.351550540211e+00 1.360585955019e+02 5.215794086456e+00 -1.659065127373e+00
G1-1 305 4 -1.238275820508e+01 8.037676454306e+00 1.396541625115e+02 5.251478195190e+00 -1.689398288727e+00
G1-1 306 1 -3.294399484585e+00 7.876746454352e+00 1.430863070442e+02 5.558344841003e+00 -1.815266132355e+00
G1-1 306 2 -2.705989657110e+00 1.111739874670e+01 1.391687009842e+02 5.467741012573e+00 -1.794313788414e+00
G1-1 306 3 -2.992843347630e+00 1.139050596363e+01 1.428900778854e+02 5.819736957550e+00 -1.924271225929e+00
G1-1 306 4 1.374387271179e-01 1.103536264452e+01 1.392647926262e+02 5.503801345825e+00 -1.807407855988e+00
G1-1 307 1 -1.105826153623e+01 3.794069940919e+00 1.421756953098e+02 5.014567852020e+00 -1.589355707169e+00
G1-1 307 2 -1.227317942732e+01 9.119031541452e+00 1.420536832998e+02 5.239040374756e+00 -1.689510345459e+00
G1-1 307 3 -1.524332527609e+01 6.214769629176e+00 1.422178368987e+02 4.861273765564e+00 -1.533213257790e+00
G1-1 307 4 -1.105069781828e+01 7.932243510569e+00 1.462231366645e+02 4.983844280243e+00 -1.594657778740e+00
G1-1 308 1 -2.295987313456e+00 5.911805381839e+00 1.420125757983e+02 5.465549468994e+00 -1.773325324059e+00
G1-1 308 2 -1.707577485980e+00 9.152457674191e+00 1.380949697383e+02 5.562402725220e+00 -1.818343281746e+00
G1-1 308 3 1.135850957188e+00 9.070421454129e+00 1.381910613803e+02 5.474260330200e+00 -1.785777688026e+00
G1-1 308 4 1.236498603677e+00 3.066881446911e+00 1.383416793381e+02 4.996565341949e+00 -1.588676214218e+00
G1-1 309 1 -4.552641814275e+00 7.160044628603e+00 1.467109604391e+02 5.132261276245e+00 -1.657354593277e+00
G1-1 309 2 -2.482082936036e+00 9.200030706329e+00 1.487062184714e+02 5.549896717072e+00 -1.821502566338e+00
G1-1 309 3 -4.251085677319e+00 1.067380413788e+01 1.465147312803e+02 6.036860466003e+00 -1.999691009521e+00
G1-1 309 4 -6.674710364378e+00 9.200030706329e+00 1.487062184714e+02 5.512468814850e+00 -1.803345680237e+00
G1-1 310 1 -1.496697316904e+01 -7.188854864290e+00 1.008741941072e+02 1.285630702972e+00 -3.743119537830e-02
G1-1 310 2 -1.724149593344e+01 -5.580940277069e+00 1.009412957748e+02 5.925371170044e+00 -2.058143615723e+00
G1-1 310 3 -1.463439699411e+01 -4.490181141688e+00 1.005367537890e+02 4.976520061493e+00 -1.633041858673e+00
G1-1 310 4 -1.724149593344e+01 -7.493713864353e+00 9.714637235682e+01 5.276467323303e+00 -1.853698492050e+00
G1-1 311 1 -1.009799485806e+01 1.198196147111e+01 1.225185870986e+02 5.143496513367e+00 -1.657754182816e+00
G1-1 311 2 -9.097378663110e+00 1.155050226081e+01 1.274662969351e+02 5.870429039001e+00 -1.924951910973e+00
G1-1 311 3 -4.530856113406e+00 1.098078893448e+01 1.263278457241e+02 5.494699954987e+00 -1.786387324333e+00
G1-1 311 4 -8.669624379580e+00 1.526435048302e+01 1.229302206818e+02 4.864210128784e+00 -1.563086867332e+00
G1-1 312 1 7.847788556197e+00 -1.238447670415e+01 1.100259846770e+02 5.705374240875e+00 -1.753129005432e+00
G1-1 312 2 6.219741668642e+00 -1.234755086082e+01 1.132824410295e+02 5.244431495667e+00 -1.575165748596e+00
G1-1 312 3 8.396527420577e+00 -9.425757494399e+00 1.099483161415e+02 7.185865879059e+00 -2.318131685257e+00
G1-1 312 4 5.221738663101e+00 -1.197599255905e+01 1.098635935402e+02 4.957684993744e+00 -1.425801515579e+00
G1-1 313 1 -9.607611632776e+00 3.646088317736e+00 1.246980093587e+02 5.711377143860e+00 -1.842903971672e+00
G1-1 313 2 -9.318807534774e+00 8.807802462035e+00 1.278836161757e+02 5.548857688904e+00 -1.799404740334e+00
G1-1 313 3 -4.752284867188e+00 8.238089253587e+00 1.267451649647e+02 5.376966953278e+00 -1.734526038170e+00
G1-1 313 4 -1.031942372973e+01 9.239261908094e+00 1.229359063392e+02 5.714288711548e+00 -1.859722852707e+00
G1-1 314 1 6.631317968713e+00 1.491773645134e+01 5.823104393110e+01 8.575325012207e+00 -2.850772857666e+00
G1-1 314 2 9.961728027814e+00 1.271125811238e+01 5.913635454014e+01 7.310121536255e+00 -2.242088317871e+00
G1-1 314 3 9.961728027814e+00 1.486746663316e+01 5.540168990594e+01 7.946541309357e+00 -4.109349727631e+00
G1-1 314 4 9.123202536252e+00 1.654451761629e+01 5.978352392750e+01 2.298851728439e+00 1.429417133331e-01
G1-1 315 1 -1.124416723069e+01 1.658804379797e+01 1.232343576353e+02 5.533351421356e+00 -1.813060998917e+00
G1-1 315 2 -1.167192151422e+01 1.287419557576e+01 1.277704320025e+02 5.774093627930e+00 -1.893215656281e+00
G1-1 315 3 -1.543679468850e+01 1.658804379797e+01 1.276161905337e+02 6.360693454742e+00 -2.110906839371e+00
G1-1 315 4 -1.267253770917e+01 1.330565478606e+01 1.228227240521e+02 5.626977920532e+00 -1.839420199394e+00
G1-1 316 1 -1.189335034945e+01 8.896517867968e+00 1.275065658575e+02 5.662788391113e+00 -1.840966701508e+00
G1-1 316 2 -1.565822328798e+01 8.613894243120e+00 1.251479501908e+02 6.020256519318e+00 -1.969492316246e+00
G1-1 316 3 -1.289396654441e+01 9.327977549788e+00 1.225588560210e+02 6.530526161194e+00 -2.155904293060e+00
G1-1 316 4 -1.218215432958e+01 3.734803841550e+00 1.243209571544e+02 6.169190883636e+00 -2.011167049408e+00
G1-1 317 1 -1.256255145828e+01 5.174434933951e+00 1.315417312316e+02 5.274795532227e+00 -1.686458230019e+00
G1-1 317 2 -1.640057554108e+01 8.869928206887e+00 1.283387165489e+02 5.898307800293e+00 -1.922589540482e+00
G1-1 317 3 -1.640057554108e+01 9.228957758636e+00 1.320451573759e+02 5.723270893097e+00 -1.858803749084e+00
G1-1 317 4 -1.263570236679e+01 9.152551831735e+00 1.306973303295e+02 5.650362014771e+00 -1.836591601372e+00
G1-1 318 1 -1.756398533360e+01 3.174543547153e+00 1.312474630195e+02 5.262755393982e+00 -1.671121716499e+00
G1-1 318 2 -1.372596125080e+01 3.763218649255e+00 1.316716018292e+02 5.245608329773e+00 -1.670094013214e+00
G1-1 318 3 -1.756398533360e+01 7.458711833780e+00 1.284685833743e+02 5.698281764984e+00 -1.844656825066e+00
G1-1 318 4 -1.756398533360e+01 7.817741385529e+00 1.321750242013e+02 5.292050838470e+00 -1.693849563599e+00
G1-1 319 1 -1.382171703320e+01 1.152950013184e+01 1.303887328655e+02 6.047924995422e+00 -1.987010002136e+00
G1-1 319 2 -1.758659020748e+01 1.160590605874e+01 1.317365599120e+02 6.356562137604e+00 -2.094663858414e+00
G1-1 319 3 -1.758659020748e+01 1.524334882557e+01 1.302344913967e+02 6.358529090881e+00 -2.105699539185e+00
G1-1 319 4 -1.758659020748e+01 1.124687650699e+01 1.280301190850e+02 6.527045726776e+00 -2.155541181564e+00
G1-1 320 1 -1.666876451013e+01 1.554947118785e+01 1.323353723807e+02 6.479304790497e+00 -2.150657415390e+00
G1-1 320 2 -1.290389157161e+01 1.183562249412e+01 1.324896100773e+02 5.941830635071e+00 -1.950766921043e+00
G1-1 320 3 -1.369861866136e+01 1.254363164304e+01 1.369295817611e+02 5.846689224243e+00 -1.918618559837e+00
G1-1 320 4 -1.666876451013e+01 1.191202842102e+01 1.338374371237e+02 6.090837955475e+00 -2.001355886459e+00
G1-1 321 1 -1.664615963625e+01 6.583742080004e+00 1.388250833115e+02 4.741396427155e+00 -1.485303163528e+00
G1-1 321 2 -1.280813578921e+01 4.801877945569e+00 1.350653664753e+02 5.489048957825e+00 -1.763866662979e+00
G1-1 321 3 -1.664615963625e+01 8.856400652373e+00 1.355687888475e+02 5.234463691711e+00 -1.677759408951e+00
G1-1 321 4 -1.367601378748e+01 9.488003874399e+00 1.386609334849e+02 5.675132751465e+00 -1.846733450890e+00
G1-1 322 1 1.435942352531e+01 5.363852482769e+00 7.101846797078e+01 8.370738983154e+00 -2.778114318848e+00
G1-1 322 2 1.771352549156e+01 7.541772324314e+00 7.471806591390e+01 4.374783039093e+00 -1.354864001274e+00
G1-1 322 3 1.771352549156e+01 3.207644008344e+00 7.475313260499e+01 3.657829284668e+00 -1.101435542107e+00
G1-1 322 4 1.771352549156e+01 5.363852895351e+00 7.101846797078e+01 2.679132699966e+00 -7.123966217041e-01
G1-1 323 1 -1.159748295423e+01 1.116697171880e+01 7.237758320764e+01 7.542828559875e+00 -2.434496402740e+00
G1-1 323 2 -7.308877993699e+00 1.139470548374e+01 7.135367179462e+01 8.401029586792e+00 -2.703899621964e+00
G1-1 323 3 -1.068324653371e+01 8.335211161443e+00 6.974305867108e+01 6.193619251251e+00 -1.788929581642e+00
G1-1 323 4 -1.130932468923e+01 1.208118790327e+01 6.880487639014e+01 4.493534564972e+00 -1.182958722115e+00
G1-1 324 1 -1.426058217265e+01 1.461650744578e+01 7.472377061233e+01 3.465573787689e+00 -8.919217586517e-01
G1-1 324 2 -1.670044724685e+01 1.777421477271e+01 7.338358673658e+01 4.613660812378e+00 -1.435963273048e+00
G1-1 324 3 -1.670044724685e+01 1.777421477271e+01 7.776542340718e+01 5.701863765717e+00 -1.854735612869e+00
G1-1 324 4 -1.250781978904e+01 1.777421477271e+01 7.338358673658e+01 4.221044063568e+00 -1.172846078873e+00
G1-1 325 1 -7.251613797831e+00 6.150295134339e+00 7.413402433974e+01 8.638283729553e+00 -2.718938350677e+00
G1-1 325 2 -9.725350812414e+00 6.935117300714e+00 7.100109984934e+01 6.515824794769e+00 -1.876978278160e+00
G1-1 325 3 -1.063958746870e+01 9.766877740186e+00 7.363562438590e+01 7.023955821991e+00 -2.210462808609e+00
G1-1 325 4 -6.350982272406e+00 9.994611623009e+00 7.261171297288e+01 7.563984394073e+00 -2.358531713486e+00
G1-1 326 1 -5.342935471041e+00 1.096038207987e+01 7.437016223875e+01 5.783291816711e+00 -1.679858803749e+00
G1-1 326 2 -6.243567173287e+00 7.116065473317e+00 7.589247360561e+01 6.120657920837e+00 -1.748171687126e+00
G1-1 326 3 -5.455196287005e+00 1.102618585760e+01 7.845001047457e+01 6.816941261292e+00 -2.126341819763e+00
G1-1 326 4 -9.631540490512e+00 1.073264796128e+01 7.539407365178e+01 8.590462684631e+00 -2.795568704605e+00
G1-1 327 1 -8.294350944823e+00 4.538554422537e+00 7.479039300509e+01 6.825951099396e+00 -2.030075550079e+00
G1-1 327 2 -1.076808795941e+01 3.167168468129e+00 7.539213126281e+01 7.606825828552e+00 -2.295861244202e+00
G1-1 327 3 -1.168232485145e+01 8.155137146265e+00 7.429199116516e+01 2.812808036804e+00 -2.035914212465e-01
G1-1 327 4 -1.076808795941e+01 5.323376942554e+00 7.165746851469e+01 8.605170249939e+00 -2.790916204453e+00
G1-1 328 1 -1.306273784608e+01 9.303168948803e+00 7.617827441481e+01 2.975188732147e+00 -5.864263176918e-01
G1-1 328 2 -1.078777276018e+01 7.222484288094e+00 7.909617662136e+01 7.865585327148e+00 -2.537749528885e+00
G1-1 328 3 -1.550260315604e+01 8.650620738086e+00 7.722838822356e+01 2.893848657608e+00 -6.741397380829e-01
G1-1 328 4 -1.214850118979e+01 4.315200152787e+00 7.727841074027e+01 8.327075958252e+00 -3.348228931427e+00
G1-1 329 1 -1.333805555446e+01 1.368913289690e+01 7.829315572574e+01 5.312492847443e+00 -1.653219819069e+00
G1-1 329 2 -1.577792062867e+01 1.684684022384e+01 8.133480474841e+01 5.200708389282e+00 -1.656284689903e+00
G1-1 329 3 -1.279256228053e+01 1.384579364242e+01 8.412189206504e+01 4.717553615570e+00 -1.423271656036e+00
G1-1 329 4 -1.158529317086e+01 1.684684022384e+01 8.133480474841e+01 4.261394023895e+00 -1.217622995377e+00
G1-1 330 1 -1.317668580919e+01 1.089294691759e+01 7.763949523044e+01 5.626023292542e+00 -1.762323141098e+00
G1-1 330 2 -1.263119300678e+01 1.104960813464e+01 8.346823345583e+01 6.024773597717e+00 -1.914349675179e+00
G1-1 330 3 -1.561655111915e+01 1.024039894264e+01 7.868960715311e+01 5.829885482788e+00 -1.865961432457e+00
G1-1 330 4 -1.090172095905e+01 8.812262374763e+00 8.055739743699e+01 4.561988830566e+00 -1.269102215767e+00
G1-1 331 1 -7.366035943854e+00 1.503012667400e+01 1.213165063724e+02 4.909826755524e+00 -1.576348900795e+00
G1-1 331 2 -8.794406422335e+00 1.174773789785e+01 1.209048727892e+02 5.345178127289e+00 -1.730053544044e+00
G1-1 331 3 -3.575289278644e+00 1.055831528255e+01 1.206304974192e+02 4.495639801025e+00 -1.400745511055e+00
G1-1 331 4 -3.227267633474e+00 1.074656512546e+01 1.247141314147e+02 4.767486572266e+00 -1.513410925865e+00
G1-1 332 1 -8.986995251802e+00 7.445168362269e+00 1.296734731927e+02 5.870205402374e+00 -1.914042711258e+00
G1-1 332 2 -8.913844343288e+00 3.467051420280e+00 1.305178703226e+02 5.177638053894e+00 -1.647267222404e+00
G1-1 332 3 -9.275799349805e+00 2.283454291645e+00 1.264878663756e+02 5.532967090607e+00 -1.774138689041e+00
G1-1 332 4 -4.420472584217e+00 6.875455271701e+00 1.285350219817e+02 5.875581741333e+00 -1.914295434952e+00
G1-1 333 1 -2.910213077558e+00 8.327717489830e+00 1.350972458098e+02 5.100703239441e+00 -1.643164396286e+00
G1-1 333 2 -1.481923188962e+00 7.036117066591e+00 1.312622336426e+02 5.252330780029e+00 -1.691004514694e+00
G1-1 333 3 3.386298262915e-02 2.242141056260e+00 1.353439516375e+02 5.496785640717e+00 -1.769268631935e+00
G1-1 333 4 -5.975294830152e+00 3.627713170965e+00 1.332450857558e+02 5.594133853912e+00 -1.805386185646e+00
G1-1 334 1 -1.519499886091e+00 1.388355481082e+01 1.364002992110e+02 5.679080486298e+00 -1.879582405090e+00
G1-1 334 2 1.323928527607e+00 1.380151847288e+01 1.364963870809e+02 5.555829524994e+00 -1.834865689278e+00
G1-1 334 3 -3.735080585754e-02 1.687551593612e+01 1.335495005582e+02 5.644154548645e+00 -1.873978853226e+00
G1-1 334 4 -3.735080585754e-02 1.687551593612e+01 1.379313247466e+02 5.940833568573e+00 -2.057206630707e+00
G1-1 335 1 -1.427950342500e+01 8.987222880826e+00 1.185542429095e+02 5.737995147705e+00 -1.875297784805e+00
G1-1 335 2 -1.704376064009e+01 8.264518381588e+00 1.167850585286e+02 6.238157749176e+00 -2.059783220291e+00
G1-1 335 3 -1.428651056551e+01 6.696489285012e+00 1.160093030300e+02 6.566576957703e+00 -2.170735359192e+00
G1-1 335 4 -1.704376064009e+01 4.159238975527e+00 1.192080819333e+02 6.240322589874e+00 -2.046039342880e+00
G1-1 336 1 -9.838352202353e+00 1.511985565881e+01 1.130745577975e+02 4.483715534210e+00 -1.406686663628e+00
G1-1 336 2 -1.126672244507e+01 1.183746664690e+01 1.170447571127e+02 6.016898155212e+00 -1.975185036659e+00
G1-1 336 3 -1.127372934983e+01 9.546733286844e+00 1.144998191193e+02 5.418424129486e+00 -1.756229162216e+00
G1-1 336 4 -8.474042815948e+00 1.222797270105e+01 1.150148183021e+02 4.999436855316e+00 -1.595639109612e+00
G1-1 337 1 -1.513154063724e+01 1.321831928297e+01 1.220938735452e+02 6.344449043274e+00 -2.099695920944e+00
G1-1 337 2 -1.789579761657e+01 1.650070829488e+01 1.268873400268e+02 6.726187229156e+00 -2.240778446198e+00
G1-1 337 3 -1.789579761657e+01 1.650070829488e+01 1.225055071284e+02 6.608359813690e+00 -2.199948310852e+00
G1-1 337 4 -1.789579761657e+01 1.250423644782e+01 1.246829677151e+02 6.590471744537e+00 -2.185364246368e+00
G1-1 338 1 -8.223391000672e+00 1.546017923642e+01 1.195120933138e+02 4.567531585693e+00 -1.447639703751e+00
G1-1 338 2 -4.432644261786e+00 1.098836784497e+01 1.188260862468e+02 4.817028045654e+00 -1.521768212318e+00
G1-1 338 3 -9.651761479153e+00 1.217779046027e+01 1.191004597307e+02 5.407221317291e+00 -1.752229571342e+00
G1-1 338 4 -6.859081732147e+00 1.256829651443e+01 1.170705190339e+02 4.826825618744e+00 -1.530925393105e+00
G1-1 339 1 -1.080277647857e+01 1.760235793911e+01 1.290974531385e+02 5.723883152008e+00 -1.889386892319e+00
G1-1 339 2 -1.080277647857e+01 1.760235793911e+01 1.247156202401e+02 5.878185272217e+00 -1.941122889519e+00
G1-1 339 3 -1.123053076210e+01 1.388850971690e+01 1.292516927212e+02 5.659740924835e+00 -1.855058670044e+00
G1-1 339 4 -1.499540393639e+01 1.760235793911e+01 1.290974531385e+02 5.945895671844e+00 -1.965868711472e+00
G1-1 340 1 4.064463341077e+00 1.334258489921e+01 1.228071268319e+02 4.748646736145e+00 -1.510033249855e+00
G1-1 340 2 1.525395437999e+00 1.572355578646e+01 1.204504969312e+02 4.176729202271e+00 -1.290663719177e+00
G1-1 340 3 4.324491627985e+00 1.278256009450e+01 1.182773831930e+02 4.370679855347e+00 -1.353875517845e+00
G1-1 340 4 1.123514719073e+00 1.125174439501e+01 1.197644879780e+02 4.646770000458e+00 -1.455184817314e+00
G1-1 341 1 5.418423041812e+00 1.207682513675e+01 1.292062368348e+02 5.503855228424e+00 -1.795393109322e+00
G1-1 341 2 8.350656370987e+00 1.030646234702e+01 1.339720970755e+02 5.623892307281e+00 -1.834845900536e+00
G1-1 341 3 4.240634464831e+00 1.138379903228e+01 1.341783338995e+02 5.486657619476e+00 -1.791925430298e+00
G1-1 341 4 2.825495998669e+00 1.017423447546e+01 1.302472338625e+02 5.152708053589e+00 -1.663435578346e+00
G1-1 342 1 7.197475809651e+00 1.306281569547e+01 1.234801041219e+02 5.139082908630e+00 -1.657990455627e+00
G1-1 342 2 1.020254114612e+01 1.006662278029e+01 1.226152655257e+02 5.810064315796e+00 -1.895390152931e+00
G1-1 342 3 7.457504214439e+00 1.250279089076e+01 1.189503604830e+02 5.086605548859e+00 -1.630256414413e+00
G1-1 342 4 8.851035386488e+00 1.544378658272e+01 1.211234761073e+02 4.962054729462e+00 -1.596326708794e+00
G1-1 343 1 5.039934542064e+00 1.468335126152e+01 1.286634622384e+02 5.197461128235e+00 -1.694450378418e+00
G1-1 343 2 2.500866690558e+00 1.706432214877e+01 1.306886690083e+02 5.206233978271e+00 -1.712724685669e+00
G1-1 343 3 3.862145965082e+00 1.399032492129e+01 1.336355593031e+02 5.777165889740e+00 -1.908071041107e+00
G1-1 343 4 6.693494118900e+00 1.706432214877e+01 1.306886690083e+02 5.437883853912e+00 -1.790855526924e+00
G1-1 344 1 3.307039592913e+00 1.430957533052e+01 1.260946284604e+02 4.894457817078e+00 -1.576373100281e+00
G1-1 344 2 7.679717229888e-01 1.669054621778e+01 1.237379985597e+02 4.322562217712e+00 -1.363973975182e+00
G1-1 344 3 7.141125424025e-01 1.240698466923e+01 1.271356217159e+02 4.804180622101e+00 -1.538256168365e+00
G1-1 344 4 7.679717229888e-01 1.669054621778e+01 1.281198295720e+02 4.945730209351e+00 -1.609667897224e+00
G1-1 345 1 8.729998862950e+00 1.462525139423e+01 8.660718369900e+01 4.645387649536e+00 -1.360389351845e+00
G1-1 345 2 8.232990683835e+00 1.777627893894e+01 8.909018763190e+01 3.151480913162e+00 -7.077613472939e-01
G1-1 345 3 8.232990683835e+00 1.777627893894e+01 8.470835625936e+01 3.153627157211e+00 -6.782582998276e-01
G1-1 345 4 4.040363343904e+00 1.777627893894e+01 8.909018763190e+01 4.196047782898e+00 -1.165577292442e+00
G1-1 346 1 8.023232543739e+00 1.268880068916e+01 1.277066608224e+02 5.557434558868e+00 -1.814346790314e+00
G1-1 346 2 1.095546587291e+01 1.091843789943e+01 1.324725229492e+02 6.065836906433e+00 -1.994612097740e+00
G1-1 346 3 1.102829776233e+01 9.692607773986e+00 1.268418222262e+02 5.479644775391e+00 -1.775202035904e+00
G1-1 346 4 9.676792120576e+00 1.506977157641e+01 1.297318657062e+02 5.969181537628e+00 -1.970598816872e+00
G1-1 347 1 9.220249561728e-02 -6.289297516372e-01 1.228470133123e+02 5.752611160278e+00 -1.838728785515e+00
G1-1 347 2 -2.111136806566e+00 -2.619071808625e+00 1.193115280244e+02 5.980661869049e+00 -1.910548686981e+00
G1-1 347 3 -4.836677833405e-01 3.593824752346e+00 1.197475314158e+02 6.299323558807e+00 -2.046341657639e+00
G1-1 347 4 1.910785549756e+00 -2.658606719458e+00 1.192707155776e+02 5.870274066925e+00 -1.869641900063e+00
G1-1 348 1 2.211911471568e-01 -3.201624983902e+00 1.234095316064e+02 5.814656257629e+00 -1.850778222084e+00
G1-1 348 2 -1.982148151342e+00 -5.191767040890e+00 1.198740444324e+02 5.961993694305e+00 -1.890815615654e+00
G1-1 348 3 2.039774234449e+00 -5.231301951723e+00 1.198332338717e+02 6.142915248871e+00 -1.958186507225e+00
G1-1 348 4 6.273690705533e-02 -7.304287136919e+00 1.221303931534e+02 5.839045047760e+00 -1.849413275719e+00
G1-1 349 1 -5.609831447270e+00 -7.101213144856e+00 1.156488290958e+02 5.952495098114e+00 -1.867265343666e+00
G1-1 349 2 -6.130236255167e+00 -1.052408571373e+01 1.147514914953e+02 6.105475425720e+00 -1.919696211815e+00
G1-1 349 3 -8.927382056293e+00 -7.772912451242e+00 1.128639152034e+02 7.117854595184e+00 -2.298576831818e+00
G1-1 349 4 -5.241158439436e+00 -9.347652890762e+00 1.114090277552e+02 6.985511302948e+00 -2.227938175201e+00
G1-1 350 1 -2.961136211946e+00 2.566525837954e+00 1.120959853496e+02 5.522634506226e+00 -1.747856974602e+00
G1-1 350 2 -7.747773740631e+00 5.880868035876e+00 1.138354480690e+02 6.085953712463e+00 -1.979812383652e+00
G1-1 350 3 -2.521649706919e+00 6.982178957454e+00 1.161060144646e+02 4.930964469910e+00 -1.541676998138e+00
G1-1 350 4 -2.108232189595e+00 6.776005615104e+00 1.127890703662e+02 4.752273082733e+00 -1.462505817413e+00
G1-1 351 1 -4.931625105661e-01 1.812581895254e+00 1.116150592567e+02 5.835492610931e+00 -1.860164999962e+00
G1-1 351 2 2.706730749934e+00 2.687110305795e+00 1.117982084524e+02 6.375313282013e+00 -2.061353206635e+00
G1-1 351 3 3.597415412548e-01 6.022061738712e+00 1.123081423872e+02 5.168844699860e+00 -1.618077516556e+00
G1-1 351 4 -5.367591712874e-02 6.228235081062e+00 1.156250864856e+02 5.138294219971e+00 -1.616386413574e+00
G1-1 352 1 -6.843445067565e-01 4.372055544215e+00 1.165153480100e+02 5.063681125641e+00 -1.586114883423e+00
G1-1 352 2 -1.123831159134e+00 -4.359764159255e-02 1.125053188950e+02 5.521917819977e+00 -1.737379312515e+00
G1-1 352 3 2.076062130836e+00 8.309307689485e-01 1.126884699768e+02 6.513945579529e+00 -2.107164382935e+00
G1-1 352 4 -2.311813574187e+00 -1.840840957815e+00 1.160793427325e+02 6.530595779419e+00 -2.110586404800e+00
G1-1 353 1 -9.906537506204e+00 1.897231603775e+00 1.137303847288e+02 6.650393962860e+00 -2.179152727127e+00
G1-1 353 2 -5.119899948049e+00 -1.417110712028e+00 1.119909220095e+02 7.263014793396e+00 -2.375322818756e+00
G1-1 353 3 -6.307882569393e+00 -3.214353976678e+00 1.155649458470e+02 7.101269721985e+00 -2.316242456436e+00
G1-1 353 4 -9.625433060536e+00 -3.886053165183e+00 1.127800300685e+02 7.582849502563e+00 -2.494074106216e+00
G1-1 354 1 -4.591358996925e-01 -3.281307889356e+00 9.353156349261e+01 8.584711074829e+00 -2.831305980682e+00
G1-1 354 2 1.918656098731e+00 -4.742210710402e+00 9.068873142711e+01 8.614237785339e+00 -2.772443056107e+00
G1-1 354 3 -2.429833299886e+00 -7.406299899063e+00 9.249973631160e+01 8.019341468811e+00 -3.968901634216e+00
G1-1 354 4 -2.352025480238e+00 -6.920241463452e+00 8.932872059973e+01 8.634254455566e+00 -2.732568740845e+00
G1-1 355 1 -5.437480661168e-03 3.532018716739e+00 9.557065102220e+01 6.314100742340e+00 -2.018409013748e+00
G1-1 355 2 1.766514326984e+00 7.698865574181e+00 9.397504221226e+01 5.839612007141e+00 -1.827703595161e+00
G1-1 355 3 -1.794985345352e+00 7.678622362342e+00 9.382444320044e+01 5.212572574615e+00 -1.585234522820e+00
G1-1 355 4 -5.437480661168e-03 8.042127872990e+00 9.743360502019e+01 5.139341354370e+00 -1.568253755569e+00
G1-1 356 1 5.176725386128e+00 -6.116589240145e+00 9.971425204581e+01 8.058169364929e+00 -3.613882303238e+00
G1-1 356 2 3.028783448907e+00 -1.824508242198e+00 9.780616488263e+01 8.453757286072e+00 -3.092891216278e+00
G1-1 356 3 7.218053955758e+00 -2.042953323636e+00 1.016534703740e+02 6.871940135956e+00 -2.252839326859e+00
G1-1 356 4 6.492920134622e+00 -1.824508242198e+00 9.780616488263e+01 8.196036338806e+00 -2.726062059402e+00
G1-1 357 1 -4.172525537073e+00 5.630115368563e-01 1.012425248719e+02 7.420049190521e+00 -2.433732509613e+00
G1-1 357 2 -2.422253321258e+00 -1.360030685256e+00 9.779636457116e+01 8.321351051331e+00 -3.357822895050e+00
G1-1 357 3 -5.046420855515e+00 -6.290517915368e+00 1.000738982074e+02 8.366905212402e+00 -3.266674757004e+00
G1-1 357 4 -5.886390036444e+00 -1.360030685256e+00 9.779636457116e+01 8.557403564453e+00 -2.885642766953e+00
G1-1 358 1 -2.665411823816e+00 1.477253333898e+01 8.905490358021e+00 5.687145709991e+00 -3.324199438095e+00
G1-1 358 2 -9.399007521791e-01 8.758849431493e+00 7.103149860092e+00 4.410142898560e+00 -2.871218204498e+00
G1-1 358 3 -4.875219982643e-01 1.057990588117e+01 4.075098324499e+00 3.303092479706e+00 -3.150347232819e+00
G1-1 358 4 5.650922837626e-01 1.210749196130e+01 9.403949712697e+00 5.575416564941e+00 -3.068054914474e+00
G1-1 359 1 5.477157410177e-02 -4.167885922007e+00 9.729218112472e+01 7.288921356201e+00 -2.399996280670e+00
G1-1 359 2 2.202713511323e+00 -8.459966919954e+00 9.920027206008e+01 8.082647323608e+00 -3.835839271545e+00
G1-1 359 3 5.477157410177e-02 -7.844667791602e+00 1.005080354068e+02 7.800421714783e+00 -4.400770664215e+00
G1-1 359 4 -1.915925826092e+00 -8.292878226415e+00 9.626035582980e+01 8.169840812683e+00 -3.662600755692e+00
G1-1 360 1 3.777509244197e+00 2.625482199333e+00 2.807504448308e+01 7.239327907562e+00 -2.379025697708e+00
G1-1 360 2 2.729195317413e+00 1.513760941330e+00 2.482721937898e+01 7.198602676392e+00 -2.379745244980e+00
G1-1 360 3 6.711408419534e+00 4.085701091796e+00 2.491423141140e+01 7.052132129669e+00 -2.319124937057e+00
G1-1 360 4 6.911556224700e+00 1.120068491941e+00 2.758903680051e+01 7.180319309235e+00 -2.362174749374e+00
G1-1 361 1 1.768733095450e+00 5.279696956268e+00 1.043389694501e+02 6.326378822327e+00 -2.045770645142e+00
G1-1 361 2 -1.743190667899e+00 5.279696956268e+00 1.043389694501e+02 5.230998992920e+00 -1.632563233376e+00
G1-1 361 3 1.861819274562e-02 7.256530344883e+00 1.078815296358e+02 4.847854137421e+00 -1.488876700401e+00
G1-1 361 4 7.081482758555e-03 7.866763978817e+00 1.027557612613e+02 4.686351776123e+00 -1.414688825607e+00
G1-1 362 1 1.394089172729e+01 1.110479235540e+01 1.456400417321e+02 5.961888313293e+00 -1.957064867020e+00
G1-1 362 2 1.662497833423e+01 9.401678620884e+00 1.480307643869e+02 5.305507183075e+00 -1.707683563232e+00
G1-1 362 3 1.243235087641e+01 9.401678620884e+00 1.480307643869e+02 5.488699913025e+00 -1.783270001411e+00
G1-1 362 4 1.662497833423e+01 7.784899452204e+00 1.440489147235e+02 4.943900585175e+00 -1.565273284912e+00
G1-1 363 1 2.774859742494e+00 1.029326106366e+00 1.054799996818e+02 6.513355255127e+00 -2.111622095108e+00
G1-1 363 2 3.371734025215e+00 -3.287918200559e-01 1.085126259327e+02 6.375690937042e+00 -2.053455591202e+00
G1-1 363 3 1.718407352447e-01 -1.203320348478e+00 1.083294767370e+02 8.575903892517e+00 -2.848448514938e+00
G1-1 363 4 1.013208077079e+00 -4.570497955872e+00 1.052496917770e+02 8.574582099915e+00 -2.851467609406e+00
G1-1 364 1 -7.501751563909e+00 -1.068045739660e+01 1.454930974854e+02 5.273179054260e+00 -1.684089899063e+00
G1-1 364 2 -1.107088273331e+01 -1.246522443052e+01 1.464561022008e+02 5.910468101501e+00 -1.923014163971e+00
G1-1 364 3 -9.341126212672e+00 -1.520784867365e+01 1.484624317121e+02 6.124376773834e+00 -2.000287294388e+00
G1-1 364 4 -9.341126212672e+00 -1.101522121584e+01 1.484624317121e+02 5.504535675049e+00 -1.772301435471e+00
G1-1 365 1 -4.493583898951e+00 1.410991734748e+01 1.031633748246e+02 3.973659753799e+00 -1.142795205116e+00
G1-1 365 2 -2.050536347127e+00 1.262660819780e+01 1.010668222579e+02 3.823516607285e+00 -1.052737712860e+00
G1-1 365 3 -6.243163745999e+00 1.669435929767e+01 1.014318756409e+02 3.057353734970e+00 -7.490518093109e-01
G1-1 365 4 -2.050536347127e+00 1.669435929767e+01 1.014318756409e+02 3.233027219772e+00 -7.953751087189e-01
G1-1 366 1 -2.321013041094e+00 1.323904005411e+01 1.035915949447e+02 3.223241806030e+00 -7.963853478432e-01
G1-1 366 2 1.220345696707e-01 1.175573090443e+01 1.014950404919e+02 4.486300945282e+00 -1.327061891556e+00
G1-1 366 3 1.220345696707e-01 1.582348200430e+01 1.018600938749e+02 3.365315914154e+00 -8.572561740875e-01
G1-1 366 4 2.959994343494e+00 1.300526388287e+01 1.032458411841e+02 3.984577417374e+00 -1.136641979218e+00
G1-1 367 1 -5.807573378214e+00 1.130551435685e+01 1.084954491049e+02 4.546113014221e+00 -1.400247812271e+00
G1-1 367 2 -8.992530549558e+00 8.316833935067e+00 1.125710426154e+02 5.390337944031e+00 -1.735644459724e+00
G1-1 367 3 -3.352988998522e+00 9.211971337474e+00 1.115246667988e+02 4.563907146454e+00 -1.397895932198e+00
G1-1 367 4 -6.192843838856e+00 1.099807334928e+01 1.130860417983e+02 4.678964614868e+00 -1.461036801338e+00
G1-1 368 1 -2.317447995432e+00 1.179346304477e+01 1.050627385998e+02 3.583596467972e+00 -9.711064696312e-01
G1-1 368 2 1.255996091159e-01 1.031015389509e+01 1.029661822609e+02 4.395499706268e+00 -1.300021052361e+00
G1-1 368 3 2.963559389156e+00 1.155968687354e+01 1.047169848392e+02 4.213621616364e+00 -1.239318013191e+00
G1-1 368 4 1.371363191029e-01 9.699920025398e+00 1.080919544076e+02 4.266332149506e+00 -1.263787508011e+00
G1-1 369 1 -4.068424180886e+00 1.302770380437e+01 1.080550191351e+02 3.982895135880e+00 -1.168796777725e+00
G1-1 369 2 -4.453694759409e+00 1.272026303255e+01 1.126456118284e+02 4.307770729065e+00 -1.313114762306e+00
G1-1 369 3 -1.613839866351e+00 1.093416078499e+01 1.110842368289e+02 4.419487953186e+00 -1.338612556458e+00
G1-1 369 4 -1.625376576338e+00 1.561214575455e+01 1.107053513238e+02 3.700948953629e+00 -1.059215903282e+00
G1-1 370 1 4.770276266434e+00 -7.288031924745e+00 1.161576437990e+02 6.485830307007e+00 -2.072738647461e+00
G1-1 370 2 5.171362446266e+00 -1.092106351507e+01 1.154286425111e+02 6.073695659637e+00 -1.912049412727e+00
G1-1 370 3 2.809866297194e+00 -9.603253743647e+00 1.149695912694e+02 6.496882438660e+00 -2.062469244003e+00
G1-1 370 4 7.348148316081e+00 -7.999270384412e+00 1.120945176231e+02 6.896673202515e+00 -2.219909191132e+00
G1-1 371 1 7.595610700225e-01 -7.410743844424e+00 1.154278237980e+02 6.249104022980e+00 -1.976226210594e+00
G1-1 371 2 -1.301951228649e+00 -5.055987114689e+00 1.166566906606e+02 6.093746662140e+00 -1.934652209282e+00
G1-1 371 3 2.719971157143e+00 -5.095522025522e+00 1.166158800999e+02 5.685319900513e+00 -1.781030893326e+00
G1-1 371 4 3.085924446904e+00 -2.384215380558e+00 1.132658179049e+02 7.397381305695e+00 -2.417077779770e+00
G1-1 372 1 3.278167860978e+00 -4.170320832384e+00 1.253360418268e+02 5.563822746277e+00 -1.761954903603e+00
G1-1 372 2 8.660991336452e+00 -7.491313441917e+00 1.262395994468e+02 5.571593761444e+00 -1.760783433914e+00
G1-1 372 3 5.426135434986e+00 -1.007689785733e+01 1.258521806073e+02 5.767294406891e+00 -1.830410838127e+00
G1-1 372 4 5.096750929852e+00 -6.199997741265e+00 1.217597422060e+02 6.094737529755e+00 -1.946348190308e+00
G1-1 373 1 3.384401916119e+00 -6.441546895973e+00 1.210852544948e+02 6.156819820404e+00 -1.966146945953e+00
G1-1 373 2 1.565818887767e+00 -4.411869869212e+00 1.246615522296e+02 5.979006290436e+00 -1.913443684578e+00
G1-1 373 3 1.407364647665e+00 -8.514532081168e+00 1.233824156627e+02 5.760905265808e+00 -1.822779536247e+00
G1-1 373 4 3.713786362313e+00 -1.031844689416e+01 1.251776928961e+02 5.384576320648e+00 -1.684784054756e+00
G1-1 374 1 6.034082268109e+00 -1.161547921922e+01 1.231833187351e+02 5.261282920837e+00 -1.630912780762e+00
G1-1 374 2 6.105783942807e+00 -1.137161087030e+01 1.183618790458e+02 5.675795555115e+00 -1.773802399635e+00
G1-1 374 3 5.704697704034e+00 -7.738579044218e+00 1.190908803338e+02 6.395877838135e+00 -2.048943996429e+00
G1-1 374 4 9.016626785581e+00 -8.346140253465e+00 1.192394101666e+02 6.369936466217e+00 -2.041494607925e+00
G1-1 375 1 4.759419683494e+00 -5.327523755931e+00 1.153476914355e+02 6.055818557739e+00 -1.921242833138e+00
G1-1 375 2 5.125372973255e+00 -2.616217110967e+00 1.119976292405e+02 7.807455539703e+00 -2.567225694656e+00
G1-1 375 3 7.337291615261e+00 -6.038762215598e+00 1.112845652595e+02 6.432161808014e+00 -2.061517715454e+00
G1-1 375 4 2.799009655314e+00 -7.642745456952e+00 1.141596389058e+02 6.122712135315e+00 -1.927033305168e+00
G1-1 376 1 8.497737464626e+00 9.743038373580e-01 1.056692733010e+02 6.486606597900e+00 -2.115829467773e+00
G1-1 376 2 6.070118564250e+00 3.115791126173e+00 1.052681281104e+02 5.808773040771e+00 -1.863635778427e+00
G1-1 376 3 6.666992846970e+00 1.757673251325e+00 1.083007543613e+02 5.933639526367e+00 -1.905839920044e+00
G1-1 376 4 9.941511159096e+00 4.176750871028e+00 1.068005252575e+02 6.044421195984e+00 -1.965886950493e+00
G1-1 377 1 -1.183260161534e+00 -4.988503376439e+00 1.087577449972e+02 6.514220237732e+00 -2.059882640839e+00
G1-1 377 2 -3.418928197005e-01 -8.355680932260e+00 1.056779600373e+02 8.585811614990e+00 -2.829246044159e+00
G1-1 377 3 1.053762954026e+00 -1.008675478153e+01 1.081431076107e+02 7.709167480469e+00 -2.477218866348e+00
G1-1 377 4 -2.002569657163e+00 -9.032186210174e+00 1.080919637219e+02 7.445013523102e+00 -2.383639574051e+00
G1-1 378 1 6.968811340370e+00 3.089051907945e+00 1.122093209884e+02 6.291112422943e+00 -2.044416904449e+00
G1-1 378 2 7.409381736938e+00 8.160992301661e+00 1.145490923505e+02 5.189980030060e+00 -1.654034495354e+00
G1-1 378 3 8.738817057476e+00 2.900291981638e+00 1.168538296153e+02 6.288595199585e+00 -2.047688245773e+00
G1-1 378 4 1.024332988826e+01 5.508129498178e+00 1.107090918847e+02 5.833581447601e+00 -1.893337845802e+00
G1-1 379 1 8.695029553860e+00 1.424708181302e+00 1.114379741756e+02 6.325004100800e+00 -2.058571815491e+00
G1-1 379 2 1.472175893393e+01 1.110719098665e+00 1.112816188119e+02 7.756713867188e+00 -2.618722200394e+00
G1-1 379 3 1.196954810175e+01 3.843785845210e+00 1.099377450718e+02 6.440077781677e+00 -2.116189956665e+00
G1-1 379 4 1.046503527097e+01 1.235948254995e+00 1.160824828024e+02 5.898546695709e+00 -1.904718041420e+00
G1-1 380 1 4.930976825529e+00 -3.381544330960e+00 1.090394736440e+02 7.173442363739e+00 -2.336090803146e+00
G1-1 380 2 2.572450965803e+00 -7.623250297322e+00 1.057765394884e+02 8.591024398804e+00 -2.818281888962e+00
G1-1 380 3 7.142895467535e+00 -6.804089435591e+00 1.083264077770e+02 6.285848140717e+00 -2.000224351883e+00
G1-1 380 4 3.968106739530e+00 -9.354324146595e+00 1.082416870618e+02 7.138207912445e+00 -2.275908470154e+00
G1-1 381 1 -6.036812448318e+00 -1.083219097234e+00 1.184287388351e+02 6.336153984070e+00 -2.048717737198e+00
G1-1 381 2 -9.635467503010e+00 4.028366542159e+00 1.165941777169e+02 6.673316478729e+00 -2.192427635193e+00
G1-1 381 3 -8.916648383426e+00 7.259263707940e-01 1.209012168438e+02 6.250648498535e+00 -2.029233932495e+00
G1-1 381 4 -4.409343380888e+00 5.129677345856e+00 1.188647459987e+02 5.814523696899e+00 -1.876853585243e+00
G1-1 382 1 3.831695773791e+00 4.524670235954e+00 1.125778331286e+02 6.292561531067e+00 -2.039027690887e+00
G1-1 382 2 4.272266052478e+00 9.596610703345e+00 1.149176063768e+02 5.091278553009e+00 -1.611772894859e+00
G1-1 382 3 1.484706624052e+00 7.859621661504e+00 1.130877689495e+02 5.293004035950e+00 -1.674839973450e+00
G1-1 382 4 1.071289195139e+00 8.065795003853e+00 1.164047111618e+02 5.033352375031e+00 -1.584698915482e+00
G1-1 383 1 8.593504185992e+00 -3.484144965947e-01 1.129826948571e+02 6.444364070892e+00 -2.094387769699e+00
G1-1 383 2 1.036350990310e+01 -5.371744229016e-01 1.176272034839e+02 5.834515571594e+00 -1.873116493225e+00
G1-1 383 3 1.153947974202e+01 -3.667282350806e+00 1.164812868848e+02 6.328760147095e+00 -2.041181087494e+00
G1-1 383 4 1.462023333030e+01 -6.624035792319e-01 1.128263394934e+02 6.137629032135e+00 -1.998460650444e+00
G1-1 384 1 6.252103307307e+00 -3.800533040575e+00 1.174163009015e+02 6.296012878418e+00 -2.022570371628e+00
G1-1 384 2 6.618056597068e+00 -1.089226380876e+00 1.140662387065e+02 7.061118125916e+00 -2.309639692307e+00
G1-1 384 3 8.388062196294e+00 -1.277986307183e+00 1.187107473334e+02 5.740434169769e+00 -1.831001400948e+00
G1-1 384 4 9.564032270974e+00 -4.408094249822e+00 1.175648307343e+02 6.398324489594e+00 -2.060239791870e+00
G1-1 385 1 2.722124643022e+00 -6.228150441823e+00 9.035594702755e+01 8.600182533264e+00 -2.802128791809e+00
G1-1 385 2 2.944411222033e+00 -9.575849539705e+00 9.212186615420e+01 8.621986389160e+00 -2.758921384811e+00
G1-1 385 3 -1.626364814535e+00 -8.892239689424e+00 9.216695191203e+01 8.511009216309e+00 -2.986358880997e+00
G1-1 385 4 -1.548556994887e+00 -8.406181135932e+00 8.899593620017e+01 8.657708168030e+00 -2.685597896576e+00
G1-1 386 1 2.938431839299e+00 1.465613161036e+00 8.694090154933e+01 8.579412460327e+00 -2.842569589615e+00
G1-1 386 2 1.952284400380e+00 1.371466852855e+00 9.257132931484e+01 7.141067504883e+00 -2.304248809814e+00
G1-1 386 3 5.511910125919e+00 2.942340246428e+00 8.861248844427e+01 8.255710601807e+00 -2.693971872330e+00
G1-1 386 4 3.724236208025e+00 5.538313739767e+00 9.097571861881e+01 5.244544506073e+00 -1.578679561615e+00
G1-1 387 1 6.541227548697e+00 -5.028023173710e+00 9.166210692286e+01 8.415748596191e+00 -3.173155546188e+00
G1-1 387 2 7.627572118108e+00 -3.567120352663e+00 9.450493898836e+01 8.469301223755e+00 -3.063373088837e+00
G1-1 387 3 6.763514245588e+00 -8.375722212650e+00 9.342802604951e+01 8.616455078125e+00 -2.767911195755e+00
G1-1 387 4 9.194588381767e+00 -7.447352754438e+00 9.349709112520e+01 3.427066087723e+00 1.652697563171e+00
G1-1 388 1 -5.433561849275e+00 7.021372694283e+00 2.587520709117e+01 6.741908550262e+00 -2.202568292618e+00
G1-1 388 2 -4.366398115038e+00 7.950163957157e+00 2.179462784101e+01 6.102684020996e+00 -1.990506529808e+00
G1-1 388 3 -2.955249625213e+00 3.662336476540e+00 2.318184485588e+01 7.171287536621e+00 -2.372908592224e+00
G1-1 388 4 -8.248150856272e+00 6.258378268199e+00 2.264781285721e+01 6.221765518188e+00 -2.030786514282e+00
G1-1 389 1 7.025462123176e+00 -6.375148737262e+00 9.077794684765e+01 3.700408697128e+00 9.878557324409e-01
G1-1 389 2 9.678823192007e+00 -8.794478141170e+00 9.261293104999e+01 8.365618705750e+00 -3.288018465042e+00
G1-1 389 3 7.247749055828e+00 -9.722847599382e+00 9.254386597430e+01 8.576626777649e+00 -2.869415521622e+00
G1-1 389 4 9.678823192007e+00 -9.273635751679e+00 9.075957680677e+01 8.668586730957e+00 -2.668406486511e+00
G1-1 390 1 5.988989710866e+00 -6.079012891034e+00 8.943584376280e+01 8.683403968811e+00 -2.633669376373e+00
G1-1 390 2 8.642350779697e+00 -8.977500023332e+00 8.941747372192e+01 8.876430511475e+00 -2.247860908508e+00
G1-1 390 3 6.211276525638e+00 -9.426711635273e+00 9.120176477554e+01 8.651527404785e+00 -2.699412107468e+00
G1-1 390 4 5.288255471821e+00 -7.540026316298e+00 8.692769514453e+01 8.778492927551e+00 -2.443568944931e+00
G1-1 391 1 -1.263834631495e+01 -1.918689286568e+00 4.375603125026e+01 6.270467281342e+00 -2.037241458893e+00
G1-1 391 2 -1.570666195186e+01 -2.526052015917e-01 4.115992377820e+01 5.323677539825e+00 -1.683393001556e+00
G1-1 391 3 -1.313337884615e+01 8.275462058367e-01 4.455850587779e+01 5.773665904999e+00 -1.859300971031e+00
G1-1 391 4 -1.149981189217e+01 -1.935386988718e-01 4.124009140088e+01 6.552617073059e+00 -2.129195213318e+00
G1-1 392 1 -1.214065667204e+01 -6.167112205434e+00 4.574954669369e+01 5.821004867554e+00 -1.878443837166e+00
G1-1 392 2 -9.530792141134e+00 -9.852617768391e+00 4.468848499969e+01 5.675888061523e+00 -1.829287528992e+00
G1-1 392 3 -1.249646253035e+01 -7.281506380929e+00 4.950594709605e+01 5.671741962433e+00 -1.826706647873e+00
G1-1 392 4 -1.520897254471e+01 -8.977928817823e+00 4.519579171839e+01 5.546242237091e+00 -1.794235467911e+00
G1-1 393 1 -5.120573851655e+00 -4.789348432324e+00 4.923921984799e+01 6.137704372406e+00 -1.956919908524e+00
G1-1 393 2 -7.165985695138e+00 -2.789428933905e+00 5.297419990922e+01 6.968342781067e+00 -2.266088485718e+00
G1-1 393 3 -9.374594146449e+00 -5.802674093771e+00 5.275729004360e+01 5.841462612152e+00 -1.866336464882e+00
G1-1 393 4 -5.125677256542e+00 -8.196783135060e+00 5.369599246970e+01 5.415028095245e+00 -1.670003414154e+00
G1-1 394 1 -1.378548437096e+01 -4.545938289578e+00 4.292198848030e+01 5.925798416138e+00 -1.918375134468e+00
G1-1 394 2 -1.378588357133e+01 -5.765692455935e+00 3.906326312884e+01 6.010872364044e+00 -1.955943942070e+00
G1-1 394 3 -1.685380024364e+01 -7.356754666206e+00 4.236823350500e+01 5.811804771423e+00 -1.893114447594e+00
G1-1 394 4 -1.685380024364e+01 -2.879854214272e+00 4.032588195129e+01 5.386710643768e+00 -1.718715548515e+00
G1-1 395 1 -1.745440686445e+01 -3.342246635779e+00 1.241316054593e+00 4.820667743683e+00 -7.037549972534e+00
G1-1 395 2 -1.745440686445e+01 -5.772729031105e+00 5.258299188820e+00 2.191153526306e+00 -5.421594381332e-01
G1-1 395 3 -1.745440686445e+01 -7.534874093591e+00 1.241316054593e+00 4.920594215393e+00 -6.138758659363e+00
G1-1 395 4 -1.326177940664e+01 -7.534874093591e+00 1.241316054593e+00 3.441273212433e+00 -4.179526805878e+00
G1-1 396 1 -8.342947847687e+00 -7.630247954355e+00 8.168693222730e+00 4.905068397522e+00 -2.841257572174e+00
G1-1 396 2 -7.643577377670e+00 -1.080671087467e+01 1.137543182311e+01 5.363405704498e+00 -1.989561200142e+00
G1-1 396 3 -1.039732558797e+01 -9.026600751878e+00 1.125435810457e+01 5.489137649536e+00 -2.146328687668e+00
G1-1 396 4 -1.051081833798e+01 -1.065973391428e+01 8.328511554791e+00 5.078329563141e+00 -2.503722190857e+00
G1-1 397 1 -4.736506692614e+00 -6.705040750268e+00 5.929173731431e+00 3.731683254242e+00 -3.305262565613e+00
G1-1 397 2 -1.593276954886e+00 -6.392580831722e+00 7.735183184745e+00 4.369675159454e+00 -3.016381978989e+00
G1-1 397 3 -2.976155259560e+00 -9.794878234385e+00 6.089625138042e+00 4.016838550568e+00 -2.960364341736e+00
G1-1 397 4 -1.492276687829e+00 -8.535929501099e+00 3.167698300854e+00 2.728324651718e+00 -3.427129507065e+00
G1-1 398 1 -2.437908039066e+00 3.038457432400e-03 1.789062240152e+00 1.680047154427e+00 -3.664501905441e+00
G1-1 398 2 -2.890286822451e+00 2.374609583450e+00 4.817113893626e+00 3.185665607452e+00 -3.338876008987e+00
G1-1 398 3 -6.630535467408e+00 3.038457432400e-03 1.789062240152e+00 1.957903265953e+00 -3.828162431717e+00
G1-1 398 4 -5.682137905710e+00 -2.358700013787e+00 4.550537611788e+00 3.123942375183e+00 -3.372552871704e+00
G1-1 399 1 -4.277962937419e+00 -5.020410961422e+00 5.026248741360e+00 3.293824911118e+00 -3.104493618011e+00
G1-1 399 2 -1.134733267841e+00 -4.707951219697e+00 6.832258076793e+00 3.963135004044e+00 -2.950856208801e+00
G1-1 399 3 -1.033732991575e+00 -6.851299948014e+00 2.264773251843e+00 2.199275255203e+00 -4.000372886658e+00
G1-1 399 4 -1.033732991575e+00 -2.658672431262e+00 2.264773251843e+00 1.955362796783e+00 -3.791038751602e+00
G1-1 400 1 -8.832403694145e+00 -5.931254144744e+00 1.169980618831e+01 5.488244533539e+00 -2.639140605927e+00
G1-1 400 2 -6.325562132184e+00 -1.036558250144e+00 1.161618968224e+01 5.511785984039e+00 -2.395981311798e+00
G1-1 400 3 -3.634796265864e+00 -4.222441870727e+00 1.042015064190e+01 5.193802833557e+00 -2.363359689713e+00
G1-1 400 4 -6.778025894920e+00 -4.534901612452e+00 8.614141306465e+00 4.713882923126e+00 -2.625361204147e+00
G1-1 401 1 2.650460171953e+00 -7.556973861919e+00 1.043837596306e+01 5.224398612976e+00 -2.465304136276e+00
G1-1 401 2 8.225812787668e+00 -1.053712203809e+01 1.157303927129e+01 5.476832389832e+00 -2.127749204636e+00
G1-1 401 3 3.553156758808e+00 -1.068098875300e+01 1.167692903466e+01 5.292173862457e+00 -2.188285350800e+00
G1-1 401 4 5.480325049585e+00 -1.107897275437e+01 8.793825168399e+00 4.981781482697e+00 -2.466376066208e+00
G1-1 402 1 4.843044025622e+00 -6.145498081529e+00 6.162257302613e+00 3.829581022263e+00 -3.141230344772e+00
G1-1 402 2 1.662641963036e+00 -6.288748414186e+00 7.790444080895e+00 4.398937702179e+00 -3.092408180237e+00
G1-1 402 3 1.763642230094e+00 -8.432097319324e+00 3.222959550646e+00 2.726840019226e+00 -3.627531528473e+00
G1-1 402 4 4.492506864614e+00 -9.810747306635e+00 6.145893345174e+00 4.123765468597e+00 -3.051516532898e+00
G1-1 403 1 8.392074613530e+00 -7.613805649064e+00 7.230978610226e+00 4.623485088348e+00 -2.661446332932e+00
G1-1 403 2 8.041537452521e+00 -1.127905487417e+01 7.214614475966e+00 4.877079010010e+00 -2.787025928497e+00
G1-1 403 3 1.122222396391e+01 -1.167179979719e+01 6.615471351768e+00 5.052995681763e+00 -3.072599172592e+00
G1-1 403 4 1.078702495484e+01 -1.073720392213e+01 9.993828578856e+00 5.420259952545e+00 -1.946844339371e+00
G1-1 404 1 3.999778478206e+00 -4.423878498087e+00 5.259021027730e+00 3.426243543625e+00 -3.073721647263e+00
G1-1 404 2 9.203766826781e-01 -6.710477735882e+00 2.319723334704e+00 2.225198507309e+00 -3.919864416122e+00
G1-1 404 3 8.193764064116e-01 -4.567129007565e+00 6.887207923894e+00 3.999277830124e+00 -2.921055078506e+00
G1-1 404 4 9.203766826781e-01 -2.517850219129e+00 2.319723334704e+00 1.984890103340e+00 -3.773011922836e+00
G1-1 405 1 8.110529431627e+00 4.243236723958e+00 1.233783873893e+01 5.890109539032e+00 -2.429693222046e+00
G1-1 405 2 1.134290395615e+01 8.010285087392e+00 1.135966306383e+01 5.720721244812e+00 -1.958490252495e+00
G1-1 405 3 1.029751358130e+01 2.347738077240e+00 1.484654606711e+01 5.646068572998e+00 -1.865545153618e+00
G1-1 405 4 1.450067933174e+01 5.093524824201e+00 1.080355306701e+01 5.301797866821e+00 -1.764585494995e+00
G1-1 406 1 1.326177940664e+01 -6.229757003401e-02 2.460099626937e+00 3.427026033401e+00 -3.075552940369e+00
G1-1 406 2 1.745440686445e+01 -2.635669173683e+00 6.437266907267e+00 3.926785469055e+00 -1.237696409225e+00
G1-1 406 3 1.745440686445e+01 -6.229757003401e-02 2.460099626937e+00 4.626584053040e+00 -4.108304023743e+00
G1-1 406 4 1.745440686445e+01 2.309474862152e+00 6.443982088676e+00 5.883162021637e+00 -2.096762895584e+00
G1-1 407 1 4.476507177745e+00 -1.925265011346e+00 7.899948070338e+00 4.384917259216e+00 -3.038893222809e+00
G1-1 407 2 3.392210554292e+00 1.502247717436e+00 1.047881827521e+01 5.234345436096e+00 -2.720283985138e+00
G1-1 407 3 9.447265343658e-01 2.352334452570e+00 7.988701912905e+00 4.415303707123e+00 -2.833650588989e+00
G1-1 407 4 1.296105080164e+00 -2.068515461883e+00 9.528134730740e+00 4.962331771851e+00 -2.691071271896e+00
G1-1 408 1 6.916536785347e+00 6.140252212374e-01 3.549220090561e+00 2.886224746704e+00 -3.593262195587e+00
G1-1 408 2 4.719014549341e+00 2.135509671061e+00 9.067388106344e+00 4.913193702698e+00 -2.477415084839e+00
G1-1 408 3 2.271530455740e+00 2.985596406195e+00 6.577271744035e+00 3.949348926544e+00 -3.133620262146e+00
G1-1 408 4 5.803311113854e+00 -1.292002998780e+00 6.488517901468e+00 4.049023628235e+00 -3.008947610855e+00
G1-1 409 1 4.824339810365e+00 6.538150784934e-01 1.202353982031e+01 5.573543071747e+00 -2.303885459900e+00
G1-1 409 2 5.908636404348e+00 -2.773697591347e+00 9.444669615437e+00 4.880043029785e+00 -2.746695518494e+00
G1-1 409 3 7.011323665332e+00 -1.241683568224e+00 1.453224738425e+01 6.174646377563e+00 -2.055960178375e+00
G1-1 409 4 2.728234409912e+00 -2.916948041885e+00 1.107285651160e+01 5.345196247101e+00 -2.631189823151e+00
G1-1 410 1 -5.158428557192e+00 -1.023823411319e+01 1.375079052730e+01 5.382518291473e+00 -1.789533853531e+00
G1-1 410 2 -2.714569309742e+00 -6.749311510094e+00 1.235006126236e+01 5.601825714111e+00 -2.559356689453e+00
G1-1 410 3 -7.912176885375e+00 -8.458123990402e+00 1.362971680877e+01 5.786886215210e+00 -2.026546955109e+00
G1-1 410 4 -3.126788481043e+00 -8.564087142145e+00 1.658468389638e+01 5.884498596191e+00 -1.957913398743e+00
G1-1 411 1 4.862023855645e+00 -1.005544890627e+01 1.491641887590e+01 5.705616474152e+00 -1.961307048798e+00
G1-1 411 2 6.741685611346e+00 -1.010440841048e+01 1.905713346175e+01 5.523645401001e+00 -1.823745608330e+00
G1-1 411 3 9.534680017121e+00 -9.911582073467e+00 1.481252911253e+01 5.922100543976e+00 -2.034082412720e+00
G1-1 411 4 8.242416818912e+00 -5.256169600460e+00 1.713725667696e+01 6.534838676453e+00 -2.177831172943e+00
G1-1 412 1 4.879960661968e+00 -1.263891335658e+01 1.161955968071e+01 5.204324722290e+00 -1.898865818977e+00
G1-1 412 2 9.552616705563e+00 -1.249504640590e+01 1.151566968158e+01 5.378297328949e+00 -2.063902139664e+00
G1-1 412 3 8.270891799982e+00 -1.585087482844e+01 1.019535498057e+01 4.896732807159e+00 -2.173331499100e+00
G1-1 412 4 6.807128967481e+00 -1.303689735794e+01 8.736455814453e+00 4.945895195007e+00 -1.888740658760e+00
G1-1 413 1 7.382620823230e+00 -4.275666703177e+00 1.547497147206e+01 6.200564861298e+00 -2.065597057343e+00
G1-1 413 2 8.674884021439e+00 -8.931079176185e+00 1.315024390763e+01 5.676327705383e+00 -1.891673922539e+00
G1-1 413 3 4.002227874698e+00 -9.074946008983e+00 1.325413367100e+01 5.601112365723e+00 -2.425642490387e+00
G1-1 413 4 3.099531287843e+00 -5.950931235778e+00 1.201558083517e+01 5.557373523712e+00 -2.583080053329e+00
G1-1 414 1 1.701440711985e+00 1.778315399735e+00 1.358651226926e+01 6.030367374420e+00 -2.448058843613e+00
G1-1 414 2 -3.085430613727e+00 1.393435811530e+00 1.383186800089e+01 6.068356037140e+00 -2.455055713654e+00
G1-1 414 3 -3.946646774161e-01 -1.792447691173e+00 1.263582872478e+01 5.739783287048e+00 -2.443295955658e+00
G1-1 414 4 -3.463210827752e-01 4.791429349111e-01 1.832887701887e+01 5.631334304810e+00 -1.844630122185e+00
G1-1 415 1 2.151966425960e+00 -8.714826043046e+00 1.421207339448e+01 5.648370265961e+00 -2.043828725815e+00
G1-1 415 2 5.532359241876e+00 -3.915546855121e+00 1.643291166706e+01 6.343434810638e+00 -2.207612276077e+00
G1-1 415 3 1.249269794900e+00 -5.590811269842e+00 1.297352103016e+01 5.705624103546e+00 -2.299175024033e+00
G1-1 415 4 8.370506235994e-01 -7.405587019773e+00 1.720814319267e+01 5.782613277435e+00 -1.918764233589e+00
G1-1 416 1 1.577919813123e+00 2.442473076779e+00 1.135155238556e+01 5.523975849152e+00 -2.651893138885e+00
G1-1 416 2 -5.181856020648e-01 -1.128290073070e+00 1.040086884109e+01 5.241533279419e+00 -2.565789937973e+00
G1-1 416 3 -3.208951483120e+00 2.057593400163e+00 1.159690858871e+01 5.540972232819e+00 -2.615526676178e+00
G1-1 416 4 -8.695640889224e-01 3.292559752973e+00 8.861436023255e+00 4.745564460754e+00 -2.783167839050e+00
G1-1 417 1 -1.447902624432e+01 -4.721443870464e+00 9.699534573309e+00 5.355810165405e+00 -1.827646851540e+00
G1-1 417 2 -8.885537521008e+00 -1.154356642990e+00 1.144607530437e+01 5.605706691742e+00 -2.471885442734e+00
G1-1 417 3 -1.139237914191e+01 -6.049052478650e+00 1.152969181044e+01 5.588237285614e+00 -2.181591272354e+00
G1-1 417 4 -9.338001283745e+00 -4.652699946358e+00 8.444026810719e+00 4.883323192596e+00 -2.819711446762e+00
G1-1 418 1 1.332082507909e+01 1.340074531421e+01 5.942927128282e+00 2.974113464355e+00 -8.782479763031e-01
G1-1 418 2 1.647860045467e+01 1.230483984089e+01 1.402934787602e+00 4.293963432312e+00 -4.802775859833e+00
G1-1 418 3 1.228597299686e+01 1.649746729870e+01 1.402934787602e+00 4.298558712006e+00 -4.712451934814e+00
G1-1 418 4 1.647860045467e+01 1.649746729870e+01 1.402934787602e+00 5.002924919128e+00 -6.238026618958e+00
G1-1 419 1 1.160315599387e+01 1.469633844976e+01 8.589989266091e+00 6.348846435547e+00 -3.089772701263e+00
G1-1 419 2 9.202437197168e+00 1.779306043425e+01 8.197146557573e+00 6.294973850250e+00 -3.046547174454e+00
G1-1 419 3 1.476093136945e+01 1.779306043425e+01 8.468919576752e+00 4.243887901306e+00 -1.367099165916e+00
G1-1 419 4 1.056830391164e+01 1.779306043425e+01 4.049996807530e+00 4.302648067474e+00 -1.402730822563e+00
G1-1 420 1 6.795836581110e-01 -2.538680013555e+00 7.822927190354e+00 4.343137741089e+00 -3.164400815964e+00
G1-1 420 2 3.859985705961e+00 -2.395429563018e+00 6.194740412072e+00 3.754601001740e+00 -3.261957406998e+00
G1-1 420 3 7.805839399032e-01 -4.894012840604e-01 3.255442719046e+00 2.355733394623e+00 -3.439656972885e+00
G1-1 420 4 3.282051215225e-01 1.882169841957e+00 6.283494254639e+00 3.787378311157e+00 -3.127427816391e+00
G1-1 421 1 -6.385448218448e+00 3.516283901235e+00 8.480270416535e+00 4.644379138947e+00 -2.595240354538e+00
G1-1 421 2 -4.046060986337e+00 4.751250136165e+00 5.744798086837e+00 3.758111953735e+00 -2.941970825195e+00
G1-1 421 3 -7.786309601824e+00 2.379679098557e+00 2.716746315483e+00 2.661863327026e+00 -3.777548551559e+00
G1-1 421 4 -7.786309601824e+00 6.572306526899e+00 2.716746315483e+00 2.845778942108e+00 -3.769343137741e+00
G1-1 422 1 -1.033851090204e+01 4.684665521673e-01 1.424395296209e+01 6.157289981842e+00 -2.052829504013e+00
G1-1 422 2 -1.240624844254e+01 -1.478902493722e+00 1.793594264092e+01 5.693285465240e+00 -1.872672200203e+00
G1-1 422 3 -1.593199974322e+01 -7.256371423208e-01 1.668765161918e+01 5.587591171265e+00 -1.840604066849e+00
G1-1 422 4 -1.593199974322e+01 -3.098620631101e+00 1.249741211314e+01 5.670686721802e+00 -1.917887449265e+00
G1-1 423 1 -6.421538560273e+00 5.216907011107e+00 1.037292965273e+01 5.153880119324e+00 -2.411492586136e+00
G1-1 423 2 -4.082151210281e+00 6.451873157626e+00 7.637457205153e+00 4.303639888763e+00 -2.723773956299e+00
G1-1 423 3 -7.822399707887e+00 8.272929607301e+00 4.609405433799e+00 3.521215438843e+00 -3.015249967575e+00
G1-1 423 4 -7.939190243773e+00 9.583634071242e+00 1.073417899890e+01 5.374550819397e+00 -2.449712514877e+00
G1-1 424 1 -4.800669836639e+00 5.688957070240e+00 1.201963548292e+01 5.662064075470e+00 -2.321422576904e+00
G1-1 424 2 -9.562893622945e-01 1.027256574657e+01 1.158496277006e+01 5.779404640198e+00 -2.735245227814e+00
G1-1 424 3 -2.461282398236e+00 6.923923334639e+00 9.284162917459e+00 4.885142326355e+00 -2.549915313721e+00
G1-1 424 4 -6.318321608550e+00 1.005568424826e+01 1.238088471121e+01 5.891730308533e+00 -2.147315025330e+00
G1-1 425 1 -7.090361795975e+00 5.453087108217e+00 1.518486978235e+01 6.444784164429e+00 -2.254931926727e+00
G1-1 425 2 -8.608013361595e+00 9.819814168352e+00 1.554611901064e+01 5.656337261200e+00 -1.862648367882e+00
G1-1 425 3 -9.644153271372e+00 7.134835993787e+00 1.914784633014e+01 5.552907943726e+00 -1.806695580482e+00
G1-1 425 4 -5.762400589078e+00 8.826621564865e+00 1.829466131394e+01 5.833099842072e+00 -1.911715984344e+00
G1-1 426 1 -1.178299870051e+01 6.515311824466e+00 1.764907258228e+01 5.455153942108e+00 -1.782219409943e+00
G1-1 426 2 -9.229207225111e+00 4.833562938896e+00 1.368609579874e+01 6.081305980682e+00 -2.198321104050e+00
G1-1 426 3 -1.482269559478e+01 6.202275069919e+00 1.194575383513e+01 5.362691879272e+00 -1.781165838242e+00
G1-1 426 4 -1.074685879073e+01 9.200289881151e+00 1.404734526279e+01 5.492401123047e+00 -1.812134504318e+00
G1-1 427 1 -4.225482004156e-03 6.092410142332e-01 2.925632195404e+01 7.118465423584e+00 -2.340583086014e+00
G1-1 427 2 -5.004982615498e+00 -1.062063205863e+00 2.878487181851e+01 7.227911949158e+00 -2.386415243149e+00
G1-1 427 3 -1.052539482463e+00 -5.024801921969e-01 2.600849732147e+01 6.501313209534e+00 -2.133513927460e+00
G1-1 427 4 -1.173473068382e+00 -4.289342925621e+00 2.990364752903e+01 7.082241535187e+00 -2.338964223862e+00
G1-1 428 1 3.357313734467e+00 4.317528118846e+00 1.633362773379e+01 6.606353282928e+00 -2.201094865799e+00
G1-1 428 2 1.309552076006e+00 3.018355683493e+00 2.107599201187e+01 7.365438938141e+00 -2.451160907745e+00
G1-1 428 3 5.291765237067e+00 5.590295635035e+00 2.116300404429e+01 6.756208896637e+00 -2.229654312134e+00
G1-1 428 4 -1.015964432891e-01 7.306182928349e+00 1.968877452548e+01 6.687050342560e+00 -2.211535215378e+00
G1-1 429 1 5.952416929012e+00 8.156548881534e+00 2.233425252226e+01 6.282978057861e+00 -2.051311016083e+00
G1-1 429 2 2.430354363804e+00 9.667334000017e+00 2.370436618973e+01 6.407805442810e+00 -2.090904712677e+00
G1-1 429 3 5.695728533220e+00 1.110562624847e+01 1.983799120386e+01 5.909029960632e+00 -1.931792736053e+00
G1-1 429 4 5.590552486560e-01 9.872436174848e+00 2.086002300346e+01 5.941213130951e+00 -1.937900424004e+00
G1-1 430 1 9.589577041168e+00 -3.282760632912e+00 2.525799720329e+01 6.062499046326e+00 -1.980381369591e+00
G1-1 430 2 4.160853301095e+00 -6.289122042633e-01 2.361436863364e+01 7.091905117035e+00 -2.350931167603e+00
G1-1 430 3 8.343214090502e+00 -1.022604638917e+00 2.637618558364e+01 6.857051849365e+00 -2.256285190582e+00
G1-1 430 4 8.395599138695e+00 -1.225238393525e+00 2.138071074068e+01 6.421339988708e+00 -2.119406938553e+00
G1-1 431 1 1.127169763436e+01 6.192092006885e+00 8.089339867653e+01 7.618935585022e+00 -2.476034164429e+00
G1-1 431 2 1.283871413378e+01 3.655019085352e+00 7.892391806977e+01 3.412848949432e+00 -6.784355044365e-01
G1-1 431 3 1.619281610003e+01 7.989147754964e+00 7.888885326477e+01 6.511736392975e+00 -2.134799957275e+00
G1-1 431 4 1.619281610003e+01 6.878100317036e+00 8.298205935906e+01 6.946884155273e+00 -2.288080692291e+00
G1-1 432 1 5.474209251574e-01 -3.618320014595e+00 2.359927456820e+01 6.972039222717e+00 -2.315160751343e+00
G1-1 432 2 8.685812974576e-02 -7.704686331671e+00 2.214084890814e+01 5.964418888092e+00 -1.971172332764e+00
G1-1 432 3 3.281435658337e+00 -9.062884859156e+00 2.328549322428e+01 5.512804508209e+00 -1.807789802551e+00
G1-1 432 4 4.264874718541e-01 -7.405182689079e+00 2.749442571881e+01 5.762989521027e+00 -1.881719946861e+00
G1-1 433 1 6.393285346683e-01 5.626475565551e+00 3.012983360189e+01 7.848205089569e+00 -2.581888437271e+00
G1-1 433 2 -2.887297586707e+00 7.873790341102e+00 2.957537026156e+01 6.694655418396e+00 -2.164481163025e+00
G1-1 433 3 -3.816161240773e-01 8.962658819183e+00 3.222978875467e+01 6.719722270966e+00 -2.159107923508e+00
G1-1 433 4 5.116512269383e-02 8.597479193384e+00 2.833913419768e+01 6.373879909515e+00 -2.052179098129e+00
G1-1 434 1 -1.200439918388e+01 4.194637703609e+00 1.022029657990e+02 6.779349803925e+00 -2.244481325150e+00
G1-1 434 2 -1.202598140280e+01 4.212314475046e+00 9.832392558430e+01 7.546518325806e+00 -2.518119812012e+00
G1-1 434 3 -9.818652013349e+00 1.171976025318e+00 9.810060197998e+01 6.587813854218e+00 -2.169498920441e+00
G1-1 434 4 -1.213267153969e+01 2.952761693865e-01 1.004831374351e+02 6.271777629852e+00 -2.059715986252e+00
G1-1 435 1 1.196618627109e+01 6.221138504541e+00 1.231087347843e+00 3.026547670364e+00 -3.247166872025e+00
G1-1 435 2 1.615881372891e+01 4.400283478915e+00 5.214969691701e+00 5.220556259155e+00 -2.100709199905e+00
G1-1 435 3 1.196618627109e+01 2.028511105669e+00 1.231087347843e+00 2.939498662949e+00 -4.074121952057e+00
G1-1 435 4 1.615881372891e+01 2.028511105669e+00 1.231087347843e+00 4.188745021820e+00 -5.379988193512e+00
G1-1 436 1 -2.321013041094e+00 1.449604427285e+01 1.050584623529e+02 3.514669179916e+00 -9.466489553452e-01
G1-1 436 2 1.220345696707e-01 1.708048622304e+01 1.077087945416e+02 3.068126916885e+00 -7.646195888519e-01
G1-1 436 3 2.959994343494e+00 1.426226810162e+01 1.047127104783e+02 3.624581336975e+00 -9.931333065033e-01
G1-1 436 4 1.220345696707e-01 1.708048622304e+01 1.033269631691e+02 2.979434728622e+00 -6.894345879555e-01
G1-1 437 1 -5.577646919949e+00 -4.886810885515e-01 4.774116334327e+01 7.895541191101e+00 -2.614203214645e+00
G1-1 437 2 -6.922643164673e+00 6.160506531757e+00 5.030404506160e+01 8.259763717651e+00 -2.958833932877e+00
G1-1 437 3 -9.970893769756e+00 2.358622711611e+00 4.830530682100e+01 8.330827713013e+00 -2.888561964035e+00
G1-1 437 4 -7.623058527671e+00 1.511238409868e+00 5.147614340450e+01 8.254616737366e+00 -2.739996671677e+00
G1-1 438 1 -1.098010549908e+01 -5.682037202142e+00 6.240382521258e+01 5.254564762115e+00 -1.617889642715e+00
G1-1 438 2 -1.525602253117e+01 -7.553955020109e+00 6.235150778653e+01 5.939002037048e+00 -1.916078448296e+00
G1-1 438 3 -1.254351275258e+01 -6.924172083523e+00 5.772780875837e+01 6.457887172699e+00 -2.106664180756e+00
G1-1 438 4 -1.093770197535e+01 -9.533305600080e+00 6.215057864047e+01 5.315060138702e+00 -1.654660463333e+00
G1-1 439 1 -1.231454009230e+01 -4.053537040478e+00 6.133427448974e+01 5.155613899231e+00 -1.599781990051e+00
G1-1 439 2 -1.659045712439e+01 -2.634867979830e+00 5.761988907315e+01 6.078637123108e+00 -2.000191688538e+00
G1-1 439 3 -1.387794711003e+01 -5.295671862918e+00 5.665825709249e+01 5.519159317017e+00 -1.775839686394e+00
G1-1 439 4 -1.659045712439e+01 -5.925454799504e+00 6.128195800674e+01 4.811155319214e+00 -1.503234267235e+00
G1-1 440 1 -1.041805173013e+01 -9.572781528422e+00 5.587671308494e+01 5.069252967834e+00 -1.576955676079e+00
G1-1 440 2 -8.937933933036e+00 -1.513740094262e+01 5.824744882826e+01 3.601072549820e+00 -9.745617508888e-01
G1-1 440 3 -6.169134958105e+00 -1.196689062865e+01 5.681541551104e+01 4.839658260345e+00 -1.454819679260e+00
G1-1 440 4 -8.812240952902e+00 -1.218191528074e+01 6.029948202400e+01 3.826770782471e+00 -1.046487569809e+00
G1-1 441 1 -1.157941346565e+01 -2.724227777641e+00 4.772435238156e+01 6.400111675262e+00 -2.086488246918e+00
G1-1 441 2 -1.193521932396e+01 -3.838621835254e+00 5.148075278392e+01 7.244854927063e+00 -2.396126270294e+00
G1-1 441 3 -9.726610872651e+00 -8.253766753888e-01 5.169766453563e+01 8.367817878723e+00 -2.801185131073e+00
G1-1 441 4 -1.207444599686e+01 2.200765582423e-02 4.852682700909e+01 5.245495796204e+00 -1.656983137131e+00
G1-1 442 1 -1.288338084557e+01 -3.360754970756e+00 5.293870377022e+01 6.023752212524e+00 -1.959439396858e+00
G1-1 442 2 -1.302260751846e+01 4.998745792629e-01 4.998477799539e+01 6.146265029907e+00 -2.001587629318e+00
G1-1 442 3 -1.559589062416e+01 -6.999510213604e-01 5.390033386479e+01 6.262544631958e+00 -2.065742969513e+00
G1-1 442 4 -1.067477239426e+01 -3.475097445827e-01 5.315561552193e+01 5.182368278503e+00 -1.639594912529e+00
G1-1 443 1 -1.045689291561e+01 -1.048607682457e+01 5.388853874084e+01 5.398863315582e+00 -1.710193634033e+00
G1-1 443 2 -8.976775354278e+00 -1.605069623877e+01 5.187744234868e+01 3.393958091736e+00 -9.199112057686e-01
G1-1 443 3 -6.207976261467e+00 -1.288018568904e+01 5.482724210999e+01 4.277066707611e+00 -1.236544966698e+00
G1-1 443 4 -8.976775354278e+00 -1.605069623877e+01 5.625927542720e+01 3.731956720352e+00 -1.045550465584e+00
G1-1 444 1 -3.915620318809e+00 -1.258320133664e+01 4.637038819281e+01 3.830612182617e+00 -1.080677032471e+00
G1-1 444 2 -2.632374024414e+00 -1.240619881364e+01 5.212655460136e+01 3.850545644760e+00 -1.041589736938e+00
G1-1 444 3 -1.208545795713e+00 -1.557670936337e+01 4.917675484005e+01 3.294696569443e+00 -8.302701711655e-01
G1-1 444 4 -9.885794148677e-01 -1.147174372732e+01 4.963644259406e+01 4.188481330872e+00 -1.193614721298e+00
G1-1 445 1 8.028790929242e+00 1.667274341008e+01 2.277417488821e+01 4.754114151001e+00 -1.500813722610e+00
G1-1 445 2 3.632483851893e+00 1.259252516637e+01 2.364074335265e+01 5.541707038879e+00 -1.778930068016e+00
G1-1 445 3 4.777112811513e+00 1.667274341008e+01 2.008696613894e+01 5.368783473969e+00 -1.739158391953e+00
G1-1 445 4 6.897857991839e+00 1.403081812211e+01 1.977436836678e+01 5.414836883545e+00 -1.753858208656e+00
G1-1 446 1 6.182603315071e+00 1.368361418135e+01 7.812164668600e+01 7.624350070953e+00 -2.448823690414e+00
G1-1 446 2 8.245968122655e+00 1.365910430232e+01 8.298345374020e+01 4.639864444733e+00 -1.319923877716e+00
G1-1 446 3 7.748959943540e+00 1.681013184703e+01 8.108462630057e+01 2.801402568817e+00 -4.111481904984e-01
G1-1 446 4 3.556332544668e+00 1.681013184703e+01 8.108462630057e+01 4.200417041779e+00 -1.099681735039e+00
G1-1 447 1 1.178332441163e+01 1.099152708699e+01 1.381469934024e+01 4.213185310364e+00 -1.344513535500e+00
G1-1 447 2 1.022871302338e+01 1.144632378350e+01 1.712599095048e+01 5.472497463226e+00 -1.789407610893e+00
G1-1 447 3 1.048540118341e+01 8.497246416563e+00 1.962225203313e+01 6.061531066895e+00 -1.988317608833e+00
G1-1 447 4 1.494109955145e+01 1.033215830529e+01 1.654946993811e+01 4.784838199615e+00 -1.544155836105e+00
G1-1 448 1 5.160414254783e+00 1.327065486754e+01 1.718895220675e+01 6.297074794769e+00 -2.083812236786e+00
G1-1 448 2 2.374094074881e-02 1.203746455815e+01 1.821098424211e+01 6.021656513214e+00 -1.983589053154e+00
G1-1 448 3 3.039669015516e+00 1.591258062704e+01 1.750154997891e+01 4.897792339325e+00 -1.583368659019e+00
G1-1 448 4 2.540160326077e+00 1.324753877784e+01 1.466652046919e+01 5.557602405548e+00 -1.836160659790e+00
G1-1 449 1 6.486271882935e+00 1.446813182376e+01 1.572848682153e+01 5.466900348663e+00 -1.794903993607e+00
G1-1 449 2 3.866018072109e+00 1.444501573406e+01 1.320605508397e+01 5.203855037689e+00 -1.712859630585e+00
G1-1 449 3 4.365526702608e+00 1.711005734749e+01 1.604108459369e+01 5.325809001923e+00 -1.747410535812e+00
G1-1 449 4 5.640164356599e+00 1.711005734749e+01 1.202435309218e+01 5.160255432129e+00 -1.709379911423e+00
G1-1 450 1 7.449993647763e+00 2.135571878088e+00 9.362756033418e+00 4.925900459290e+00 -2.950863838196e+00
G1-1 450 2 8.534290182806e+00 -1.291940791753e+00 6.783885828542e+00 4.147683620453e+00 -2.784876108170e+00
G1-1 450 3 9.647515854299e+00 6.140874282645e-01 3.844588017635e+00 3.107575416565e+00 -2.820123672485e+00
G1-1 450 4 1.384014331211e+01 2.985859919391e+00 7.828470361494e+00 4.772205829620e+00 -2.719047307968e+00
G1-1 451 1 1.013999526720e+01 -6.687401682931e+00 7.556754559797e+00 4.766122817993e+00 -3.068838596344e+00
G1-1 451 2 1.297014438182e+01 -1.074539583106e+01 6.941247301339e+00 5.236095905304e+00 -2.633047342300e+00
G1-1 451 3 1.544584816074e+01 -7.354744948683e+00 8.594623793459e+00 5.597598075867e+00 -2.108145475388e+00
G1-1 451 4 1.253494560851e+01 -9.810799955995e+00 1.031960464631e+01 5.580955028534e+00 -1.858899593353e+00
G1-1 452 1 1.117015452842e+01 -1.341540583377e+01 3.945117617619e+00 4.724216938019e+00 -2.607489585876e+00
G1-1 452 2 9.453230849535e+00 -1.583663838125e+01 1.621327006230e+00 4.017410278320e+00 -4.162822246552e+00
G1-1 452 3 7.989468252795e+00 -1.302266091074e+01 4.544260859698e+00 4.485023021698e+00 -2.777156352997e+00
G1-1 452 4 9.453230849535e+00 -1.164401092343e+01 1.621327006230e+00 3.137540817261e+00 -3.606083393097e+00
G1-1 453 1 7.995999835591e+00 -7.355220526289e+00 5.468917869390e+00 4.107389450073e+00 -3.733495950699e+00
G1-1 453 2 9.109225271324e+00 -9.641819764083e+00 2.529619999543e+00 3.078230142593e+00 -3.382344484329e+00
G1-1 453 3 1.082614918597e+01 -1.141321467442e+01 4.853410610932e+00 4.673555374146e+00 -3.311688184738e+00
G1-1 453 4 7.645462674583e+00 -1.102046975139e+01 5.452553911951e+00 4.357360363007e+00 -3.352479219437e+00
G1-1 454 1 1.291807494633e+01 -1.428497277540e+01 3.041881324523e+00 4.701204776764e+00 -3.553435087204e+00
G1-1 454 2 1.120115150321e+01 -1.251357762930e+01 7.180907720746e-01 3.162222385406e+00 -3.814675569534e+00
G1-1 454 3 1.539377896102e+01 -1.670620508711e+01 7.180907720746e-01 4.795502662659e+00 -5.543526649475e+00
G1-1 454 4 1.120115150321e+01 -1.670620508711e+01 7.180907720746e-01 4.253828525543e+00 -4.711927890778e+00
G1-1 455 1 1.421366808188e+01 -1.298937963985e+01 3.041881324523e+00 4.739913940430e+00 -3.095188379288e+00
G1-1 455 2 1.668937209656e+01 -1.541061195156e+01 7.180907720746e-01 4.759143352509e+00 -5.463363647461e+00
G1-1 455 3 1.249674463875e+01 -1.121798449375e+01 7.180907720746e-01 3.156056404114e+00 -3.734509229660e+00
G1-1 455 4 1.668937209656e+01 -1.121798449375e+01 7.180907720746e-01 4.167307376862e+00 -4.750454902649e+00
G1-1 456 1 -6.093128717124e+00 7.805659883419e+00 3.767887759618e+01 8.296854019165e+00 -2.717357635498e+00
G1-1 456 2 -7.762669861201e+00 1.149600925818e+01 3.994236927419e+01 5.382135868073e+00 -1.614393711090e+00
G1-1 456 3 -6.238754773563e+00 1.133607643442e+01 3.661982631483e+01 6.466426849365e+00 -2.040091037750e+00
G1-1 456 4 -9.358949303141e+00 8.423686880954e+00 3.843306774497e+01 6.424764633179e+00 -2.039326429367e+00
G1-1 457 1 -7.232443277827e+00 4.982939737534e+00 3.688525213208e+01 8.054445266724e+00 -2.641641378403e+00
G1-1 457 2 -1.057885926213e+01 5.457784310663e+00 3.445337504942e+01 6.001957893372e+00 -1.898146033287e+00
G1-1 457 3 -9.388093610554e+00 2.594346087363e+00 3.795334171920e+01 7.614901542664e+00 -2.493631362915e+00
G1-1 457 4 -1.049826362808e+01 5.600966735069e+00 3.763944322393e+01 7.386237621307e+00 -2.408508062363e+00
G1-1 458 1 3.921371208777e+00 5.781522340855e+00 3.022878648587e+01 8.090487480164e+00 -2.667083740234e+00
G1-1 458 2 8.235433241572e+00 7.414540680433e+00 3.096432169438e+01 6.225123405457e+00 -1.987837195396e+00
G1-1 458 3 3.333207848375e+00 8.752525968688e+00 2.843808755318e+01 6.566288948059e+00 -2.122603893280e+00
G1-1 458 4 5.680651964048e+00 1.023374467015e+01 3.135896234763e+01 6.060778617859e+00 -1.921594262123e+00
G1-1 459 1 -2.566887531279e+00 -1.251899379008e+00 3.701754097364e+01 6.681015968323e+00 -2.166733980179e+00
G1-1 459 2 -6.757207714368e+00 -1.193255554638e+00 3.697198436409e+01 7.412662029266e+00 -2.436446666718e+00
G1-1 459 3 -6.583902295504e+00 -1.549435745604e+00 3.236097179946e+01 7.339868068695e+00 -2.419616699219e+00
G1-1 459 4 -2.752392718918e+00 -4.776715480097e+00 3.347974845303e+01 6.246147632599e+00 -2.028844594955e+00
G1-1 460 1 -6.834955680691e+00 6.218476588359e+00 3.048090184944e+01 6.974588394165e+00 -2.267729282379e+00
G1-1 460 2 -6.326741955768e+00 5.044631317349e+00 3.410683614566e+01 7.177676677704e+00 -2.333677291870e+00
G1-1 460 3 -9.673157704311e+00 5.519475890478e+00 3.167496094908e+01 6.631029605865e+00 -2.140933990479e+00
G1-1 460 4 -8.309086633869e+00 2.299857533771e+00 3.056391505423e+01 6.883255004883e+00 -2.246389627457e+00
G1-1 461 1 9.745946185108e-01 1.308381636032e+01 3.390935165806e+01 5.532113552094e+00 -1.692874670029e+00
G1-1 461 2 9.673992380674e-01 1.679885497823e+01 3.461016590750e+01 4.633465766907e+00 -1.352595210075e+00
G1-1 461 3 3.754819925698e+00 1.419985567174e+01 3.293957283857e+01 4.996488571167e+00 -1.505123376846e+00
G1-1 461 4 1.538399300752e+00 1.679885497823e+01 3.096847116508e+01 4.772501945496e+00 -1.438924431801e+00
G1-1 462 1 1.110554874653e+00 1.182295973656e+01 3.249050929621e+01 5.746809959412e+00 -1.790102839470e+00
G1-1 462 2 3.890780170790e+00 1.293899881222e+01 3.152073094824e+01 6.006018638611e+00 -1.904172182083e+00
G1-1 462 3 1.543336121424e+00 1.145778011076e+01 2.859985521074e+01 5.822832584381e+00 -1.848967790604e+00
G1-1 462 4 1.674359560579e+00 1.553799811871e+01 2.954962880323e+01 4.601120471954e+00 -1.378957271576e+00
G1-1 463 1 1.028697274186e+00 7.463256295946e+00 5.610476750121e+00 3.660700321198e+00 -2.987067699432e+00
G1-1 463 2 2.533690339598e+00 1.081189882576e+01 7.911276602726e+00 4.852511405945e+00 -2.653540372849e+00
G1-1 463 3 5.673703485913e+00 9.284312745621e+00 2.582425096647e+00 2.739086627960e+00 -3.612028121948e+00
G1-1 463 4 1.481076087041e+00 9.284312745621e+00 2.582425096647e+00 2.674513339996e+00 -3.202705860138e+00
G1-1 464 1 -8.872932006188e+00 5.258236870402e+00 1.068044161171e+01 5.331955432892e+00 -2.491456270218e+00
G1-1 464 2 -1.446642061161e+01 6.626949001424e+00 8.940099765991e+00 5.167853355408e+00 -2.286357641220e+00
G1-1 464 3 -1.039058357181e+01 9.624963812656e+00 1.104169119365e+01 5.580341815948e+00 -2.319713115692e+00
G1-1 464 4 -1.027379315380e+01 8.314259466595e+00 4.916917628541e+00 3.767862081528e+00 -2.815863132477e+00
G1-1 465 1 7.466660701620e+00 3.463078802383e+00 7.428462396387e+01 8.614574432373e+00 -2.774958848953e+00
G1-1 465 2 1.035687468470e+01 1.622669674696e+00 7.509492564820e+01 8.948458671570e+00 -2.104731559753e+00
G1-1 465 3 1.035687468470e+01 1.143512030417e+00 7.324157140498e+01 9.067602157593e+00 -1.866462945938e+00
G1-1 465 4 1.035687468470e+01 3.778878149121e+00 7.136026478617e+01 9.153632164001e+00 -1.694007873535e+00
G1-1 466 1 1.509803873077e+01 -1.380251156889e+01 1.451239038095e+02 6.295769691467e+00 -2.060457706451e+00
G1-1 466 2 1.788788888926e+01 -1.239968375229e+01 1.478057455316e+02 6.830652713776e+00 -2.252646684647e+00
G1-1 466 3 1.788788888926e+01 -1.659231121011e+01 1.478057455316e+02 8.079797744751e+00 -2.716648817062e+00
G1-1 466 4 1.788788888926e+01 -1.659231121011e+01 1.433868188723e+02 8.063869476318e+00 -2.695497989655e+00
G1-1 467 1 -6.464761116290e+00 -1.133002672255e+01 1.047149113317e+01 5.121483802795e+00 -1.854737639427e+00
G1-1 467 2 -5.403780271134e+00 -1.124340175788e+01 7.425203644705e+00 4.673657894135e+00 -2.949409961700e+00
G1-1 467 3 -9.332002312359e+00 -1.118304952641e+01 7.424570629096e+00 4.833829879761e+00 -2.770354509354e+00
G1-1 467 4 -7.164131822068e+00 -8.153563802242e+00 7.264752297034e+00 4.591212749481e+00 -3.204644680023e+00
G1-1 468 1 9.378733716371e+00 -7.921438597251e+00 1.226437261200e+01 5.749385356903e+00 -2.477821111679e+00
G1-1 468 2 6.983782903536e+00 -4.798040383128e+00 9.501522643366e+00 4.932488918304e+00 -2.259564876556e+00
G1-1 468 3 3.803380968040e+00 -4.941290892606e+00 1.112970953953e+01 5.389074325562e+00 -2.298919677734e+00
G1-1 468 4 8.086470400281e+00 -3.266026301065e+00 1.458910017642e+01 6.216762065887e+00 -2.334954500198e+00
G1-1 469 1 5.063020200407e+00 4.020097900138e+00 8.159095131245e+00 4.568509578705e+00 -2.524184703827e+00
G1-1 469 2 2.615536106806e+00 4.870184576332e+00 5.668978768935e+00 3.682733774185e+00 -2.902374267578e+00
G1-1 469 3 7.260542436413e+00 6.691240849186e+00 2.640927115462e+00 2.789896488190e+00 -4.014557838440e+00
G1-1 469 4 7.260542436413e+00 2.498613450314e+00 2.640927115462e+00 2.642721414566e+00 -3.842076063156e+00
G1-1 470 1 -6.000888961259e+00 -7.367371836822e+00 4.517743162877e+00 3.402965068817e+00 -3.182031631470e+00
G1-1 470 2 -2.756659006205e+00 -9.198260587653e+00 1.756267850181e+00 2.342849969864e+00 -3.490222454071e+00
G1-1 470 3 -4.240537587146e+00 -1.045720932094e+01 4.678194628429e+00 3.753322839737e+00 -3.247629880905e+00
G1-1 470 4 -6.949286405077e+00 -9.198260587653e+00 1.756267850181e+00 2.508239269257e+00 -3.761492252350e+00
G1-1 471 1 -1.473613669318e+01 -1.023342035150e+01 1.032866771530e+02 5.303391933441e+00 -1.731999635696e+00
G1-1 471 2 -1.701065945758e+01 -1.269448782731e+01 1.032935200369e+02 5.999938011169e+00 -1.985983133316e+00
G1-1 471 3 -1.365655749133e+01 -1.269448782731e+01 1.032935200369e+02 2.684689521790e+00 -6.015258431435e-01
G1-1 471 4 -1.701065945758e+01 -1.116197746800e+01 1.070818018772e+02 5.100341320038e+00 -1.604091882706e+00
G1-1 472 1 -5.113217835205e+00 6.349811026001e+00 1.382592142551e+01 6.198427677155e+00 -2.326196908951e+00
G1-1 472 2 -6.630869489235e+00 1.071653820402e+01 1.418717065381e+01 5.734476566315e+00 -1.897127032280e+00
G1-1 472 3 -3.785256716718e+00 9.723345364768e+00 1.693571295710e+01 5.611823081970e+00 -1.838026046753e+00
G1-1 472 4 -1.268837301920e+00 1.093341946657e+01 1.339124871266e+01 5.939279556274e+00 -1.974641203880e+00
G1-1 473 1 -1.356643500972e+01 1.039779757945e+01 1.433044114622e+02 5.405014514923e+00 -1.753599047661e+00
G1-1 473 2 -1.653658109425e+01 7.493535667175e+00 1.434685650610e+02 4.879425525665e+00 -1.542357802391e+00
G1-1 473 3 -1.234395363644e+01 9.211009430688e+00 1.474738648268e+02 5.275842189789e+00 -1.705760121346e+00
G1-1 473 4 -1.653658109425e+01 9.211009430688e+00 1.474738648268e+02 5.053848266602e+00 -1.615702033043e+00
G1-1 474 1 -1.486202814527e+01 1.369127408540e+01 1.382359753633e+02 5.872861385345e+00 -1.930416822433e+00
G1-1 474 2 -1.783217422980e+01 1.669711339445e+01 1.336417697551e+02 6.808281421661e+00 -2.268758058548e+00
G1-1 474 3 -1.783217422980e+01 1.305967086337e+01 1.351438307259e+02 5.886982917786e+00 -1.930510878563e+00
G1-1 474 4 -1.783217422980e+01 1.669711339445e+01 1.380235901713e+02 6.789588928223e+00 -2.261964082718e+00
G1-1 475 1 -1.118054391677e+01 1.667350266457e+01 1.318712063795e+02 5.868011951447e+00 -1.939341306686e+00
G1-1 475 2 -1.537317137458e+01 1.667350266457e+01 1.318712063795e+02 6.296113967896e+00 -2.089018583298e+00
G1-1 475 3 -1.160829843606e+01 1.295965420659e+01 1.320254440761e+02 5.932478427887e+00 -1.951578378677e+00
G1-1 475 4 -1.240302552582e+01 1.366766335552e+01 1.364654195321e+02 6.003692626953e+00 -1.979864835739e+00
G1-1 476 1 -6.446467218394e+00 1.038002625062e+01 1.359115551342e+02 5.390011310577e+00 -1.754569649696e+00
G1-1 476 2 -1.037942744078e+01 1.036614806688e+01 1.376549620897e+02 5.630541801453e+00 -1.837787151337e+00
G1-1 476 3 -9.584699997383e+00 9.658138917952e+00 1.332149904059e+02 5.433129787445e+00 -1.762699007988e+00
G1-1 476 4 -9.511549088869e+00 5.680022020168e+00 1.340593950802e+02 5.454202175140e+00 -1.758383512497e+00
G1-1 477 1 -1.022630778327e+01 1.267954021794e+01 1.438649042688e+02 6.055714607239e+00 -2.004922628403e+00
G1-1 477 2 -6.580201693458e+00 1.296652538285e+01 1.458428666702e+02 6.254899024963e+00 -2.082118034363e+00
G1-1 477 3 -9.003826174226e+00 1.568537952699e+01 1.480343576335e+02 6.291546821594e+00 -2.156395435333e+00
G1-1 477 4 -9.003826174226e+00 1.149275206918e+01 1.480343576335e+02 6.005745887756e+00 -1.986477851868e+00
G1-1 478 1 1.395474916236e+01 1.230309109111e+01 3.945380016148e+01 4.659893035889e+00 -1.390149116516e+00
G1-1 478 2 1.592497125514e+01 1.009031619920e+01 4.093408118871e+01 6.364291191101e+00 -2.054586410522e+00
G1-1 478 3 1.162347786797e+01 1.168599897307e+01 4.089113985337e+01 2.426197528839e+00 -2.206303030252e-01
G1-1 478 4 1.305469947301e+01 9.025776765790e+00 3.970517603155e+01 6.364402294159e+00 -2.028832197189e+00
G1-1 479 1 1.510746751215e+01 1.608071395659e+01 3.662448208157e+01 2.812309026718e+00 -7.201107740402e-01
G1-1 479 2 1.363619787642e+01 1.811986716024e+01 3.411781549230e+01 3.838015794754e+00 -1.165366768837e+00
G1-1 479 3 1.707768913341e+01 1.811986716024e+01 3.709384182454e+01 4.512633323669e+00 -1.486546397209e+00
G1-1 479 4 1.707768913341e+01 1.811986716024e+01 3.267491940896e+01 4.977169990540e+00 -1.628116130829e+00
G1-1 480 1 7.475827786723e+00 -1.218067334779e+01 1.003224162998e+02 5.554837226868e+00 4.629184246063e+00
G1-1 480 2 1.035903879888e+01 -1.392503352207e+01 1.011411402494e+02 6.715614795685e+00 -4.160667359829e-01
G1-1 480 3 1.035903879888e+01 -1.517878710612e+01 1.006294252668e+02 6.804299354553e+00 -6.444055080414e+00
G1-1 480 4 1.035903879888e+01 -1.440419105973e+01 9.928778448032e+01 5.578433036804e+00 -8.941129684448e+00
G1-1 481 1 -5.113554264592e+00 -1.282356803246e+01 1.448652351625e+02 5.339605808258e+00 -1.704816579819e+00
G1-1 481 2 -2.760301514483e+00 -1.735095930951e+01 1.478345693891e+02 5.577216148376e+00 -1.788666367531e+00
G1-1 481 3 -6.952929090176e+00 -1.735095930951e+01 1.478345693891e+02 6.066638946533e+00 -1.973999738693e+00
G1-1 481 4 -5.146944645825e+00 -1.735095930951e+01 1.437964427097e+02 5.969059944153e+00 -1.933336377144e+00
G1-1 482 1 9.598145221137e+00 -8.722526375601e+00 1.079553296935e+02 6.393022060394e+00 -2.033655881882e+00
G1-1 482 2 1.130987685414e+01 -9.368615538342e+00 1.048400109630e+02 7.300675868988e+00 -2.388541698456e+00
G1-1 482 3 9.049406474638e+00 -1.168124523171e+01 1.080329982291e+02 6.920850753784e+00 -2.222387313843e+00
G1-1 482 4 6.423356581542e+00 -1.127276132237e+01 1.078706052062e+02 8.590509414673e+00 -2.819294214249e+00
G1-1 483 1 4.655318853652e+00 -9.739446532062e+00 1.030563566407e+02 8.556648254395e+00 -2.889895200729e+00
G1-1 483 2 3.903032660687e+00 -1.085522113510e+01 1.068292656748e+02 7.188654422760e+00 -2.270184516907e+00
G1-1 483 3 7.077821506573e+00 -8.304986541979e+00 1.069139863899e+02 4.593329429626e+00 -1.250606298447e+00
G1-1 483 4 2.507376945901e+00 -9.124147403710e+00 1.043641181013e+02 8.578316688538e+00 -2.845295429230e+00
G1-1 484 1 7.559921899238e+00 -4.062194776753e+00 1.044289284405e+02 6.051683425903e+00 -1.888818025589e+00
G1-1 484 2 5.518593329607e+00 -8.135830634321e+00 1.024897119984e+02 7.875349521637e+00 -4.252747535706e+00
G1-1 484 3 7.941095982528e+00 -6.701370644239e+00 1.063473455198e+02 4.970204353333e+00 -1.439502835274e+00
G1-1 484 4 3.370651392386e+00 -7.520531505970e+00 1.037974753451e+02 8.251617431641e+00 -3.499780178070e+00
G1-1 485 1 -1.419891342496e+00 -1.289419330660e+01 9.854971984160e+01 5.378087043762e+00 -9.252753257751e+00
G1-1 485 2 -3.390588742689e+00 -1.050358701900e+01 9.664443543082e+01 8.411554336548e+00 -3.179918766022e+00
G1-1 485 3 -4.044058847282e+00 -1.130908185630e+01 9.995379624810e+01 7.061744213104e+00 -5.880195617676e+00
G1-1 485 4 -1.419891342496e+00 -1.005537670207e+01 1.008921150078e+02 7.464050292969e+00 -5.074198246002e+00
G1-1 486 1 -1.419891342496e+00 -8.041945985028e+00 1.006221988282e+02 7.523412704468e+00 -4.954319000244e+00
G1-1 486 2 -3.390588742689e+00 -8.490156419841e+00 9.637452113729e+01 7.874283313751e+00 -4.254813671112e+00
G1-1 486 3 -4.044058847282e+00 -9.295651257135e+00 9.968388006848e+01 7.858945846558e+00 -4.283449172974e+00
G1-1 486 4 -1.419891342496e+00 -4.365164233313e+00 9.740634454612e+01 8.170457839966e+00 -3.419379949570e+00
G1-1 487 1 6.724584564058e+00 -1.074751423412e+01 9.815105652889e+01 7.593555927277e+00 -4.819095134735e+00
G1-1 487 2 7.176721440032e+00 -1.126403515510e+01 9.516605454077e+01 8.006899833679e+00 -1.903387188911e+00
G1-1 487 3 9.607795694092e+00 -1.033566569689e+01 9.523511961646e+01 5.067420482635e+00 1.201532125473e+00
G1-1 487 4 9.607795694092e+00 -1.297103194606e+01 9.711642470939e+01 8.819768905640e+00 -2.362019777298e+00
G1-1 488 1 -1.324089729113e+00 -1.036528679467e+01 1.033652756812e+02 8.583725929260e+00 -2.834244728088e+00
G1-1 488 2 -1.324089729113e+00 -1.397869968135e+01 1.023645231876e+02 8.629386901855e+00 -2.741409301758e+00
G1-1 488 3 -2.984766596046e+00 -1.104179219046e+01 1.057792793659e+02 7.241807460785e+00 -2.265770673752e+00
G1-1 488 4 -3.948257263370e+00 -1.161899218465e+01 1.024269569215e+02 4.343285083771e+00 -8.579252958298e-01
G1-1 489 1 -1.173321390209e+00 -5.231026829308e+00 1.104341423625e+02 6.872037410736e+00 -2.198859214783e+00
G1-1 489 2 -2.997915360603e-01 -9.383026764753e+00 1.127793012236e+02 6.026016235352e+00 -1.863949298859e+00
G1-1 489 3 -1.992630900573e+00 -9.274709545163e+00 1.097683648594e+02 8.011041641235e+00 -2.596463203430e+00
G1-1 489 4 1.063701710617e+00 -1.032927835228e+01 1.098195068621e+02 6.987473487854e+00 -2.214346408844e+00
G1-1 490 1 2.905240131665e+00 -3.966961857197e-01 9.392581704999e+01 7.605933189392e+00 -2.500225305557e+00
G1-1 490 2 5.283032247969e+00 -1.857599095177e+00 9.108298309840e+01 8.596169471741e+00 -2.808351039886e+00
G1-1 490 3 6.464865945614e+00 1.174177148913e+00 8.996697429333e+01 7.653979301453e+00 -2.491539001465e+00
G1-1 490 4 6.369376876320e+00 -3.966961857197e-01 9.392581704999e+01 8.566752433777e+00 -2.849240064621e+00
G1-1 491 1 -5.958074004901e+00 2.920964472298e-01 1.019787700517e+02 8.320914268494e+00 -2.772464990616e+00
G1-1 491 2 -9.985957883261e+00 -2.507645483463e+00 1.009151452061e+02 7.884819030762e+00 -2.729813814163e+00
G1-1 491 3 -7.671938474801e+00 -1.630945774882e+00 9.853260975096e+01 8.369212150574e+00 -2.919965505600e+00
G1-1 491 4 -6.831969175992e+00 -6.561432916584e+00 1.008101433872e+02 6.823714733124e+00 -2.222918748856e+00
G1-1 492 1 9.605167354483e+00 1.724183143726e+00 6.543235180988e+01 8.678710937500e+00 -2.642970085144e+00
G1-1 492 2 8.038151208704e+00 -1.484471733191e+00 6.462607359990e+01 8.255144119263e+00 -2.627296924591e+00
G1-1 492 3 8.214027546180e+00 -2.782437397773e+00 6.717659622361e+01 5.329226016998e+00 -1.439263820648e+00
G1-1 492 4 7.240534158730e+00 1.150170225900e+00 6.726258807730e+01 8.659932136536e+00 -2.680451393127e+00
G1-1 493 1 9.755552085690e+00 5.068057525135e+00 6.732509326340e+01 8.893818855286e+00 -2.214746236801e+00
G1-1 493 2 7.284050477666e+00 5.664885650907e+00 6.468380867328e+01 8.796774864197e+00 -2.407145500183e+00
G1-1 493 3 9.755552085690e+00 4.588900009993e+00 6.547173807713e+01 8.909725189209e+00 -2.181941032410e+00
G1-1 493 4 7.390918654176e+00 4.014887151108e+00 6.730197717369e+01 8.228530883789e+00 -1.829010844231e+00
G1-1 494 1 -6.183428885078e+00 7.280684354636e+00 5.699371686789e+01 8.622528076172e+00 -2.755864858627e+00
G1-1 494 2 -8.524903826954e+00 4.218431918361e+00 6.061619501966e+01 2.994893074036e+00 1.103851318359e+00
G1-1 494 3 -6.957887445414e+00 2.494412090075e+00 5.587368517132e+01 7.890555858612e+00 -4.221771240234e+00
G1-1 494 4 -3.614799107014e+00 2.662469634451e+00 5.616398060837e+01 7.755643367767e+00 -4.493454933167e+00
G1-1 495 1 2.950619168820e+00 -4.558704797694e+00 6.762624085293e+01 8.604600906372e+00 -2.791156053543e+00
G1-1 495 2 6.467225589695e+00 -2.967660441320e+00 6.514397960610e+01 8.601019859314e+00 -2.798187017441e+00
G1-1 495 3 5.669608480780e+00 -3.330183938183e-01 6.778049408351e+01 8.663489341736e+00 -2.673177003860e+00
G1-1 495 4 6.643101809290e+00 -4.265626046962e+00 6.769450411591e+01 8.603150367737e+00 -2.794031858444e+00
G1-1 496 1 1.044037363339e+01 1.152630752787e+01 1.423139912230e+02 5.852864742279e+00 -1.925599217415e+00
G1-1 496 2 6.100484127704e+00 1.094182402367e+01 1.388879376553e+02 5.402151584625e+00 -1.765442728996e+00
G1-1 496 3 1.021050618121e+01 9.864487574179e+00 1.386817046035e+02 5.557011604309e+00 -1.811173796654e+00
G1-1 496 4 7.541844895205e+00 8.410540645246e+00 1.417992888815e+02 5.532951354980e+00 -1.803184151649e+00
G1-1 497 1 7.284315760882e+00 1.324583572001e+01 1.461231704817e+02 6.248576164246e+00 -2.078691244125e+00
G1-1 497 2 1.074611543859e+01 1.338368950190e+01 1.461297108660e+02 6.203903198242e+00 -2.058234453201e+00
G1-1 497 3 9.237574469842e+00 1.587320322519e+01 1.485204297485e+02 6.399252414703e+00 -2.184738874435e+00
G1-1 497 4 9.237574469842e+00 1.168057576738e+01 1.485204297485e+02 6.157526493073e+00 -2.040997266769e+00
G1-1 498 1 5.093028095834e+00 1.098741781723e+01 1.459641161046e+02 6.071703910828e+00 -2.011325359344e+00
G1-1 498 2 2.853659464862e+00 9.422157864597e+00 1.483613829158e+02 5.754883766174e+00 -1.895881652832e+00
G1-1 498 3 5.656299389006e+00 8.009504952258e+00 1.454559616917e+02 5.105124950409e+00 -1.649800539017e+00
G1-1 498 4 7.046286922674e+00 9.422157864597e+00 1.483613829158e+02 5.671949863434e+00 -1.861474871635e+00
G1-1 499 1 -1.400350847145e+01 1.035969393247e+01 8.993391359277e+01 5.402812957764e+00 -1.716012954712e+00
G1-1 499 2 -1.427507797912e+01 7.823218059146e+00 9.390581242875e+01 5.877181053162e+00 -1.905380606651e+00
G1-1 499 3 -1.698886658383e+01 9.378715515597e+00 9.403511393033e+01 5.816559314728e+00 -1.888984322548e+00
G1-1 499 4 -1.698886658383e+01 8.441321825982e+00 8.926600019707e+01 5.144251823425e+00 -1.631219267845e+00
G1-1 500 1 -1.484211503368e+01 1.212396171443e+01 8.510125343345e+01 5.715854167938e+00 -1.831851363182e+00
G1-1 500 2 -1.782747338182e+01 1.020558984371e+01 8.443334003775e+01 5.167329311371e+00 -1.637689232826e+00
G1-1 500 3 -1.782747338182e+01 1.512500806009e+01 8.231416611682e+01 6.202233791351e+00 -2.031366348267e+00
G1-1 500 4 -1.782747338182e+01 1.131475228667e+01 8.032262713073e+01 3.612134456635e+00 -1.028077244759e+00
G1-1 501 1 -2.869149208054e-01 1.089757145202e+01 8.355110900857e+01 5.422507762909e+00 -1.606676578522e+00
G1-1 501 2 1.585862909702e+00 8.045606280733e+00 8.355498500530e+01 6.764032363892e+00 -2.116601943970e+00
G1-1 501 3 6.171766147744e+00 1.061071357370e+01 8.543564864808e+01 6.568851470947e+00 -2.080827236176e+00
G1-1 501 4 3.254082230051e+00 9.350727719729e+00 8.847687306071e+01 5.764740467072e+00 -1.784376978874e+00
G1-1 502 1 -9.928683415330e+00 5.398531437931e+00 8.629403224007e+01 6.205267906189e+00 -1.960218191147e+00
G1-1 502 2 -1.186444365074e+01 9.490714794528e+00 8.648169924289e+01 6.154769420624e+00 -1.968016266823e+00
G1-1 502 3 -1.013497172090e+01 7.253369034653e+00 8.357086322405e+01 6.440453529358e+00 -2.035413265228e+00
G1-1 502 4 -1.484980152736e+01 7.572342923806e+00 8.581378584719e+01 5.451266288757e+00 -1.728878378868e+00
G1-1 503 1 -1.484211503368e+01 1.207088225055e+01 8.919932931571e+01 5.110732555389e+00 -1.605661153793e+00
G1-1 503 2 -1.782747338182e+01 1.108990406944e+01 9.330052965327e+01 6.394328117371e+00 -2.097308635712e+00
G1-1 503 3 -1.782747338182e+01 1.507192859620e+01 9.079407148552e+01 6.981982707977e+00 -2.307724475861e+00
G1-1 503 4 -1.782747338182e+01 1.015251037983e+01 8.853141592001e+01 5.655368328094e+00 -1.820399880409e+00
G1-1 504 1 -1.484211503368e+01 1.330139526557e+01 8.707073136842e+01 5.540653228760e+00 -1.768487930298e+00
G1-1 504 2 -1.782747338182e+01 1.138302386638e+01 8.640281797272e+01 5.843123912811e+00 -1.890429139137e+00
G1-1 504 3 -1.782747338182e+01 1.630244184699e+01 8.866547353823e+01 6.564905166626e+00 -2.161496877670e+00
G1-1 504 4 -1.782747338182e+01 1.630244184699e+01 8.428364405178e+01 6.462062358856e+00 -2.128117799759e+00
G1-1 505 1 -1.338515269723e+01 1.050520968493e+01 8.506301479873e+01 5.178329944611e+00 -1.605500340462e+00
G1-1 505 2 -1.165568088527e+01 8.267863925060e+00 8.215218066599e+01 5.262408733368e+00 -1.589012384415e+00
G1-1 505 3 -1.637051080961e+01 8.586837578452e+00 8.439510140304e+01 6.665037155151e+00 -2.179747343063e+00
G1-1 505 4 -1.637051080961e+01 9.696000257171e+00 8.028438849601e+01 5.838456153870e+00 -1.878843307495e+00
G1-1 506 1 1.011119224799e+01 1.292546294246e+01 6.884204813757e+01 6.589659690857e+00 -2.023337364197e+00
G1-1 506 2 7.242901562853e+00 1.277235424736e+01 7.206055010754e+01 6.052754878998e+00 -1.796461343765e+00
G1-1 506 3 8.809258250263e+00 1.589887191304e+01 7.064169493760e+01 4.804044723511e+00 -1.306209564209e+00
G1-1 506 4 7.242901562853e+00 1.277235424736e+01 6.787153933682e+01 8.081216812134e+00 -2.556429624557e+00
G1-1 507 1 1.214993476916e+01 1.086292998259e+01 7.004136301052e+01 5.360233306885e+00 -1.582977533340e+00
G1-1 507 2 1.504062822924e+01 1.002479132301e+01 7.424626520677e+01 3.204041957855e+00 -7.768950462341e-01
G1-1 507 3 9.281644201899e+00 1.070982128748e+01 7.325986498049e+01 7.758480548859e+00 -2.479823350906e+00
G1-1 507 4 1.168652626299e+01 7.846871068879e+00 7.054666726365e+01 8.601731300354e+00 -2.796834230423e+00
G1-1 508 1 1.085434163361e+01 1.270706777667e+01 6.549548893447e+01 6.258126735687e+00 -1.870824933052e+00
G1-1 508 2 7.986051066352e+00 1.255395908157e+01 6.452498013372e+01 8.617663383484e+00 -2.765444517136e+00
G1-1 508 3 9.552407635881e+00 1.568047674725e+01 6.291330247587e+01 6.466672420502e+00 -1.968733906746e+00
G1-1 508 4 1.039093312744e+01 1.184721747911e+01 6.226613308851e+01 8.632124900818e+00 -2.735952615738e+00
G1-1 509 1 1.367043999968e+01 1.367321486858e+01 6.499745314874e+01 3.023225784302e+00 -6.790438294411e-01
G1-1 509 2 1.656113345976e+01 1.664662383916e+01 6.241526669014e+01 3.333074808121e+00 -1.067712903023e+00
G1-1 509 3 1.656113345976e+01 1.281336457102e+01 6.176809730278e+01 5.002361774445e+00 -1.651751518250e+00
G1-1 509 4 1.236850600195e+01 1.664662383916e+01 6.241526669014e+01 5.035885810852e+00 -1.526809215546e+00
G1-1 510 1 1.496603313522e+01 1.367321486858e+01 6.635151474380e+01 4.802521705627e+00 -1.495842099190e+00
G1-1 510 2 1.785672659531e+01 1.281336457102e+01 6.312215701175e+01 1.347264647484e+00 -2.317510843277e-01
G1-1 510 3 1.785672659531e+01 1.664662383916e+01 6.376932828520e+01 3.622258424759e+00 -1.199274778366e+00
G1-1 510 4 1.785672659531e+01 1.664662383916e+01 6.815115965774e+01 1.594471812248e+00 -1.725899130106e-01
G1-1 511 1 1.496603313522e+01 1.182907700164e+01 6.960291388491e+01 3.760152816772e+00 -1.021153450012e+00
G1-1 511 2 1.785672659531e+01 8.813018087935e+00 7.010821813804e+01 3.434725761414e+00 -1.039940357208e+00
G1-1 511 3 1.785672659531e+01 1.480248573646e+01 7.140256068494e+01 4.676795482635e+00 -1.417130470276e+00
G1-1 511 4 1.785672659531e+01 1.099093810630e+01 7.380781608116e+01 3.825045585632e+00 -1.088503837585e+00
G1-1 512 1 6.370312880606e+00 -4.098040899111e+00 1.460026403352e+02 5.007478237152e+00 -1.579367876053e+00
G1-1 512 2 7.675944445389e+00 -6.149788768952e+00 1.490563495025e+02 4.698477268219e+00 -1.462756752968e+00
G1-1 512 3 7.675944445389e+00 -1.957161311140e+00 1.490563495025e+02 4.579116344452e+00 -1.416873455048e+00
G1-1 512 4 3.483317046517e+00 -1.957161311140e+00 1.490563495025e+02 4.854853153229e+00 -1.524722337723e+00
G1-1 513 1 3.011762416014e+00 -9.695328940329e+00 1.587435845367e+01 5.690216541290e+00 -1.894645452499e+00
G1-1 513 2 6.392155246665e+00 -4.896049752404e+00 1.809519672624e+01 6.355887413025e+00 -2.112990617752e+00
G1-1 513 3 1.696846657858e+00 -8.386089917056e+00 1.887042778033e+01 5.789598941803e+00 -1.918625116348e+00
G1-1 513 4 4.891424156980e+00 -9.744288444541e+00 2.001507303951e+01 5.663178443909e+00 -1.871509552002e+00
G1-1 514 1 1.055549370549e+01 -2.895943706583e+00 1.979419967927e+01 6.241078853607e+00 -2.060287714005e+00
G1-1 514 2 1.475865933805e+01 -2.655261153212e+00 1.996939528391e+01 6.208362102509e+00 -2.047793626785e+00
G1-1 514 3 1.174947160796e+01 -4.953465945970e+00 2.367148614188e+01 6.233731746674e+00 -2.050930976868e+00
G1-1 514 4 9.054762380046e+00 -7.744182472395e+00 2.171407622831e+01 5.870004177094e+00 -1.933202743530e+00
G1-1 515 1 1.406228559909e+01 -1.759151019337e+01 1.338861448443e+02 7.039438724518e+00 -2.319302797318e+00
G1-1 515 2 1.764338074228e+01 -1.384255792851e+01 1.340776859577e+02 6.598621845245e+00 -2.163623094559e+00
G1-1 515 3 1.764338074228e+01 -1.759151019337e+01 1.369308934606e+02 8.238059043884e+00 -2.759099006653e+00
G1-1 515 4 1.764338074228e+01 -1.759151019337e+01 1.325119743457e+02 8.082924842834e+00 -2.690980195999e+00
G1-1 516 1 5.332288252945e+00 -1.350848029820e+01 1.342444543536e+01 5.385298728943e+00 -1.890640139580e+00
G1-1 516 2 8.723219390960e+00 -1.672044153431e+01 1.200024049946e+01 4.511489391327e+00 -1.493263721466e+00
G1-1 516 3 1.000494429654e+01 -1.336461311176e+01 1.332055520047e+01 5.651360988617e+00 -2.204327344894e+00
G1-1 516 4 8.723219390960e+00 -1.672044153431e+01 1.638207381374e+01 4.520613193512e+00 -1.482072472572e+00
G1-1 517 1 9.606179997959e+00 -4.959994006086e+00 9.319104571454e+00 5.128457069397e+00 -2.812828302383e+00
G1-1 517 2 1.200113081079e+01 -8.083392220209e+00 1.208195442220e+01 5.814658641815e+00 -2.100166320801e+00
G1-1 517 3 1.491203336303e+01 -5.627337448658e+00 1.035697368724e+01 5.031974792480e+00 -1.660387754440e+00
G1-1 517 4 1.070886761258e+01 -3.427979924023e+00 1.440668175087e+01 6.279683113098e+00 -2.353338003159e+00
G1-1 518 1 1.478903112830e+01 -3.458053316620e+00 1.805286732305e+01 6.345051288605e+00 -2.102575778961e+00
G1-1 518 2 1.187812857607e+01 -8.354148121973e+00 1.555294391822e+01 6.178089141846e+00 -2.056651830673e+00
G1-1 518 3 9.085134170299e+00 -8.546974694744e+00 1.979754826744e+01 5.210454940796e+00 -1.702950119972e+00
G1-1 518 4 1.058586549574e+01 -3.698735811051e+00 1.787767171841e+01 5.713438510895e+00 -1.878196597099e+00
G1-1 519 1 1.364072967026e+01 -7.535598829435e+00 1.370824055996e+01 6.171279430389e+00 -2.244938850403e+00
G1-1 519 2 1.234846670781e+01 -2.880186518513e+00 1.603296812438e+01 5.698000431061e+00 -1.879574179649e+00
G1-1 519 3 1.655163222249e+01 -2.639503965142e+00 1.620816420055e+01 5.284689903259e+00 -1.730571269989e+00
G1-1 519 4 1.655163222249e+01 -5.079543998944e+00 1.198325994287e+01 5.194959163666e+00 -1.721810936928e+00
G1-1 520 1 -1.807704150270e+00 -4.619461397473e+00 8.004587557619e+01 8.658609390259e+00 -2.683485984802e+00
G1-1 520 2 2.570606573954e+00 -6.428402941415e+00 8.150162095452e+01 8.649875640869e+00 -2.700716972351e+00
G1-1 520 3 3.132271546643e+00 -8.659409049715e+00 7.840487168491e+01 8.627201080322e+00 -2.745974063873e+00
G1-1 520 4 2.570606573954e+00 -4.272196149133e+00 7.776696161837e+01 8.655489921570e+00 -2.689445257187e+00
G1-1 521 1 -9.443412306826e+00 -5.920357451594e+00 7.866851663191e+01 5.296733856201e+00 -7.269163727760e-01
G1-1 521 2 -7.038530127854e+00 -8.783307434439e+00 7.595531891508e+01 8.622040748596e+00 -2.756432771683e+00
G1-1 521 3 -8.331953182262e+00 -5.970214090394e+00 7.314538164232e+01 6.353442668915e+00 -1.819597125053e+00
G1-1 521 4 -7.113512410707e+00 -4.830150345243e+00 7.845765353823e+01 8.634704589844e+00 -2.731920003891e+00
G1-1 522 1 -6.677803498727e+00 4.939911709192e+00 8.197658877767e+01 7.566513061523e+00 -2.400957345963e+00
G1-1 522 2 -2.903646108558e+00 4.462169065458e+00 8.211849939065e+01 7.887423038483e+00 -2.515222072601e+00
G1-1 522 3 -6.471515311040e+00 3.085074083001e+00 8.469975967978e+01 8.599913597107e+00 -2.800354480743e+00
G1-1 522 4 -5.708631737520e+00 4.874686794124e-01 8.182927019389e+01 8.656302452087e+00 -2.687734842300e+00
G1-1 523 1 -8.058282085654e+00 2.334304454277e+00 8.409418815693e+01 7.592133998871e+00 -2.379390001297e+00
G1-1 523 2 -7.295398688956e+00 -2.633009198410e-01 8.122369867105e+01 8.655577659607e+00 -2.689303636551e+00
G1-1 523 3 -9.625298467194e+00 1.281857945161e+00 7.955325325983e+01 8.694771766663e+00 -2.610844612122e+00
G1-1 523 4 -8.264570391222e+00 4.189142080469e+00 8.137101536873e+01 7.197271347046e+00 -2.225137233734e+00
G1-1 524 1 -7.508993508488e+00 -4.884453548560e-01 8.600738378471e+01 6.009748935699e+00 -1.650910139084e+00
G1-1 524 2 -9.076009890028e+00 -3.697100172832e+00 8.520111163572e+01 8.720265388489e+00 -2.559684038162e+00
G1-1 524 3 -6.746110111789e+00 -3.086050728974e+00 8.313689429882e+01 8.666457176208e+00 -2.667752742767e+00
G1-1 524 4 -5.937746639079e+00 -5.612009748052e+00 8.574078124022e+01 8.677878379822e+00 -2.644904136658e+00
G1-1 525 1 4.366404261410e+00 -1.232874125996e+01 9.974969910501e+01 7.035638332367e+00 -5.952565670013e+00
G1-1 525 2 2.218462324188e+00 -1.455225850038e+01 9.871506728551e+01 1.573075890541e+00 -1.711530113220e+01
G1-1 525 3 7.249615273563e+00 -1.455225850038e+01 9.871506728551e+01 5.412153244019e+00 -9.263948440552e+00
G1-1 525 4 2.218462324188e+00 -1.532685431101e+01 1.000567080720e+02 8.942941665649e+00 -2.115072011948e+00
G1-1 526 1 -1.004578656739e+01 -2.439055232644e+00 8.388027088199e+01 7.437721729279e+00 -1.889534473419e+00
G1-1 526 2 -7.715886789154e+00 -1.828006054017e+00 8.181605354509e+01 8.699371337891e+00 -2.550393342972e+00
G1-1 526 3 -1.004578656739e+01 -2.828469237831e-01 8.014561001996e+01 6.409054756165e+00 -1.398980140686e+00
G1-1 526 4 -8.478770067972e+00 7.695993201012e-01 8.468654303098e+01 8.631276130676e+00 -2.737689733505e+00
G1-1 527 1 -3.314424796359e+00 -1.014976865511e+01 8.140724902971e+01 8.630293846130e+00 -2.739853620529e+00
G1-1 527 2 -3.196971603383e+00 -6.006968051567e+00 8.090523086290e+01 7.513664245605e+00 -2.083703994751e+00
G1-1 527 3 1.181339120841e+00 -7.815909595510e+00 8.236097624123e+01 8.669452667236e+00 -2.661144018173e+00
G1-1 527 4 1.743004123001e+00 -1.004691570381e+01 7.926422697162e+01 8.611183166504e+00 -2.778367042542e+00
G1-1 528 1 -9.088347434929e+00 -1.332114934622e+00 6.608095782989e+01 5.104094505310e+00 -1.323970317841e+00
G1-1 528 2 -1.001016250077e+01 6.806848553124e-03 7.009902289472e+01 8.466282844543e+00 -2.505906105042e+00
G1-1 528 3 -6.919779387721e+00 9.451569929651e-01 6.869736216225e+01 8.648227691650e+00 -2.704229116440e+00
G1-1 528 4 -1.001016250077e+01 2.163015186884e+00 6.636436014660e+01 6.568351268768e+00 -1.741148948669e+00
G1-1 529 1 4.716620258713e+00 6.030615168485e+00 7.690994127728e+01 8.633062362671e+00 -2.734095573425e+00
G1-1 529 2 2.679413691300e+00 6.619747267139e+00 7.967991568349e+01 8.121249198914e+00 -2.603042602539e+00
G1-1 529 3 6.039817801308e+00 6.727278667629e+00 7.968972356837e+01 8.244977951050e+00 -2.647671222687e+00
G1-1 529 4 5.201951827055e+00 9.209364321247e+00 7.669877793033e+01 7.279320240021e+00 -2.293807744980e+00
G1-1 530 1 -3.792721836304e+00 2.909874447715e+00 6.375446413667e+01 8.652290344238e+00 -2.695819139481e+00
G1-1 530 2 -7.968238483031e+00 4.125880192985e+00 6.478327949213e+01 8.548040390015e+00 -2.268870830536e+00
G1-1 530 3 -4.877855369982e+00 2.908021748570e+00 6.711628150778e+01 8.684416770935e+00 -2.631617784500e+00
G1-1 530 4 -4.614134645232e+00 6.042510680049e+00 6.414686292495e+01 8.694743156433e+00 -2.610990524292e+00
G1-1 531 1 -2.926231145581e+00 -6.558218189673e+00 7.108493660171e+01 7.732255458832e+00 -2.434719562531e+00
G1-1 531 2 -5.575014581557e+00 -4.980728839608e+00 7.666741408134e+01 8.649275779724e+00 -2.702350854874e+00
G1-1 531 3 -6.793455412053e+00 -6.120792466879e+00 7.135514218543e+01 8.595405578613e+00 -2.751710414886e+00
G1-1 531 4 -5.500032298704e+00 -8.933885810923e+00 7.416507945818e+01 7.546799659729e+00 -2.364979267120e+00
G1-1 532 1 8.113786024594e+00 4.358813486224e+00 9.857397845921e+00 5.147481441498e+00 -2.717056989670e+00
G1-1 532 2 1.134616031336e+01 8.125861790718e+00 8.879222170818e+00 5.090371131897e+00 -2.086753129959e+00
G1-1 532 3 1.450393568894e+01 5.209101586468e+00 8.323112173997e+00 5.030955791473e+00 -2.574161052704e+00
G1-1 532 4 1.031130823113e+01 2.837329036401e+00 4.339229830138e+00 3.414869308472e+00 -3.151840209961e+00
G1-1 533 1 1.030756285832e+01 1.340074531421e+01 7.224467033571e+00 5.734084129333e+00 -2.142619848251e+00
G1-1 533 2 9.272710776096e+00 1.649746729870e+01 2.684474575010e+00 4.865604400635e+00 -4.090697288513e+00
G1-1 533 3 9.272710776096e+00 1.230483984089e+01 2.684474575010e+00 3.440784931183e+00 -2.418792009354e+00
G1-1 533 4 7.906844061621e+00 1.649746729870e+01 6.831624442934e+00 2.651832342148e+00 -7.262357473373e-01
G1-1 534 1 1.332082507909e+01 1.024688378233e+01 7.174014476125e+00 5.622378349304e+00 -2.174041986465e+00
G1-1 534 2 1.647860045467e+01 7.330123165495e+00 6.617904479304e+00 3.268174171448e+00 -1.009808659554e+00
G1-1 534 3 1.228597299686e+01 9.150978309002e+00 2.634022135445e+00 3.439122200012e+00 -3.178935527802e+00
G1-1 534 4 1.647860045467e+01 9.150978309002e+00 2.634022135445e+00 4.717028141022e+00 -4.115884304047e+00
G1-1 535 1 1.190906698021e+01 1.469633844976e+01 1.085064426080e+01 5.815563678741e+00 -1.920562624931e+00
G1-1 535 2 1.186416314548e+01 1.779306043425e+01 1.362628503881e+01 4.696108818054e+00 -1.509175539017e+00
G1-1 535 3 1.506684235579e+01 1.779306043425e+01 1.072957457146e+01 5.428288936615e+00 -1.782857537270e+00
G1-1 535 4 9.508347947745e+00 1.779306043425e+01 1.045780143441e+01 4.783811092377e+00 -1.551152825356e+00
G1-1 536 1 1.061591731025e+01 1.317403891948e+01 1.618907871619e+01 5.187746047974e+00 -1.691435813904e+00
G1-1 536 2 1.532830407408e+01 1.205987344127e+01 1.561255723230e+01 4.762271404266e+00 -1.541934728622e+00
G1-1 536 3 1.217052869850e+01 1.271924222297e+01 1.287778734171e+01 3.651004552841e+00 -1.134770512581e+00
G1-1 536 4 1.212562486377e+01 1.581596467898e+01 1.565342811971e+01 5.468122959137e+00 -1.794603228569e+00
G1-1 537 1 5.687260858380e+00 7.168324910734e+00 1.269919619675e+01 6.085928440094e+00 -2.172495603561e+00
G1-1 537 2 7.365023876777e+00 1.139016991174e+01 1.503231166036e+01 4.691950321198e+00 -1.507073402405e+00
G1-1 537 3 8.919635500787e+00 1.093537321523e+01 1.172102052164e+01 6.082604885101e+00 -2.229454994202e+00
G1-1 537 4 4.744770065952e+00 1.136705382204e+01 1.250987968704e+01 6.165726661682e+00 -2.451086997986e+00
G1-1 538 1 -8.821454071417e+00 1.246294160452e+01 3.900136356343e+01 4.510888099670e+00 -1.267038464546e+00
G1-1 538 2 -1.041773351336e+01 9.390618991539e+00 3.749206109117e+01 6.327332973480e+00 -2.002493619919e+00
G1-1 538 3 -1.057821035543e+01 1.190165053284e+01 3.369271044207e+01 4.118694305420e+00 -1.134631752968e+00
G1-1 538 4 -7.297538983779e+00 1.230300878077e+01 3.567881966103e+01 5.041727066040e+00 -1.494370579720e+00
G1-1 539 1 -7.711478471793e+00 1.640659073966e+01 3.446776927246e+01 4.686625003815e+00 -1.388793706894e+00
G1-1 539 2 -8.182593976097e+00 1.411918798318e+01 3.828742511042e+01 5.884694099426e+00 -1.832337141037e+00
G1-1 539 3 -9.939350260108e+00 1.355789691149e+01 3.297877198906e+01 5.292772769928e+00 -1.632454752922e+00
G1-1 539 4 -6.658678770578e+00 1.395925515942e+01 3.496488120802e+01 6.011694431305e+00 -1.887268066406e+00
G1-1 540 1 -7.170838828120e+00 1.499948278786e+01 3.994090793623e+01 3.875499010086e+00 -9.865692257881e-01
G1-1 540 2 -5.646923504720e+00 1.483954996410e+01 3.661836497687e+01 4.627690315247e+00 -1.324443817139e+00
G1-1 540 3 -6.699723205935e+00 1.728688554434e+01 3.612125304132e+01 4.855138301849e+00 -1.439914941788e+00
G1-1 540 4 -5.653486427014e+00 1.728688554434e+01 3.998304063493e+01 4.322978496552e+00 -1.228971838951e+00
G1-1 541 1 -3.809767381870e+00 7.671170590106e+00 3.882638953942e+01 7.335738182068e+00 -2.357989311218e+00
G1-1 541 2 -1.812299843086e+00 9.933884339198e+00 3.785487232174e+01 6.830231189728e+00 -2.155403852463e+00
G1-1 541 3 -5.479308467006e+00 1.136151972910e+01 4.108988027438e+01 7.816768169403e+00 -2.519099473953e+00
G1-1 541 4 -1.829568774628e+00 9.121683894145e+00 4.320647322091e+01 8.597056388855e+00 -2.806113719940e+00
G1-1 542 1 -1.074257397028e+01 1.208218281685e+01 3.965580679390e+01 4.510045528412e+00 -1.306754112244e+00
G1-1 542 2 -1.233885341222e+01 9.009860439623e+00 3.814650432164e+01 6.729673385620e+00 -2.164228439331e+00
G1-1 542 3 -1.543553321862e+01 1.069008967183e+01 3.845108567273e+01 4.774544239044e+00 -1.453678846359e+00
G1-1 542 4 -1.249933025429e+01 1.152089174516e+01 3.434715367254e+01 5.358504295349e+00 -1.665523052216e+00
G1-1 543 1 1.408506694283e+01 -9.223383672919e-01 1.458588246589e+02 4.496616363525e+00 -1.379241108894e+00
G1-1 543 2 1.665901348577e+01 -5.400107109860e+00 1.490223992267e+02 4.805769443512e+00 -1.500265598297e+00
G1-1 543 3 1.665901348577e+01 -1.207479637313e+00 1.490223992267e+02 4.359292507172e+00 -1.321542501450e+00
G1-1 543 4 1.246638602795e+01 -1.207479637313e+00 1.490223992267e+02 4.660836219788e+00 -1.446073651314e+00
G1-1 544 1 -1.574778026964e+01 1.094720171302e+01 4.215404321338e+01 2.479627609253e+00 -3.907219171524e-01
G1-1 544 2 -1.105482149283e+01 1.233929485803e+01 4.335876433455e+01 3.619691133499e+00 -8.792508840561e-01
G1-1 544 3 -1.239367830339e+01 1.247048932950e+01 4.592579482703e+01 8.358571052551e+00 -3.283726453781e+00
G1-1 544 4 -1.407945388188e+01 9.406517746303e+00 4.595679862603e+01 2.141396760941e+00 -1.784714013338e-01
G1-1 545 1 3.615108203545e+00 1.297590788149e+01 9.329631926277e+01 4.639149188995e+00 -1.356592893600e+00
G1-1 545 2 1.843156366429e+00 1.738692163380e+01 9.711993545364e+01 2.708023309708e+00 -4.846796691418e-01
G1-1 545 3 6.035783853712e+00 1.738692163380e+01 9.273810066913e+01 4.117482185364e+00 -1.158345341682e+00
G1-1 545 4 1.843156366429e+00 1.738692163380e+01 9.273810066913e+01 2.690209150314e+00 -4.203823506832e-01
G1-1 546 1 -1.036738266410e+01 1.808369530513e+01 4.456442001877e+01 5.769211769104e+00 -1.887481093407e+00
G1-1 546 2 -1.036738266410e+01 1.592748702011e+01 4.561580213693e+01 3.121364831924e+00 -4.997967481613e-01
G1-1 546 3 -1.036738266410e+01 1.808369483361e+01 4.188113844577e+01 5.948047161102e+00 -1.789274573326e+00
G1-1 546 4 -7.511173216666e+00 1.808369530513e+01 4.309090151402e+01 4.975964069366e+00 -1.543848395348e+00
G1-1 547 1 -1.182355085332e+01 -4.335668885295e+00 1.240395908444e+02 5.461739063263e+00 -1.723032951355e+00
G1-1 547 2 -1.038432339424e+01 -9.363238579833e+00 1.261645275809e+02 4.977665424347e+00 -1.534020781517e+00
G1-1 547 3 -1.529962004748e+01 -7.900982866739e+00 1.249762036196e+02 4.911587238312e+00 -1.516863942146e+00
G1-1 547 4 -1.252532230576e+01 -6.225405545590e+00 1.223180254282e+02 5.496163845062e+00 -1.728081583977e+00
G1-1 548 1 -6.979632450096e+00 -5.602128360537e+00 1.205136421448e+02 6.598778247833e+00 -2.129996538162e+00
G1-1 548 2 -8.420240808244e+00 -8.820552645988e+00 1.251110587760e+02 5.484893798828e+00 -1.725578188896e+00
G1-1 548 3 -9.859468385203e+00 -3.792982951449e+00 1.229861220395e+02 6.125295162201e+00 -1.969108104706e+00
G1-1 548 4 -1.056123960188e+01 -5.682719611744e+00 1.212645585094e+02 6.374275207520e+00 -2.052571773529e+00
G1-1 549 1 -5.295408342274e+00 -1.294585167254e+01 1.249588248766e+02 5.204541683197e+00 -1.617876768112e+00
G1-1 549 2 -1.728553384032e+00 -1.581322944273e+01 1.217331581321e+02 5.323677062988e+00 -1.650327444077e+00
G1-1 549 3 -4.375204792023e+00 -1.315030007384e+01 1.194640725309e+02 5.062353610992e+00 -1.536768794060e+00
G1-1 549 4 -1.809914852053e+00 -1.183994742417e+01 1.226177588525e+02 5.764211654663e+00 -1.819593310356e+00
G1-1 550 1 -8.809072505463e+00 -1.141837136716e+01 1.238472029336e+02 5.326756954193e+00 -1.661666274071e+00
G1-1 550 2 -1.098618132821e+01 -1.137464632268e+01 1.185296902534e+02 5.798984050751e+00 -1.826237559319e+00
G1-1 550 3 -1.095007118122e+01 -8.280538097150e+00 1.200007026669e+02 5.479397773743e+00 -1.712066054344e+00
G1-1 550 4 -7.888869073092e+00 -1.162281929694e+01 1.183524487018e+02 5.475232601166e+00 -1.698548913002e+00
G1-1 551 1 -1.061234112114e+01 -1.090333146261e+01 1.251779661240e+02 5.808164119720e+00 -1.849467754364e+00
G1-1 551 2 -1.278944994388e+01 -1.085960665390e+01 1.198604534438e+02 4.917292594910e+00 -1.496671080589e+00
G1-1 551 3 -1.552763801014e+01 -9.441075749518e+00 1.239896440488e+02 4.421264648438e+00 -1.318990111351e+00
G1-1 551 4 -1.275334003266e+01 -7.765498310488e+00 1.213314639713e+02 5.006940841675e+00 -1.536210179329e+00
G1-1 552 1 9.866063498342e+00 -4.284295618246e+00 6.117314796218e+01 5.834820270538e+00 -1.825794100761e+00
G1-1 552 2 1.236614025104e+01 -3.228804596048e+00 6.040094185433e+01 6.129334449768e+00 -1.973115682602e+00
G1-1 552 3 1.197492090463e+01 -8.251292304544e+00 6.086367555359e+01 5.539208889008e+00 -1.750388860703e+00
G1-1 552 4 1.211765294914e+01 -5.887879777113e+00 5.707424558571e+01 6.250198364258e+00 -2.029198646545e+00
G1-1 553 1 1.172470989576e+01 -3.134363323946e+00 6.245572682200e+01 5.283104896545e+00 -1.628183722496e+00
G1-1 553 2 1.133349031360e+01 -8.156850973501e+00 6.291846240734e+01 4.772351741791e+00 -1.429410099983e+00
G1-1 553 3 9.400509362663e+00 -5.487820128607e+00 6.577845838270e+01 8.592683792114e+00 -2.814933300018e+00
G1-1 553 4 9.224632789426e+00 -4.189854405084e+00 6.322793481594e+01 7.759669780731e+00 -2.521515130997e+00
G1-1 554 1 1.566646049232e+01 -7.018977979946e+00 6.385453669683e+01 4.384751796722e+00 -1.337969422340e+00
G1-1 554 2 1.324541925087e+01 -3.802228804361e+00 6.260364746072e+01 6.710740089417e+00 -2.185307502747e+00
G1-1 554 3 1.285419966870e+01 -8.824716394976e+00 6.306638304606e+01 5.498490333557e+00 -1.735828280449e+00
G1-1 554 4 1.092121859989e+01 -6.155685550081e+00 6.592637807837e+01 3.479748964310e+00 -7.941806912422e-01
G1-1 555 1 9.260309677837e+00 -2.422376576390e+00 6.010887007566e+01 7.503540039062e+00 -2.445295333862e+00
G1-1 555 2 1.176038619477e+01 -1.366885509987e+00 5.933666396782e+01 7.416757106781e+00 -2.438868999481e+00
G1-1 555 3 1.151189912863e+01 -4.025960617377e+00 5.600996769919e+01 5.820546150208e+00 -1.865896463394e+00
G1-1 555 4 9.408906043990e+00 -3.640766746410e-01 5.635532207935e+01 7.080672264099e+00 -2.304446935654e+00
G1-1 556 1 9.048764620503e+00 -9.353129788727e-01 6.162465518040e+01 7.911063671112e+00 -2.578471183777e+00
G1-1 556 2 1.154884160896e+01 1.201780875305e-01 6.085244718646e+01 8.014080047607e+00 -2.642504215240e+00
G1-1 556 3 9.197360986656e+00 1.122986922877e+00 5.787110718409e+01 6.759216308594e+00 -2.178957223892e+00
G1-1 556 4 1.061578088416e+01 2.273341868574e+00 6.243093244734e+01 8.596867561340e+00 -2.806324005127e+00
G1-1 557 1 1.155727177444e+01 -9.169650135798e-01 6.280051181598e+01 7.661127090454e+00 -2.500771760941e+00
G1-1 557 2 9.057194668102e+00 -1.972456153658e+00 6.357272075296e+01 8.587206840515e+00 -2.826107501984e+00
G1-1 557 3 9.233071241338e+00 -3.270421818240e+00 6.612324337667e+01 8.598396301270e+00 -2.803679227829e+00
G1-1 557 4 1.062421104964e+01 1.236198752728e+00 6.437899707685e+01 8.588515281677e+00 -2.823762416840e+00
G1-1 558 1 2.600171856815e+00 -9.075885401193e-01 5.612701132870e+01 8.520437240601e+00 -2.805685520172e+00
G1-1 558 2 4.571451465936e+00 -5.207334787266e+00 5.746070905146e+01 6.977595329285e+00 -2.240093708038e+00
G1-1 558 3 6.333953108648e+00 -5.019811577013e-01 5.601939953369e+01 8.173834800720e+00 -2.691099166870e+00
G1-1 558 4 6.185356742495e+00 -2.560281074186e+00 5.977294753000e+01 8.287286758423e+00 -2.715098857880e+00
G1-1 559 1 -1.051569867049e+00 -8.673097139011e+00 6.552127296101e+01 5.323571681976e+00 -1.544252991676e+00
G1-1 559 2 -2.422928408480e+00 -1.100477222986e+01 5.982457452240e+01 5.301013469696e+00 -1.585548758507e+00
G1-1 559 3 1.310975952385e+00 -1.099936700877e+01 6.435904715029e+01 4.728754997253e+00 -1.311148047447e+00
G1-1 559 4 -5.066034580098e+00 -1.121979664619e+01 6.330863914926e+01 5.973652362823e+00 -1.844155669212e+00
G1-1 560 1 -2.161764184142e+00 3.349551691213e+00 6.451193579947e+01 8.629794120789e+00 -2.741452693939e+00
G1-1 560 2 -3.246897835701e+00 3.347698992068e+00 6.787375222754e+01 8.674616813660e+00 -2.651439428329e+00
G1-1 560 3 -1.059391280932e+00 5.988383134276e+00 6.799197695200e+01 8.686441421509e+00 -2.627971410751e+00
G1-1 560 4 -2.983177022540e+00 6.482187923547e+00 6.490433270166e+01 8.691470146179e+00 -2.617764711380e+00
G1-1 561 1 1.771352549156e+01 -8.624995842623e-01 7.051850567469e+01 4.999824523926e+00 -1.593828797340e+00
G1-1 561 2 1.435942352531e+01 -8.624999673744e-01 7.051850756078e+01 2.325176954269e+00 1.904686689377e-01
G1-1 561 3 1.771352549156e+01 1.293708444632e+00 6.678384292657e+01 5.364254951477e+00 -1.716657280922e+00
G1-1 561 4 1.771352549156e+01 -4.076203819448e+00 6.645624878790e+01 7.757596015930e+00 -2.582710266113e+00
G1-1 562 1 1.454434151673e+01 2.154686627968e+00 5.898047880100e+01 5.640854358673e+00 -1.826810121536e+00
G1-1 562 2 1.696538275818e+01 6.464058760338e+00 5.682430037071e+01 6.843401432037e+00 -2.716541051865e+00
G1-1 562 3 1.696538275818e+01 2.220232600720e+00 5.660436314557e+01 7.108662605286e+00 -3.030448436737e+00
G1-1 562 4 1.361128079193e+01 6.464058760338e+00 5.682430037071e+01 1.834518194199e+00 6.999849677086e-01
G1-1 563 1 1.388684956972e+01 -3.896670112890e+00 6.054886307589e+01 5.350011825562e+00 -1.703488230705e+00
G1-1 563 2 1.363836203205e+01 -6.555745352895e+00 5.722216775031e+01 5.627001285553e+00 -1.813945770264e+00
G1-1 563 3 1.630789104693e+01 -7.113419347415e+00 6.179975231199e+01 6.583590984344e+00 -2.163856744766e+00
G1-1 563 4 1.349563022331e+01 -8.919157762445e+00 6.101159677514e+01 5.462090492249e+00 -1.738117098808e+00
G1-1 564 1 1.653549687943e+01 -4.801579805673e+00 6.419932139939e+01 5.419709682465e+00 -1.744109749794e+00
G1-1 564 2 1.653549687943e+01 5.683332541004e-01 6.452691648111e+01 6.598807811737e+00 -2.181371927261e+00
G1-1 564 3 1.411445563798e+01 -1.584830512208e+00 6.294843216328e+01 6.506006240845e+00 -2.123047590256e+00
G1-1 564 4 1.179025498700e+01 -3.938287257928e+00 6.627116278093e+01 7.352353572845e+00 -2.378049850464e+00
G1-1 565 1 1.203307641920e+01 1.778011872590e+00 5.994752663251e+01 4.391025066376e+00 -1.278738260269e+00
G1-1 565 2 1.110001569440e+01 6.087383879712e+00 5.779134820222e+01 8.587076187134e+00 -2.826165676117e+00
G1-1 565 3 9.681595561135e+00 2.780820825817e+00 5.696618568709e+01 8.433503150940e+00 -3.134367465973e+00
G1-1 565 4 1.110001569440e+01 3.931175594693e+00 6.152601095034e+01 8.279131889343e+00 -2.683083295822e+00
G1-1 566 1 1.558081602516e+01 1.488381665212e+00 6.013455153255e+01 6.424346923828e+00 -2.114723920822e+00
G1-1 566 2 1.800185726662e+01 1.553927579023e+00 5.775843587712e+01 5.882657051086e+00 -1.942434906960e+00
G1-1 566 3 1.800185726662e+01 5.797753620761e+00 5.797837404530e+01 5.584942340851e+00 -1.839517354965e+00
G1-1 566 4 1.800185726662e+01 3.641545394682e+00 6.171303490733e+01 4.824783325195e+00 -1.557827115059e+00
G1-1 567 1 -1.412743792289e+01 1.386077568441e+01 8.792335838463e+00 5.286987304688e+00 -1.898529052734e+00
G1-1 567 2 -1.262074929964e+01 1.315711788466e+01 1.241058848523e+01 4.666680812836e+00 -1.523782372475e+00
G1-1 567 3 -1.669658633945e+01 1.603904064277e+01 1.070473804299e+01 5.614507198334e+00 -2.147843599319e+00
G1-1 567 4 -1.669658633945e+01 1.232638106525e+01 1.357692339533e+01 4.874005794525e+00 -1.595462560654e+00
G1-1 568 1 -1.412743792289e+01 1.204377543969e+01 8.670045257880e+00 5.268690586090e+00 -2.165561437607e+00
G1-1 568 2 -1.262074929964e+01 1.134011716842e+01 1.228829790465e+01 5.686628341675e+00 -1.889256954193e+00
G1-1 568 3 -1.669658633945e+01 1.050938058476e+01 1.345463281475e+01 3.378967761993e+00 -1.033859848976e+00
G1-1 568 4 -1.669658633945e+01 8.342102592950e+00 1.018670683064e+01 5.348220348358e+00 -2.119365453720e+00
G1-1 569 1 -1.087757307435e+01 1.460302039848e+01 4.773751470945e+00 5.126763820648e+00 -3.075728178024e+00
G1-1 569 2 -7.239356548185e+00 1.678128559260e+01 7.097623057656e+00 6.045094490051e+00 -2.292616128922e+00
G1-1 569 3 -9.254094268856e+00 1.258865837055e+01 2.267230788373e+00 3.600406885147e+00 -3.056155681610e+00
G1-1 569 4 -9.254094268856e+00 1.678128559260e+01 2.267230788373e+00 4.585927963257e+00 -4.175034999847e+00
G1-1 570 1 -8.892015737443e+00 2.295433932924e-01 2.033478787951e+01 7.262168884277e+00 -2.419988870621e+00
G1-1 570 2 -9.378070025973e+00 3.858661442632e+00 2.060577545574e+01 6.290305614471e+00 -2.067998170853e+00
G1-1 570 3 -4.085168912795e+00 1.262619606768e+00 2.113980698289e+01 7.307057857513e+00 -2.432789802551e+00
G1-1 570 4 -6.824278550577e+00 2.176912483386e+00 1.664279843643e+01 6.553119182587e+00 -2.239748239517e+00
G1-1 571 1 -7.354717061950e+00 1.378003724979e+01 1.500429767687e+01 5.508531093597e+00 -1.813916444778e+00
G1-1 571 2 -4.509104289433e+00 1.278684464630e+01 1.775283998016e+01 5.900911331177e+00 -1.941449284554e+00
G1-1 571 3 -5.223189041154e+00 1.666196024366e+01 1.370991673469e+01 4.690923213959e+00 -1.530628442764e+00
G1-1 571 4 -4.948981037746e+00 1.666196024366e+01 1.778578851142e+01 5.091374397278e+00 -1.655176401138e+00
G1-1 572 1 -1.238365565040e+01 1.383023884790e+01 1.399145486225e+01 6.409112453461e+00 -2.236917734146e+00
G1-1 572 2 -1.645949269021e+01 1.299950202848e+01 1.515778953658e+01 5.113316535950e+00 -1.668596267700e+00
G1-1 572 3 -1.312309310767e+01 1.671216184177e+01 1.548899277548e+01 5.052840232849e+00 -1.644747495651e+00
G1-1 572 4 -1.645949269021e+01 1.671216184177e+01 1.228560430213e+01 3.862473726273e+00 -1.226607680321e+00
G1-1 573 1 3.336851364268e+00 -1.128430266391e+01 9.058151050819e+01 8.622986793518e+00 -2.756505966187e+00
G1-1 573 2 2.413830487272e+00 -9.397616991296e+00 8.630744276327e+01 8.649070739746e+00 -2.702623844147e+00
G1-1 573 3 7.367727573633e-01 -1.466835020223e+01 8.815004930427e+01 6.850115776062e+00 -2.132805824280e+00
G1-1 573 4 -1.156116823182e+00 -1.011463426014e+01 8.745558055416e+01 8.662734031677e+00 -2.675155401230e+00
G1-1 574 1 6.772091483856e+00 -1.150693586557e+01 9.099610031156e+01 8.589284896851e+00 -2.826599359512e+00
G1-1 574 2 8.364640246353e+00 -1.489098363965e+01 8.856463910764e+01 5.295713424683e+00 -1.464394688606e+00
G1-1 574 3 5.849070547920e+00 -9.620250428711e+00 8.672203256665e+01 8.646729469299e+00 -2.707563877106e+00
G1-1 574 4 9.203165855796e+00 -1.105772413574e+01 8.921181114403e+01 8.588425636292e+00 -2.826776504517e+00
G1-1 575 1 -1.915925826092e+00 -1.030630886200e+01 9.653026954049e+01 8.426382064819e+00 -3.149986028671e+00
G1-1 575 2 2.202713511323e+00 -1.047339767342e+01 9.947018577078e+01 5.923953056335e+00 -8.157182693481e+00
G1-1 575 3 5.477157410177e-02 -9.858098545073e+00 1.007779510036e+02 6.452578544617e+00 -7.098576068878e+00
G1-1 575 4 5.477157410177e-02 -1.269691514960e+01 9.843555395128e+01 6.122341156006e+00 -7.761297702789e+00
G1-1 576 1 8.582400412392e-01 -4.517637551824e+00 9.596564433503e+01 8.205345153809e+00 -2.706979036331e+00
G1-1 576 2 3.006181978461e+00 -8.809718549772e+00 9.787373338430e+01 8.281192779541e+00 -3.438850402832e+00
G1-1 576 3 -1.112457358954e+00 -8.642629856233e+00 9.493381715402e+01 8.064741134644e+00 -3.874282360077e+00
G1-1 576 4 3.458318618673e+00 -9.326239470752e+00 9.488873139618e+01 6.984891891479e+00 -6.039118766785e+00
G1-1 577 1 6.740232815650e+00 -5.125825984332e+00 8.830311302193e+01 8.597764968872e+00 -2.807510852814e+00
G1-1 577 2 6.039498694486e+00 -6.586839409596e+00 8.579496251758e+01 8.631793975830e+00 -2.739193677902e+00
G1-1 577 3 9.393593884481e+00 -5.388947103221e+00 8.640343636224e+01 5.598867416382e+00 8.959507346153e-01
G1-1 577 4 9.393593884481e+00 -8.024313234510e+00 8.828474298105e+01 7.764582633972e+00 -1.247808575630e+00
G1-1 578 1 5.169872764974e+00 -1.156188727297e+01 9.873241177421e+01 4.391959667206e+00 -1.123107337952e+01
G1-1 578 2 5.622009523068e+00 -1.207840819395e+01 9.574740978609e+01 8.644760131836e+00 -2.711994886398e+00
G1-1 578 3 8.053083895008e+00 -1.378540474915e+01 9.769777995471e+01 6.959730625153e+00 -6.099596977234e+00
G1-1 578 4 3.021930827753e+00 -1.378540474915e+01 9.769777995471e+01 6.613950252533e+00 -6.781108856201e+00
G1-1 579 1 6.253852097083e+00 -1.328375021705e+01 9.407362995872e+01 8.648299217224e+00 -2.704416990280e+00
G1-1 579 2 7.846400859580e+00 -1.666779751961e+01 9.164217064089e+01 7.600189685822e+00 -2.471189260483e+00
G1-1 579 3 8.684926469023e+00 -1.499074653649e+01 9.602400201343e+01 8.608688354492e+00 -2.783069610596e+00
G1-1 579 4 3.653773401768e+00 -1.499074653649e+01 9.602400201343e+01 8.151903152466e+00 -3.702704191208e+00
G1-1 580 1 1.030352786871e+01 3.442142699828e+00 2.408387442500e+01 6.352145671844e+00 -2.067389488220e+00
G1-1 580 2 1.050367567388e+01 4.765101810166e-01 2.675867981411e+01 6.266331672668e+00 -2.034210443497e+00
G1-1 580 3 1.055606072207e+01 2.738764190413e-01 2.176320449964e+01 5.890546321869e+00 -1.920441269875e+00
G1-1 580 4 1.475922623675e+01 4.956515580106e-01 2.679125473476e+01 5.428446292877e+00 -1.724037766457e+00
G1-1 581 1 -1.543285265460e+01 2.149855223902e+00 9.142099330917e+00 4.982768535614e+00 -1.729792833328e+00
G1-1 581 2 -9.839363931290e+00 7.811429160592e-01 1.088244105876e+01 5.447128772736e+00 -2.402901887894e+00
G1-1 581 3 -1.543285265460e+01 -2.785944311415e+00 9.135900327693e+00 5.370337963104e+00 -2.428838253021e+00
G1-1 581 4 -1.029182769403e+01 -2.717200387309e+00 7.880392565103e+00 4.433561801910e+00 -2.631846427917e+00
G1-1 582 1 1.161856523161e+01 3.453900412266e+00 2.259432605982e+01 6.156229019165e+00 -2.005393981934e+00
G1-1 582 2 1.187109832073e+01 2.856341462140e-01 2.027365660598e+01 6.338314533234e+00 -2.086552858353e+00
G1-1 582 3 1.607426383541e+01 5.263167437906e-01 2.044885268214e+01 5.166985034943e+00 -1.656501770020e+00
G1-1 582 4 1.607426383541e+01 5.074092851833e-01 2.530170636958e+01 4.598242759705e+00 -1.413509011269e+00
G1-1 583 1 1.331756879474e+01 8.970610773341e+00 1.190248045578e+01 5.933192253113e+00 -2.009746789932e+00
G1-1 583 2 1.647534417032e+01 8.311242109528e+00 1.463725011061e+01 4.918323993683e+00 -1.604821205139e+00
G1-1 583 3 1.227217865564e+01 3.308063940010e+00 1.538936322330e+01 5.568887710571e+00 -1.834930419922e+00
G1-1 583 4 1.647534417032e+01 6.053850510151e+00 1.134637045896e+01 5.059168338776e+00 -1.675642371178e+00
G1-1 584 1 1.893399901137e+00 -2.632389989891e+00 2.170536840126e+01 6.368396759033e+00 -2.104430437088e+00
G1-1 584 2 1.432837076255e+00 -6.718756203821e+00 2.024694274120e+01 5.667805194855e+00 -1.868181228638e+00
G1-1 584 3 6.128145738737e+00 -3.228716083375e+00 1.947171145135e+01 6.830953121185e+00 -2.274526357651e+00
G1-1 584 4 4.627414590111e+00 -8.076954849187e+00 2.139158752886e+01 6.133051395416e+00 -2.031733989716e+00
G1-1 585 1 1.231809491756e+01 -1.329223310976e+00 2.075467771542e+01 5.600382804871e+00 -1.821396470070e+00
G1-1 585 2 1.652126043224e+01 -1.107448172007e+00 2.578272747903e+01 5.692074775696e+00 -1.833957552910e+00
G1-1 585 3 1.351207270215e+01 -3.386745550363e+00 2.463196417803e+01 5.655408859253e+00 -1.833657503128e+00
G1-1 585 4 1.652126043224e+01 -1.088540713399e+00 2.092987379158e+01 5.197926044464e+00 -1.670891404152e+00
G1-1 586 1 -8.328741648473e+00 5.502911067484e+00 2.042586640700e+01 6.351391792297e+00 -2.088791370392e+00
G1-1 586 2 -3.035840476355e+00 2.906869246355e+00 2.095989793415e+01 6.952656269073e+00 -2.305840730667e+00
G1-1 586 3 -5.774950173077e+00 3.821162152443e+00 1.646288938769e+01 6.129000663757e+00 -2.031391620636e+00
G1-1 586 4 -4.446989025120e+00 7.194696638561e+00 1.957268091928e+01 6.939283847809e+00 -2.300707101822e+00
G1-1 587 1 1.621858386984e+00 5.504231962790e+00 1.339311383517e+01 6.141804695129e+00 -2.693690061569e+00
G1-1 587 2 -3.165012997669e+00 5.119352433525e+00 1.363847003832e+01 6.106997013092e+00 -2.533785104752e+00
G1-1 587 3 -1.837051967593e+00 8.492886772292e+00 1.674826156991e+01 6.208341121674e+00 -2.052626132965e+00
G1-1 587 4 6.793675356152e-01 9.702960756213e+00 1.320379732547e+01 6.073067188263e+00 -2.073847770691e+00
G1-1 588 1 1.652074293399e+01 4.812077835253e+00 1.379164270909e+02 5.052446842194e+00 -1.595239639282e+00
G1-1 588 2 1.222066873516e+01 2.535979912576e+00 1.338842918290e+02 4.682349205017e+00 -1.450716495514e+00
G1-1 588 3 1.360678899275e+01 6.470150902647e+00 1.358752712522e+02 5.743601322174e+00 -1.860645532608e+00
G1-1 588 4 1.652074293399e+01 2.363301869505e+00 1.336993699353e+02 4.731524944305e+00 -1.463829040527e+00
G1-1 589 1 1.012100426814e+01 7.831946774678e+00 1.330258700912e+02 5.629634857178e+00 -1.827658057213e+00
G1-1 589 2 1.019383615756e+01 6.606116649229e+00 1.273951712543e+02 5.525578022003e+00 -1.783144593239e+00
G1-1 589 3 8.734883656910e+00 3.897775740403e+00 1.310348906681e+02 5.503172874451e+00 -1.769110321999e+00
G1-1 589 4 4.595843984231e+00 7.699718785233e+00 1.293010031060e+02 5.386415958405e+00 -1.739757657051e+00
G1-1 590 1 1.745440686445e+01 1.764328295072e+01 1.379604678777e+02 6.688094139099e+00 -2.225927591324e+00
G1-1 590 2 1.326177940664e+01 1.764328295072e+01 1.379604678777e+02 6.590983390808e+00 -2.256317138672e+00
G1-1 590 3 1.745440686445e+01 1.764328295072e+01 1.335786361450e+02 6.639918327332e+00 -2.208645820618e+00
G1-1 590 4 1.745440686445e+01 1.406187134741e+01 1.350887978506e+02 6.173933982849e+00 -2.034516572952e+00
G1-1 591 1 1.615881372891e+01 1.406187134741e+01 1.337347336065e+02 6.547866344452e+00 -2.169907331467e+00
G1-1 591 2 1.196618627109e+01 1.764328295072e+01 1.366064074058e+02 6.148071289062e+00 -2.042544841766e+00
G1-1 591 3 1.615881372891e+01 1.764328295072e+01 1.322245756731e+02 6.748370170593e+00 -2.265828609467e+00
G1-1 591 4 1.196618627109e+01 1.764328295072e+01 1.322245756731e+02 6.011224269867e+00 -1.991751313210e+00
G1-1 592 1 1.433602395564e+01 1.130642942107e+01 1.415373818260e+02 5.624081134796e+00 -1.834720969200e+00
G1-1 592 2 1.410615685710e+01 9.644609349497e+00 1.379050952065e+02 5.646561622620e+00 -1.835452318192e+00
G1-1 592 3 1.702011032681e+01 1.021453154104e+01 1.366745958969e+02 5.738944530487e+00 -1.866637349129e+00
G1-1 592 4 1.702011032681e+01 7.986536164223e+00 1.399462510452e+02 5.291632652283e+00 -1.695066809654e+00
G1-1 593 1 3.173612455824e+00 -1.356806667754e+01 1.609016150146e+01 5.377294063568e+00 -1.790701866150e+00
G1-1 593 2 6.564543564368e+00 -1.678002814941e+01 1.904779011561e+01 4.463909626007e+00 -1.458990573883e+00
G1-1 593 3 5.053274182054e+00 -1.361702606387e+01 2.023087585155e+01 4.797340393066e+00 -1.569750308990e+00
G1-1 593 4 2.371916136026e+00 -1.678002814941e+01 1.904779011561e+01 4.442961215973e+00 -1.459212183952e+00
G1-1 594 1 9.361361890130e+00 1.574794767655e+01 1.398666384402e+02 6.408480167389e+00 -2.135353088379e+00
G1-1 594 2 6.530013824723e+00 1.267395092059e+01 1.384317007744e+02 5.846014976501e+00 -1.930311679840e+00
G1-1 594 3 1.064003587823e+01 1.159661423533e+01 1.382254677226e+02 5.967439174652e+00 -1.964892387390e+00
G1-1 594 4 1.086990309465e+01 1.325843418902e+01 1.418577543421e+02 6.405442714691e+00 -2.126892566681e+00
G1-1 595 1 6.546252569804e-01 8.507021258468e+00 7.259955656305e+01 8.096849441528e+00 -2.536284446716e+00
G1-1 595 2 -1.248895848726e+00 1.062284751599e+01 7.361229718970e+01 7.215959072113e+00 -2.248781204224e+00
G1-1 595 3 5.116212321257e-01 7.836685886674e+00 7.769602142225e+01 7.898523330688e+00 -2.509256839752e+00
G1-1 595 4 3.034159419454e+00 1.042630317654e+01 7.471488178300e+01 8.208806991577e+00 -2.622717857361e+00
G1-1 596 1 -5.960504437016e+00 1.311955653523e+01 7.923591947506e+01 4.292448997498e+00 -1.097218632698e+00
G1-1 596 2 -5.848243738933e+00 1.305375263961e+01 7.515606935315e+01 6.754009246826e+00 -2.103979110718e+00
G1-1 596 3 -1.013684875840e+01 1.282601863891e+01 7.617998265227e+01 6.353010654449e+00 -1.980472207069e+00
G1-1 596 4 -8.384086846318e+00 1.598372596585e+01 7.922163356102e+01 4.165436267853e+00 -1.079385876656e+00
G1-1 597 1 1.745440686445e+01 -1.764441094384e+01 1.777569454017e+01 4.573459625244e+00 -1.499709606171e+00
G1-1 597 2 1.326177940664e+01 -1.764441094384e+01 1.777569454017e+01 4.612958908081e+00 -1.510553479195e+00
G1-1 597 3 1.745440686445e+01 -1.406664910359e+01 1.626640045212e+01 5.066041469574e+00 -1.665342092514e+00
G1-1 597 4 1.745440686445e+01 -1.764441094384e+01 1.339386169740e+01 3.974291086197e+00 -1.289467811584e+00
G1-1 598 1 -5.989888318253e+00 1.096384696122e+01 6.977017533950e+01 5.302935123444e+00 -1.404937982559e+00
G1-1 598 2 -6.010152902581e+00 9.341825728729e+00 6.566978857642e+01 8.693068504333e+00 -2.613971948624e+00
G1-1 598 3 -9.364256740379e+00 7.904352638926e+00 6.815956221596e+01 8.623789787292e+00 -2.753582715988e+00
G1-1 598 4 -9.990335131667e+00 1.165032938075e+01 6.722137993502e+01 7.738752365112e+00 -2.414827108383e+00
G1-1 599 1 -5.730769691143e+00 1.281469424758e+01 6.881608853101e+01 8.094715118408e+00 -2.597319364548e+00
G1-1 599 2 -8.266612621708e+00 1.574466780957e+01 6.411798563879e+01 3.244065284729e+00 -5.592566728592e-01
G1-1 599 3 -5.751034275472e+00 1.119267301508e+01 6.471570271099e+01 8.663460731506e+00 -2.673249959946e+00
G1-1 599 4 -9.731216504558e+00 1.350117690287e+01 6.626729312653e+01 5.143170356750e+00 -1.424110531807e+00
G1-1 600 1 -4.357287653991e-01 1.628535039607e+01 6.576201011419e+01 5.098898410797e+00 -1.471095561981e+00
G1-1 600 2 -1.889921427351e-01 1.123955104808e+01 6.944737332281e+01 8.364568710327e+00 -2.655613899231e+00
G1-1 600 3 -4.357287653991e-01 1.628535039607e+01 7.014384337282e+01 6.723197460175e+00 -2.105339527130e+00
G1-1 600 4 -2.092513285279e+00 1.335537706984e+01 7.046011394946e+01 7.986636161804e+00 -2.551648378372e+00
G1-1 601 1 1.492629355484e+00 -1.790907021169e+00 8.209276689265e+01 8.650382041931e+00 -2.700165748596e+00
G1-1 601 2 -2.194771166160e+00 -2.998028031718e+00 8.091646859606e+01 8.676759719849e+00 -2.647138834000e+00
G1-1 601 3 2.183539558063e+00 -2.650762753907e+00 7.863755652434e+01 8.721407890320e+00 -2.557725429535e+00
G1-1 601 4 2.183539558063e+00 -4.806969605130e+00 8.237221586049e+01 8.740590095520e+00 -2.519345283508e+00
G1-1 602 1 6.735948862969e+00 3.803936269433e+00 7.312340644188e+01 8.594594001770e+00 -2.814302682877e+00
G1-1 602 2 7.261529414530e+00 3.066564888502e+00 7.017592928839e+01 8.833540916443e+00 -2.333332061768e+00
G1-1 602 3 9.626162728164e+00 4.119735321469e+00 7.019904726418e+01 6.340851783752e+00 -5.152582377195e-02
G1-1 602 4 9.626162728164e+00 1.484369438526e+00 7.208035388299e+01 7.712305545807e+00 -9.411606788635e-01
G1-1 603 1 1.946106964461e+00 1.021266833367e+01 7.028612648561e+01 8.614613533020e+00 -2.771327495575e+00
G1-1 603 2 1.699370393370e+00 1.525846791743e+01 7.098259653562e+01 6.812270641327e+00 -2.115245819092e+00
G1-1 603 3 4.325641141670e+00 1.213195025175e+01 7.240145170556e+01 5.253304958344e+00 -1.454731106758e+00
G1-1 603 4 4.325641141670e+00 1.213195025175e+01 6.821244093484e+01 8.616134643555e+00 -2.767989397049e+00
G1-1 604 1 -4.123278146781e+00 1.409534176252e+01 8.017584194845e+01 4.359948158264e+00 -1.127381086349e+00
G1-1 604 2 -4.011017389758e+00 1.402953786690e+01 7.609598994045e+01 5.197647094727e+00 -1.470902681351e+00
G1-1 604 3 -6.546860320322e+00 1.695951119314e+01 8.016155414832e+01 4.710653305054e+00 -1.320572853088e+00
G1-1 604 4 -2.354232803570e+00 1.695951119314e+01 8.016155414832e+01 4.141209125519e+00 -1.030294299126e+00
G1-1 605 1 -1.367669484542e+01 1.022153628333e+01 7.187987638111e+01 5.115989685059e+00 -1.570258975029e+00
G1-1 605 2 -1.338853634466e+01 1.113575223204e+01 6.830716956360e+01 6.121094703674e+00 -1.925381660461e+00
G1-1 605 3 -1.276245818914e+01 7.389775961738e+00 6.924535184454e+01 3.459539175034e+00 -2.470741719007e-01
G1-1 605 4 -1.611656015539e+01 7.389775961738e+00 6.924535184454e+01 4.295212745667e+00 -1.339779734612e+00
G1-1 606 1 -1.357196802300e+00 1.394846787667e+01 7.382190534931e+01 6.602010726929e+00 -2.029294729233e+00
G1-1 606 2 2.995877249475e-01 1.687844120291e+01 7.788746578500e+01 4.439354896545e+00 -1.146254062653e+00
G1-1 606 3 2.925858495350e+00 1.375192377299e+01 7.492448994261e+01 4.933084487915e+00 -1.337114930153e+00
G1-1 606 4 2.995877249475e-01 1.687844120291e+01 7.350563477268e+01 5.425231933594e+00 -1.572535157204e+00
G1-1 607 1 1.397354540070e+01 6.739743297672e-01 5.343245898300e+01 6.034219264984e+00 -1.978668570518e+00
G1-1 607 2 1.399966980330e+01 -8.571940213364e-01 5.790345116546e+01 6.037384510040e+00 -1.968701124191e+00
G1-1 607 3 1.375118250140e+01 -3.516269091888e+00 5.457675678292e+01 6.304891109467e+00 -2.068491458893e+00
G1-1 607 4 1.642071128051e+01 -7.916481369949e-01 5.552733551003e+01 3.500834226608e+00 -1.028929829597e+00
G1-1 608 1 1.278493591851e+01 -7.859516566398e+00 4.978138434017e+01 5.067841529846e+00 -1.601043224335e+00
G1-1 608 2 1.287838571912e+01 -7.951720998337e+00 4.527714346324e+01 6.386079311371e+00 -2.090710639954e+00
G1-1 608 3 1.545446493339e+01 -9.466471441982e+00 4.543098743765e+01 5.802873134613e+00 -1.887778043747e+00
G1-1 608 4 1.003549692964e+01 -1.064146270807e+01 4.625085798893e+01 5.704790115356e+00 -1.841750621796e+00
G1-1 609 1 6.779427179156e+00 -1.123348626777e+01 5.602499760455e+01 4.463878631592e+00 -1.309221029282e+00
G1-1 609 2 9.121823198343e+00 -1.567966225694e+01 5.217299818695e+01 3.614071846008e+00 -1.020869970322e+00
G1-1 609 3 1.064492187704e+01 -1.019001659567e+01 5.423833370662e+01 5.743855953217e+00 -1.841808199883e+00
G1-1 609 4 9.121823198343e+00 -1.567966225694e+01 5.655483032243e+01 3.488450050354e+00 -9.300276637077e-01
G1-1 610 1 1.472168820694e+01 3.183218063491e-01 5.165506293274e+01 4.338087558746e+00 -1.354339718819e+00
G1-1 610 2 1.716885408675e+01 -1.147300667781e+00 5.374993945978e+01 6.747001647949e+00 -2.230667114258e+00
G1-1 610 3 1.449932554339e+01 -3.871921615306e+00 5.279936073267e+01 5.866549968719e+00 -1.909919857979e+00
G1-1 610 4 1.716885408675e+01 -2.363762349324e+00 5.037428067364e+01 5.564544200897e+00 -1.802094101906e+00
G1-1 611 1 1.300894239769e+01 -9.808190876340e+00 1.307304754005e+02 5.680293083191e+00 -1.816469192505e+00
G1-1 611 2 1.282149991194e+01 -9.518091010270e+00 1.345712909666e+02 5.480434894562e+00 -1.749433040619e+00
G1-1 611 3 1.225628934091e+01 -1.456314261520e+01 1.330952670911e+02 5.721060276031e+00 -1.840228438377e+00
G1-1 611 4 1.583738448410e+01 -1.081419011458e+01 1.332868044324e+02 5.403310298920e+00 -1.724001049995e+00
G1-1 612 1 -3.242120026965e+00 -1.263347984925e+01 1.503478039789e+01 5.394097328186e+00 -1.841582298279e+00
G1-1 612 2 1.044358220750e-01 -1.226857213724e+01 1.487260373302e+01 5.169703006744e+00 -1.717877626419e+00
G1-1 612 3 -1.210480009756e+00 -1.095933311396e+01 1.786867329545e+01 5.018994331360e+00 -1.652208685875e+00
G1-1 612 4 -6.972605566632e-01 -1.548053384486e+01 1.783023281869e+01 4.256252288818e+00 -1.390872120857e+00
G1-1 613 1 6.365970406567e+00 -1.032311157530e+01 4.726788114779e+01 4.817038536072e+00 -1.482475161552e+00
G1-1 613 2 5.499311524946e+00 -6.825440044046e+00 4.684056956724e+01 5.352680683136e+00 -1.676326513290e+00
G1-1 613 3 3.619649963948e+00 -8.925845458846e+00 4.919275879033e+01 4.253155708313e+00 -1.228199601173e+00
G1-1 613 4 9.115409454380e+00 -7.541165551510e+00 5.079840749903e+01 6.157824039459e+00 -1.989716053009e+00
G1-1 614 1 -5.542345203219e+00 -4.387148930643e+00 3.614818191020e+00 2.824409961700e+00 -3.435986280441e+00
G1-1 614 2 -6.490742705977e+00 -2.025410459423e+00 8.533428193834e-01 1.686291456223e+00 -4.007121562958e+00
G1-1 614 3 -2.298115307105e+00 -2.025410459423e+00 8.533428193834e-01 1.296005845070e+00 -3.855088233948e+00
G1-1 614 4 -2.298115307105e+00 -6.218037917235e+00 8.533428193834e-01 1.627841472626e+00 -3.939956426620e+00
G1-1 615 1 1.076229659610e+01 -1.501706360228e+01 4.846971264078e+01 4.609313964844e+00 -1.444405674934e+00
G1-1 615 2 1.228539503903e+01 -9.527417705254e+00 5.053504816046e+01 5.133406162262e+00 -1.627851128578e+00
G1-1 615 3 1.495492405391e+01 -1.113437258084e+01 4.618465125795e+01 5.699089050293e+00 -1.853660106659e+00
G1-1 615 4 9.535956050159e+00 -1.230936384692e+01 4.700452180922e+01 5.012382030487e+00 -1.583391070366e+00
G1-1 616 1 1.279046953806e+01 -1.567649830393e+01 1.184806360487e+02 5.523462772369e+00 -1.760143041611e+00
G1-1 616 2 1.582042762919e+01 -1.802444455289e+01 1.198652115268e+02 6.088244438171e+00 -1.988971829414e+00
G1-1 616 3 1.189956160231e+01 -1.802444455289e+01 1.215162496585e+02 7.336898803711e+00 -2.421131372452e+00
G1-1 616 4 1.329095591092e+01 -1.802444455289e+01 1.180074080760e+02 5.743424892426e+00 -1.868061780930e+00
G1-1 617 1 -7.270617068952e+00 -1.412298566326e+01 1.308309446762e+02 5.439405441284e+00 -1.726406574249e+00
G1-1 617 2 -3.649967971612e+00 -1.699036343346e+01 1.321639873010e+02 5.613851070404e+00 -1.793667078018e+00
G1-1 617 3 -8.184693031566e+00 -1.416343815799e+01 1.350807120180e+02 5.462095260620e+00 -1.743329524994e+00
G1-1 617 4 -8.396547302234e+00 -1.699036343346e+01 1.331892089101e+02 5.179709434509e+00 -1.634163975716e+00
G1-1 618 1 -7.156917456778e+00 -1.365046592778e+01 1.381629951591e+02 5.725532054901e+00 -1.845873117447e+00
G1-1 618 2 -5.126136040828e+00 -1.194999992620e+01 1.406139792892e+02 5.412242412567e+00 -1.730892062187e+00
G1-1 618 3 -5.159526422060e+00 -1.647739120326e+01 1.395451868364e+02 5.593355178833e+00 -1.794108390808e+00
G1-1 618 4 -2.622192632585e+00 -1.647739120326e+01 1.352462591255e+02 5.250596046448e+00 -1.662204504013e+00
G1-1 619 1 -1.089759210025e+01 -1.420198911796e+01 1.396713467335e+02 5.706715583801e+00 -1.844681739807e+00
G1-1 619 2 -8.900201065530e+00 -1.702891439343e+01 1.410535459553e+02 6.204329967499e+00 -2.022956609726e+00
G1-1 619 3 -1.243594208946e+01 -1.428629015030e+01 1.430853355790e+02 6.338892459869e+00 -2.077805757523e+00
G1-1 619 4 -1.489881279087e+01 -1.702891439343e+01 1.406727459754e+02 6.945447921753e+00 -2.293961763382e+00
G1-1 620 1 -1.503428416948e+01 -7.587067774178e+00 1.351287186294e+02 5.692046642303e+00 -1.830682039261e+00
G1-1 620 2 -1.119626032245e+01 -2.233399534225e+00 1.346562359918e+02 4.586996078491e+00 -1.411654353142e+00
G1-1 620 3 -1.084922042962e+01 -2.872234970167e+00 1.383738187835e+02 4.855948448181e+00 -1.518512606621e+00
G1-1 620 4 -1.103306371462e+01 -8.485019102618e+00 1.370009342370e+02 5.483052253723e+00 -1.754267334938e+00
G1-1 621 1 -1.675248567951e+01 -1.519151916345e+01 1.406863766948e+02 7.084259986877e+00 -2.344408035278e+00
G1-1 621 2 -1.275126498888e+01 -1.236459412374e+01 1.396849774530e+02 6.020271301270e+00 -1.958915114403e+00
G1-1 621 3 -1.675248567951e+01 -9.245583547395e+00 1.411112866094e+02 5.675443649292e+00 -1.831765055656e+00
G1-1 621 4 -1.428961497809e+01 -1.244889492032e+01 1.430989662984e+02 6.159733295441e+00 -2.012968063354e+00
G1-1 622 1 -1.681903588677e+01 -9.008596101527e+00 2.329776911560e+01 5.872372627258e+00 -1.934640169144e+00
G1-1 622 2 -1.409605605492e+01 -9.850508825275e+00 2.446528177222e+01 5.623215198517e+00 -1.845417261124e+00
G1-1 622 3 -1.681903588677e+01 -9.380123695576e+00 1.958650735659e+01 5.661905288696e+00 -1.868108510971e+00
G1-1 622 4 -1.329328458609e+01 -5.469147379933e+00 2.177177964620e+01 5.589422702789e+00 -1.827893495560e+00
G1-1 623 1 -2.737620145129e+00 -1.246841783641e+01 2.513745092496e+01 4.639203548431e+00 -1.494916439056e+00
G1-1 623 2 2.627097338911e+00 -1.221942020938e+01 2.467394347169e+01 4.712046146393e+00 -1.521152853966e+00
G1-1 623 3 -2.278508512557e-01 -1.056171798037e+01 2.888287502318e+01 4.748768329620e+00 -1.515235662460e+00
G1-1 623 4 -5.426074027131e-02 -1.538242229492e+01 2.787268996128e+01 3.768488407135e+00 -1.167806267738e+00
G1-1 624 1 1.745440686445e+01 -6.283436228883e+00 1.229012242667e+00 4.915050983429e+00 -7.267840862274e+00
G1-1 624 2 1.745440686445e+01 -4.664180374720e+00 5.206179405117e+00 3.293330430984e+00 -1.018135905266e+00
G1-1 624 3 1.745440686445e+01 -2.090808712130e+00 1.229012242667e+00 4.864399909973e+00 -5.325333118439e+00
G1-1 624 4 1.326177940664e+01 -2.090808712130e+00 1.229012242667e+00 3.325604438782e+00 -3.969778060913e+00
G1-1 625 1 -2.512855234017e+00 -2.513152153141e+00 1.385253529649e+01 5.947558879852e+00 -2.332544565201e+00
G1-1 625 2 -7.271358475075e+00 -1.274637755267e+00 1.874056401566e+01 5.757314205170e+00 -1.889824748039e+00
G1-1 625 3 -2.464511580436e+00 -2.415615417918e-01 1.954558311905e+01 6.303581714630e+00 -2.082696676254e+00
G1-1 625 4 -5.203621111388e+00 6.727313053565e-01 1.504857457259e+01 6.266085147858e+00 -2.194966316223e+00
G1-1 626 1 4.865280330732e+00 -1.253105866477e+01 1.514410006706e+01 5.161716461182e+00 -1.711946845055e+00
G1-1 626 2 8.256211468746e+00 -1.574302013663e+01 1.810172868120e+01 4.705668449402e+00 -1.543011069298e+00
G1-1 626 3 9.537936374327e+00 -1.238719171409e+01 1.504021006793e+01 4.706714630127e+00 -1.542121171951e+00
G1-1 626 4 6.744942086433e+00 -1.258001805110e+01 1.928481441715e+01 5.246700763702e+00 -1.729345798492e+00
G1-1 627 1 -3.573280904038e+00 -1.116612699611e+01 1.192101311763e+01 5.233159065247e+00 -2.223568916321e+00
G1-1 627 2 -1.129421759734e+00 -7.677204157256e+00 1.052028385269e+01 5.161164760590e+00 -2.354278326035e+00
G1-1 627 3 -2.267251139383e-01 -1.080121881258e+01 1.175883645276e+01 5.181330680847e+00 -1.992506861687e+00
G1-1 627 4 -2.512299941001e+00 -1.107950179568e+01 8.874726100687e+00 4.793432712555e+00 -2.454329967499e+00
G1-1 628 1 1.282938272689e+01 1.163442228138e+01 3.082299604525e+01 5.418250560760e+00 -1.703624248505e+00
G1-1 628 2 1.419096841371e+01 1.226883487837e+01 3.550408695029e+01 3.712680816650e+00 -1.013628602028e+00
G1-1 628 3 1.308565443598e+01 8.889784785821e+00 3.254164916590e+01 6.078316688538e+00 -1.929455161095e+00
G1-1 628 4 1.616119050649e+01 1.006425785912e+01 3.353507719525e+01 3.804787874222e+00 -1.035611033440e+00
G1-1 629 1 7.758705092171e+00 1.318626535354e+01 2.845471518518e+01 5.100045204163e+00 -1.594845771790e+00
G1-1 629 2 5.460195523730e+00 1.326083161194e+01 3.056800943061e+01 4.820251464844e+00 -1.462498664856e+00
G1-1 629 3 3.243774942989e+00 1.585983091843e+01 2.859690728559e+01 4.793362140656e+00 -1.470283746719e+00
G1-1 629 4 3.112751496468e+00 1.177961291048e+01 2.764713369310e+01 5.977975845337e+00 -1.915221452713e+00
G1-1 630 1 1.377977572095e+01 1.330873917888e+01 3.051795766202e+01 4.879371643066e+00 -1.524091362953e+00
G1-1 630 2 1.514136164353e+01 1.394315177588e+01 3.519904903859e+01 4.345940589905e+00 -1.315983653069e+00
G1-1 630 3 1.711158326478e+01 1.173857475663e+01 3.323003928354e+01 3.779013395309e+00 -1.057912707329e+00
G1-1 630 4 1.711158326478e+01 1.598230497953e+01 3.124948683750e+01 3.967615604401e+00 -1.225536346436e+00
G1-1 631 1 9.233087432088e+00 1.151194845603e+01 2.894186843140e+01 5.249772548676e+00 -1.640328526497e+00
G1-1 631 2 9.489359259051e+00 8.767310724714e+00 3.066052155205e+01 6.132811069489e+00 -1.954386115074e+00
G1-1 631 3 6.934578099408e+00 1.158651471443e+01 3.105516220531e+01 5.881486415863e+00 -1.860814929008e+00
G1-1 631 4 4.587133954265e+00 1.010529601297e+01 2.813428741085e+01 5.955262660980e+00 -1.901154994965e+00
G1-1 632 1 4.840386170304e+00 3.353757727207e+00 3.125069012540e+01 7.498547554016e+00 -2.459221363068e+00
G1-1 632 2 9.154448114688e+00 4.986776273075e+00 3.198622533391e+01 6.763847827911e+00 -2.185895442963e+00
G1-1 632 3 5.851451377144e+00 4.425986606518e+00 3.438312537972e+01 7.392926216125e+00 -2.408940315247e+00
G1-1 632 4 7.974433150807e+00 1.848344159798e+00 3.076468244283e+01 7.243509769440e+00 -2.373832941055e+00
G1-1 633 1 1.196702211177e+01 5.805911285240e+00 2.535880394752e+01 5.653705120087e+00 -1.803218245506e+00
G1-1 633 2 1.334718535234e+01 5.978710879705e+00 2.925515222771e+01 5.460824489594e+00 -1.710053324699e+00
G1-1 633 3 1.642272071557e+01 2.859420172892e+00 2.806618425728e+01 4.580385208130e+00 -1.380015611649e+00
G1-1 633 4 1.642272071557e+01 7.148528747854e+00 2.594234873375e+01 3.686274290085e+00 -1.025921940804e+00
G1-1 634 1 -4.263925896545e+00 1.625130635332e+00 7.560674320325e+01 8.679855346680e+00 -2.640966653824e+00
G1-1 634 2 -4.407762720307e+00 -1.291414552455e+00 7.787892687219e+01 8.714550971985e+00 -2.571545600891e+00
G1-1 634 3 -3.647279739139e+00 7.129368421507e-01 7.295346459919e+01 8.720578193665e+00 -2.559408903122e+00
G1-1 634 4 -2.945202555373e-02 -9.441493630549e-01 7.560001480046e+01 8.716845512390e+00 -2.566711664200e+00
G1-1 635 1 9.386539241192e+00 8.290541944774e+00 8.051044073061e+01 4.861260890961e+00 -1.382014751434e+00
G1-1 635 2 1.430765747110e+01 1.008759775179e+01 7.850589531884e+01 7.308510780334e+00 -2.399974822998e+00
G1-1 635 3 8.548673443760e+00 1.077262771627e+01 7.751949509256e+01 3.160337209702e+00 -5.285088419914e-01
G1-1 635 4 1.061203831028e+01 1.074811783725e+01 8.238129837459e+01 6.880122661591e+00 -2.207216978073e+00
G1-1 636 1 1.930748961893e+00 3.140351813492e+00 7.463158676538e+01 8.645350456238e+00 -2.709939241409e+00
G1-1 636 2 -2.767606322310e+00 2.671328699153e+00 7.484015019198e+01 8.642580986023e+00 -2.715881824493e+00
G1-1 636 3 -2.150960105964e+00 1.759134979646e+00 7.218687158792e+01 8.667729377747e+00 -2.665467500687e+00
G1-1 636 4 1.466867578152e+00 1.020487302356e-01 7.483342178919e+01 7.934448242188e+00 -2.131800651550e+00
G1-1 637 1 5.125222246857e+00 -3.528097998834e-01 7.776391681721e+01 7.518742561340e+00 -1.915475606918e+00
G1-1 637 2 6.912301055313e+00 3.382156811987e+00 8.034186408448e+01 8.651205062866e+00 -2.690928459167e+00
G1-1 637 3 4.434312014808e+00 5.070460065307e-01 8.121912718553e+01 8.681657791138e+00 -2.637082576752e+00
G1-1 637 4 8.479317436853e+00 8.450839051894e-01 7.837238347772e+01 7.716675758362e+00 -4.581200599670e+00
G1-1 638 1 1.714074352463e+00 1.592505474535e+01 8.108904212525e+01 4.619033813477e+00 -1.265168905258e+00
G1-1 638 2 6.403710048330e+00 1.277402720064e+01 8.298786767879e+01 3.778083324432e+00 -9.123399853706e-01
G1-1 638 3 -5.497099074876e-02 1.306088507897e+01 8.110332803928e+01 6.253360748291e+00 -1.924199819565e+00
G1-1 638 4 4.340345063925e+00 1.279853707966e+01 7.812606251068e+01 6.641987323761e+00 -2.060858249664e+00
G1-1 639 1 1.154332515925e+01 6.248552835821e+00 7.185689217438e+01 6.893337249756e+00 -2.128569364548e+00
G1-1 639 2 9.138443098155e+00 9.111502818666e+00 7.457008989122e+01 6.707585811615e+00 -2.071263551712e+00
G1-1 639 3 1.154332515925e+01 4.092344361396e+00 7.559155680859e+01 7.727110385895e+00 -2.429911136627e+00
G1-1 639 4 1.489742712550e+01 8.426472736306e+00 7.555649011750e+01 5.380210876465e+00 -1.676876544952e+00
G1-1 640 1 -1.231579276275e+01 -1.250757338049e+01 1.290016873465e+02 5.527474403381e+00 -1.759765744209e+00
G1-1 640 2 -1.723108965175e+01 -1.104531778528e+01 1.278133652713e+02 6.024397850037e+00 -1.949879527092e+00
G1-1 640 3 -1.723108965175e+01 -1.537495115069e+01 1.298339348151e+02 6.125812530518e+00 -1.991274237633e+00
G1-1 640 4 -1.723108965175e+01 -1.165007478254e+01 1.313792428528e+02 6.165643215179e+00 -2.005083799362e+00
G1-1 641 1 -4.014576150775e+00 4.287363960057e+00 1.425593267066e+02 5.025560379028e+00 -1.604348063469e+00
G1-1 641 2 -3.426166323300e+00 7.528016252409e+00 1.386417244187e+02 5.570241451263e+00 -1.814462542534e+00
G1-1 641 3 -4.820902631129e-01 1.442439863044e+00 1.388884302463e+02 5.056431770325e+00 -1.605169653893e+00
G1-1 641 4 -6.144208183070e+00 2.189176541807e+00 1.405071433842e+02 5.089410305023e+00 -1.618621706963e+00
G1-1 642 1 1.461511299098e+00 1.022780266329e+01 1.401941460510e+02 5.634064674377e+00 -1.852038621902e+00
G1-1 642 2 -1.970326883135e+00 7.069186473121e+00 1.440156604690e+02 5.352112293243e+00 -1.737935543060e+00
G1-1 642 3 2.902871889777e+00 7.696519520626e+00 1.431054972772e+02 5.724803924561e+00 -1.875439882278e+00
G1-1 642 4 -1.668770775650e+00 1.058294598240e+01 1.438194313102e+02 5.751543521881e+00 -1.897890448570e+00
G1-1 643 1 5.522557865707e+00 1.401513768679e+01 1.468619419419e+02 6.345137119293e+00 -2.133688926697e+00
G1-1 643 2 7.475816692547e+00 1.244987796991e+01 1.492592049810e+02 6.064306259155e+00 -2.010356187820e+00
G1-1 643 3 7.475816692547e+00 1.664250542772e+01 1.492592049810e+02 6.287511348724e+00 -2.267179250717e+00
G1-1 643 4 3.283189234735e+00 1.664250542772e+01 1.492592049810e+02 6.136977672577e+00 -2.266822814941e+00
G1-1 644 1 1.274964553692e+01 -2.061636056143e+00 1.418357912734e+02 4.985130310059e+00 -1.566024422646e+00
G1-1 644 2 1.532359160833e+01 -4.745166513470e+00 1.410218698502e+02 4.310220718384e+00 -1.304276108742e+00
G1-1 644 3 9.825332762552e+00 -4.487656958340e+00 1.419456566739e+02 5.033386230469e+00 -1.584805727005e+00
G1-1 644 4 1.230770727192e+01 -5.686980563180e+00 1.390117182132e+02 5.040975570679e+00 -1.585506081581e+00
G1-1 645 1 1.566313156074e+01 -1.221398379159e+01 1.078607970922e+02 4.022953987122e+00 -1.169084668159e+00
G1-1 645 2 1.542174025626e+01 -9.898273208138e+00 1.040278423423e+02 3.535913467407e+00 -1.033535122871e+00
G1-1 645 3 1.752481930238e+01 -1.033452542686e+01 1.068291439216e+02 2.891389369965e+00 -6.684718728065e-01
G1-1 645 4 1.752481930238e+01 -1.243100420976e+01 1.041042533871e+02 6.920955181122e+00 -2.433472633362e+00
G1-1 646 1 9.711138134725e+00 8.135231118165e+00 1.369440198324e+02 5.557105541229e+00 -1.804065227509e+00
G1-1 646 2 7.042476966598e+00 6.681284189233e+00 1.400616041104e+02 5.340245723724e+00 -1.725093245506e+00
G1-1 646 3 5.601116316978e+00 9.212567449778e+00 1.371502528842e+02 6.002097129822e+00 -1.972898364067e+00
G1-1 646 4 8.325017641376e+00 4.201059848129e+00 1.349530404093e+02 5.148231983185e+00 -1.641115784645e+00
G1-1 647 1 1.408506694283e+01 2.964441020061e+00 1.458588246589e+02 4.827770233154e+00 -1.512239575386e+00
G1-1 647 2 1.246638602795e+01 6.871927207852e+00 1.490223992267e+02 5.309576988220e+00 -1.707489490509e+00
G1-1 647 3 1.665901348577e+01 2.679299764775e+00 1.490223992267e+02 4.141326427460e+00 -1.239306092262e+00
G1-1 647 4 1.665901348577e+01 6.871927207852e+00 1.490223992267e+02 4.484930515289e+00 -1.387122631073e+00
G1-1 648 1 6.710995988207e+00 1.136510737421e+01 1.274025257550e+02 5.350562572479e+00 -1.735126614571e+00
G1-1 648 2 9.716061206798e+00 8.368914459034e+00 1.265376871588e+02 5.623365402222e+00 -1.824476361275e+00
G1-1 648 3 9.643229317382e+00 9.594744584483e+00 1.321683841096e+02 5.945219516754e+00 -1.947689533234e+00
G1-1 648 4 4.118068915594e+00 9.462516712919e+00 1.284435208966e+02 5.249757766724e+00 -1.694542050362e+00
G1-1 649 1 5.531291696656e+00 1.314488236653e+01 1.395521204473e+02 6.152554512024e+00 -2.043803215027e+00
G1-1 649 2 6.409381053104e+00 1.359151185308e+01 1.429716336307e+02 6.408811092377e+00 -2.149079322815e+00
G1-1 649 3 9.871180848697e+00 1.372936563496e+01 1.429781740150e+02 6.197135448456e+00 -2.056400537491e+00
G1-1 649 4 8.362639762063e+00 1.621887912249e+01 1.409870581131e+02 6.268514633179e+00 -2.101197957993e+00
G1-1 650 1 1.011414400949e+00 9.877579010086e+00 1.476841736619e+02 6.053329944611e+00 -2.005159139633e+00
G1-1 650 2 -7.575883992746e-01 1.135135279528e+01 1.454926864708e+02 6.512632369995e+00 -2.203222274780e+00
G1-1 650 3 3.250783031921e+00 1.144283919848e+01 1.452869106229e+02 6.269845962524e+00 -2.084523677826e+00
G1-1 650 4 3.814054325093e+00 8.464926097746e+00 1.447787524378e+02 5.374186515808e+00 -1.752351284027e+00
G1-1 651 1 4.226964730160e+00 1.271954455124e+01 1.468619419419e+02 6.376059055328e+00 -2.163120269775e+00
G1-1 651 2 6.180223557000e+00 1.115428483436e+01 1.492592049810e+02 6.563410282135e+00 -2.188781261444e+00
G1-1 651 3 1.987596099188e+00 1.534691229218e+01 1.492592049810e+02 6.179854869843e+00 -2.180215597153e+00
G1-1 651 4 1.987596099188e+00 1.115428483436e+01 1.492592049810e+02 6.306956768036e+00 -2.099848747253e+00
G1-1 652 1 -1.334450454475e+01 2.052786135290e+00 1.140523543034e+02 6.158655643463e+00 -2.010395288467e+00
G1-1 652 2 -1.610175461933e+01 -6.775797116593e-01 1.126038847688e+02 6.344898700714e+00 -2.075920820236e+00
G1-1 652 3 -1.306339986332e+01 -3.730498751548e+00 1.131020015292e+02 7.054286479950e+00 -2.313006162643e+00
G1-1 652 4 -1.332745664185e+01 -3.139390696370e+00 1.166378317862e+02 5.711271762848e+00 -1.819414138794e+00
G1-1 653 1 -1.112091042784e+01 1.585210931421e+01 1.036565262185e+02 5.024607658386e+00 -1.607799172401e+00
G1-1 653 2 -1.112091042784e+01 1.585210931421e+01 1.080383594771e+02 4.847511291504e+00 -1.546634435654e+00
G1-1 653 3 -1.531353788565e+01 1.202953718584e+01 1.059658969371e+02 5.973929405212e+00 -1.965033888817e+00
G1-1 653 4 -1.257816729779e+01 1.029691044168e+01 1.055308845426e+02 5.767355442047e+00 -1.882832169533e+00
G1-1 654 1 -1.352510842970e+01 4.692072893138e+00 1.030390305331e+02 5.836704254150e+00 -1.908799648285e+00
G1-1 654 2 -1.626047925332e+01 3.279145489819e+00 1.016422250324e+02 6.186286449432e+00 -2.041915655136e+00
G1-1 654 3 -1.354669041286e+01 4.709749723515e+00 9.915999031840e+01 6.858907699585e+00 -2.274508237839e+00
G1-1 654 4 -1.365338054975e+01 7.927113883855e-01 1.013192002831e+02 7.093387603760e+00 -2.361575126648e+00
G1-1 655 1 -1.116360081526e+01 8.939401069648e+00 1.110795353011e+02 6.077082157135e+00 -1.994114160538e+00
G1-1 655 2 -7.978643467099e+00 1.192808125567e+01 1.070039399045e+02 4.329591274261e+00 -1.323016524315e+00
G1-1 655 3 -1.118548006622e+01 8.957324333328e+00 1.071468028170e+02 5.307833194733e+00 -1.712600827217e+00
G1-1 655 4 -9.728223432027e+00 1.451252320586e+01 1.096542739793e+02 4.693257808685e+00 -1.481256365776e+00
G1-1 656 1 -1.574816750454e+01 1.077076116834e+01 1.153561527508e+02 6.329062461853e+00 -2.094548225403e+00
G1-1 656 2 -1.155554004673e+01 1.477585444374e+01 1.131551359305e+02 5.552470684052e+00 -1.811674118042e+00
G1-1 656 3 -1.298391028945e+01 1.149346566758e+01 1.171253352457e+02 6.149136543274e+00 -2.025739431381e+00
G1-1 656 4 -1.299091742997e+01 9.202732307528e+00 1.145803972522e+02 5.998356819153e+00 -1.970953583717e+00
G1-1 657 1 -8.361775271798e+00 7.733604548745e+00 1.145321157616e+02 6.471828937531e+00 -2.126436948776e+00
G1-1 657 2 -5.562088561097e+00 1.041484396295e+01 1.150471130583e+02 4.953784465790e+00 -1.565827488899e+00
G1-1 657 3 -3.135651238086e+00 8.834915529263e+00 1.168026802711e+02 4.933974266052e+00 -1.551511764526e+00
G1-1 657 4 -2.722233750233e+00 8.628742186913e+00 1.134857361727e+02 4.665602207184e+00 -1.437942028046e+00
G1-1 658 1 -4.876200193693e+00 9.266178397456e+00 1.179124578534e+02 5.465252876282e+00 -1.758704066277e+00
G1-1 658 2 -1.010232408005e+01 8.164867416938e+00 1.156418933438e+02 5.150624752045e+00 -1.650273919106e+00
G1-1 658 3 -1.009531729318e+01 1.045560101275e+01 1.181868294512e+02 5.911774635315e+00 -1.932843804359e+00
G1-1 658 4 -7.302637546174e+00 1.084610683115e+01 1.161568906406e+02 5.153976440430e+00 -1.648833274841e+00
G1-1 659 1 -1.342481220031e+01 2.481288891401e+00 1.063586425167e+02 6.385383129120e+00 -2.105254650116e+00
G1-1 659 2 -1.355308408460e+01 -1.418072554412e+00 1.046388141529e+02 7.071140289307e+00 -2.349014997482e+00
G1-1 659 3 -1.312182826793e+01 -3.319919435939e+00 1.093410259988e+02 7.094615459442e+00 -2.335738420486e+00
G1-1 659 4 -1.616018278817e+01 -2.670004255204e-01 1.088429092384e+02 6.667725086212e+00 -2.201028823853e+00
G1-1 660 1 -1.436371553631e+01 3.837342252651e+00 1.050053986995e+02 6.115507602692e+00 -2.011366128922e+00
G1-1 660 2 -1.709908612417e+01 2.424414908272e+00 1.036085931989e+02 6.299280643463e+00 -2.082843303680e+00
G1-1 660 3 -1.449198718484e+01 -6.201916369111e-02 1.032855703356e+02 6.793893337250e+00 -2.255848169327e+00
G1-1 660 4 -1.709908612417e+01 1.089052994670e+00 1.074896635350e+02 5.911972999573e+00 -1.938037991524e+00
G1-1 661 1 -1.299732015858e+01 7.219311577634e+00 4.941288917148e+01 4.297320842743e+00 -1.334310889244e+00
G1-1 661 2 -1.209236344064e+01 5.094230637752e+00 4.893786632297e+01 2.277138233185e+00 -3.421004712582e-01
G1-1 661 3 -9.044112835553e+00 8.896114340017e+00 5.093660456356e+01 7.890973567963e+00 -4.220295906067e+00
G1-1 661 4 -1.131154458009e+01 8.127074449313e+00 5.311655000669e+01 8.392910003662e+00 -3.214583635330e+00
G1-1 662 1 -1.656613225195e+01 6.040826606018e+00 5.013111578199e+01 5.098316192627e+00 -1.677438616753e+00
G1-1 662 2 -1.823445863971e+01 2.715919940264e+00 5.357164974593e+01 5.611264705658e+00 -1.848470211029e+00
G1-1 662 3 -1.823445863971e+01 6.948589477697e+00 5.383477661720e+01 4.402749061584e+00 -1.419668793678e+00
G1-1 662 4 -1.823445863971e+01 5.103797416278e+00 5.006350155605e+01 5.864916801453e+00 -1.945154190063e+00
G1-1 663 1 -1.656613225195e+01 8.210681775270e+00 4.673874048614e+01 5.725646495819e+00 -1.877369046211e+00
G1-1 663 2 -1.823445863971e+01 7.273652644470e+00 4.667112720325e+01 2.981063365936e+00 -7.966923713684e-01
G1-1 663 3 -1.823445863971e+01 1.127465335846e+01 4.670773763019e+01 4.866861343384e+00 -1.581157922745e+00
G1-1 663 4 -1.823445863971e+01 9.751365977747e+00 4.293598507349e+01 2.260567665100e+00 -3.739630579948e-01
G1-1 664 1 -1.307686820787e+01 6.895675564900e+00 4.699915722733e+01 7.740866661072e+00 -2.576201438904e+00
G1-1 664 2 -9.123660649077e+00 8.572478327283e+00 4.852287356247e+01 5.058602333069e+00 -1.513479590416e+00
G1-1 664 3 -1.217191148992e+01 4.770594625018e+00 4.652413532187e+01 6.075674057007e+00 -1.959926247597e+00
G1-1 664 4 -1.164851502499e+01 6.756130299405e+00 4.289182140664e+01 7.994672298431e+00 -2.645226716995e+00
G1-1 665 1 -1.560920586565e+01 7.220740781566e+00 4.547908403389e+01 3.017333745956e+00 -7.553187608719e-01
G1-1 665 2 -1.727753225341e+01 8.761424748282e+00 4.167632862124e+01 2.752845764160e+00 -5.796310305595e-01
G1-1 665 3 -1.418085291854e+01 7.081195516071e+00 4.137174727015e+01 5.948125839233e+00 -1.897926211357e+00
G1-1 665 4 -1.727753225341e+01 6.283711650767e+00 4.541147075100e+01 3.277968883514e+00 -8.837153911591e-01
G1-1 666 1 1.496055897106e+01 -9.280573597240e+00 9.971682173394e+01 6.552911758423e+00 -2.614195346832e+00
G1-1 666 2 1.706363801718e+01 -1.181330365582e+01 9.979323277879e+01 2.988756656647e+00 -7.911929488182e-01
G1-1 666 3 1.370953628669e+01 -9.657095180067e+00 9.605856814458e+01 2.587318658829e+00 -2.209571152925e-01
G1-1 666 4 1.706363801718e+01 -9.657095651589e+00 9.605857003067e+01 4.488544464111e+00 -1.414825201035e+00
G1-1 667 1 1.313587971155e+01 -1.181150663911e+01 1.089209062761e+02 6.484098434448e+00 -2.086888551712e+00
G1-1 667 2 1.289448864283e+01 -9.495795937772e+00 1.050879534123e+02 5.175711154938e+00 -1.627784013748e+00
G1-1 667 3 1.063401826333e+01 -1.180842563114e+01 1.082809406784e+02 6.875945091248e+00 -2.212581634521e+00
G1-1 667 4 1.118275712771e+01 -8.849707010793e+00 1.082032721429e+02 5.593186378479e+00 -1.747719764709e+00
G1-1 668 1 1.462665712516e+01 -1.286183144531e+01 1.070187589576e+02 5.044380664825e+00 -1.582801699638e+00
G1-1 668 2 1.438526605643e+01 -1.054612062609e+01 1.031858060938e+02 7.200478076935e+00 -2.954651594162e+00
G1-1 668 3 1.648834486680e+01 -1.307885162772e+01 1.032622171386e+02 2.402052164078e+00 -5.435016751289e-01
G1-1 668 4 1.313424313631e+01 -1.307885162772e+01 1.032622171386e+02 5.362578392029e+00 -1.670108437538e+00
G1-1 669 1 9.930141583606e+00 -3.427095883288e+00 1.028755453470e+02 7.786558628082e+00 -2.593087673187e+00
G1-1 669 2 7.888812778214e+00 -7.500731858737e+00 1.009363270188e+02 6.873595714569e+00 -2.240698099136e+00
G1-1 669 3 1.169933096463e+01 -4.184120015357e+00 1.003325537017e+02 7.535932064056e+00 -3.005304574966e+00
G1-1 669 4 1.202304729990e+01 -6.712361031395e+00 1.016786436957e+02 7.426708221436e+00 -2.747038841248e+00
G1-1 670 1 9.501221195301e+00 -4.008712716947e+00 1.042541964617e+02 8.376553535461e+00 -3.247282981873e+00
G1-1 670 2 1.159412667583e+01 -7.293977865054e+00 1.030572948105e+02 7.581347465515e+00 -2.519920587540e+00
G1-1 670 3 9.882395042830e+00 -6.647888584433e+00 1.061726135410e+02 8.515967369080e+00 -2.827698707581e+00
G1-1 670 4 7.459892507790e+00 -8.082348692396e+00 1.023149781335e+02 8.580821990967e+00 -2.839113950729e+00
G1-1 671 1 1.108866449370e+01 -4.232968550690e+00 9.801320774184e+01 5.794228553772e+00 -1.893900156021e+00
G1-1 671 2 8.594341291546e+00 -3.257499396123e+00 9.670889389576e+01 8.487706184387e+00 -3.024996280670e+00
G1-1 671 3 1.016135743732e+01 -7.137731797898e+00 9.570104603260e+01 5.475776195526e+00 -1.717497825623e+00
G1-1 671 4 7.278146543052e+00 -7.549580335130e+00 9.861698294503e+01 8.161310195923e+00 -3.678309202194e+00
G1-1 672 1 -9.429124455552e+00 -4.387148930643e+00 3.614818191020e+00 3.132565736771e+00 -3.283684253693e+00
G1-1 672 2 -1.037752207619e+01 -2.025410459423e+00 8.533428193834e-01 2.226242542267e+00 -4.115519046783e+00
G1-1 672 3 -1.037752207619e+01 -6.218037917235e+00 8.533428193834e-01 2.421221017838e+00 -4.245907306671e+00
G1-1 672 4 -1.457014953400e+01 -2.025410459423e+00 8.533428193834e-01 2.915571451187e+00 -4.377445220947e+00
G1-1 673 1 -6.893071886940e+00 2.749754532461e+00 1.025426735900e+02 5.643854618073e+00 -1.814601063728e+00
G1-1 673 2 -1.092095588318e+01 -4.998739823181e-02 1.014790487444e+02 5.096763134003e+00 -1.625813603401e+00
G1-1 673 3 -1.079268376313e+01 3.849374047581e+00 1.031988771082e+02 5.438468456268e+00 -1.751363515854e+00
G1-1 673 4 -8.606936356841e+00 8.267124282293e-01 9.909651328927e+01 8.113075256348e+00 -3.048588991165e+00
G1-1 674 1 1.235994434603e+01 3.323887994271e+00 1.437305445444e+02 5.177039146423e+00 -1.647632598877e+00
G1-1 674 2 1.493389065320e+01 5.614594733415e+00 1.429122694488e+02 4.968700408936e+00 -1.567865133286e+00
G1-1 674 3 9.351275897482e+00 5.818721048696e+00 1.439887016603e+02 5.115663528442e+00 -1.636224150658e+00
G1-1 674 4 1.074126319539e+01 7.231374137857e+00 1.468941191122e+02 4.813826560974e+00 -1.527664899826e+00
G1-1 675 1 1.557328375819e+01 -3.382710107883e+00 9.797861852602e+01 4.402543544769e+00 -1.411590218544e+00
G1-1 675 2 1.800007890382e+01 -2.023303175168e+00 9.589715027406e+01 5.989098072052e+00 -2.195847749710e+00
G1-1 675 3 1.800007890382e+01 -4.331765800778e+00 9.924761508139e+01 6.115153789520e+00 -2.174301624298e+00
G1-1 675 4 1.800007890382e+01 -6.287473472972e+00 9.566645681678e+01 4.122289180756e+00 -1.350360631943e+00
G1-1 676 1 1.415239846699e+01 6.523507820790e+00 1.002553843345e+02 5.862059593201e+00 -1.914295911789e+00
G1-1 676 2 1.426273452848e+01 6.394823705486e+00 1.048556226641e+02 6.208139419556e+00 -2.040847778320e+00
G1-1 676 3 1.701494488914e+01 5.016483946419e+00 1.024694962917e+02 6.581876754761e+00 -2.179953575134e+00
G1-1 676 4 1.701494488914e+01 8.139829808143e+00 1.043847402399e+02 6.533299446106e+00 -2.163732051849e+00
G1-1 677 1 1.236966716014e+01 6.935829222741e+00 9.250110853398e+01 6.182717323303e+00 -2.007688999176e+00
G1-1 677 2 1.040658442167e+01 5.394016416163e+00 8.816394854515e+01 4.805469512939e+00 -1.432475090027e+00
G1-1 677 3 1.153659442147e+01 9.249976058172e+00 8.748595242097e+01 6.002734661102e+00 -1.917858242989e+00
G1-1 677 4 1.523221358229e+01 7.478408416908e+00 8.770375734561e+01 7.277938842773e+00 -2.407886505127e+00
G1-1 678 1 1.052165248767e+01 9.259194736237e+00 9.393137232277e+01 5.476374149323e+00 -1.733429193497e+00
G1-1 678 2 6.770895978663e+00 1.031335548194e+01 9.195744250848e+01 5.778686046600e+00 -1.810576081276e+00
G1-1 678 3 9.191571569890e+00 1.472436899850e+01 9.139922580093e+01 3.988719224930e+00 -1.128913044930e+00
G1-1 678 4 9.688579749005e+00 1.157334168955e+01 8.891621809585e+01 4.382605552673e+00 -1.270728468895e+00
G1-1 679 1 1.351167643988e+01 5.377488875009e+00 9.369381851576e+01 6.297129631042e+00 -2.064207315445e+00
G1-1 679 2 1.154859346565e+01 3.835676127371e+00 8.935665664084e+01 5.849207401276e+00 -1.863582491875e+00
G1-1 679 3 1.637422286203e+01 5.920068069176e+00 8.889646732738e+01 6.983140945435e+00 -2.312703609467e+00
G1-1 679 4 1.637422286203e+01 2.648740600357e+00 9.253834499161e+01 7.126039981842e+00 -2.414775371552e+00
G1-1 680 1 1.468870826656e+01 -1.308916808186e-01 9.841287629354e+01 5.927736282349e+00 -1.947800397873e+00
G1-1 680 2 1.425295699005e+01 3.957263526549e+00 9.748688156573e+01 6.896639347076e+00 -2.287366390228e+00
G1-1 680 3 1.711550341219e+01 2.450239563767e+00 9.970099163688e+01 6.001420974731e+00 -1.974545121193e+00
G1-1 680 4 1.711550341219e+01 1.228515281367e+00 9.633140992767e+01 6.954851627350e+00 -2.431297779083e+00
G1-1 681 1 1.243818999536e+01 7.807158391941e+00 1.005709913398e+02 5.685713768005e+00 -1.844569206238e+00
G1-1 681 2 1.254852605685e+01 7.678474276637e+00 1.051712277833e+02 6.025378704071e+00 -1.971590995789e+00
G1-1 681 3 1.530073641751e+01 9.423480143533e+00 1.047003472452e+02 5.886123657227e+00 -1.928220152855e+00
G1-1 681 4 9.753441275707e+00 1.045411465066e+01 1.038064250256e+02 5.577469348907e+00 -1.798167109489e+00
G1-1 682 1 1.036806866829e+01 1.023291572444e+01 9.605272473293e+01 5.604260444641e+00 -1.790719509125e+00
G1-1 682 2 6.617312041401e+00 1.128707623438e+01 9.407879491864e+01 4.693356990814e+00 -1.398258924484e+00
G1-1 682 3 9.037987750508e+00 1.569808998670e+01 9.790241110951e+01 3.747454404831e+00 -1.059905171394e+00
G1-1 682 4 9.037987750508e+00 1.569808998670e+01 9.352057821109e+01 3.791414976120e+00 -1.056179761887e+00
G1-1 683 1 1.066299544338e+01 1.500093003415e+01 1.015707085329e+02 4.983763694763e+00 -1.576776504517e+00
G1-1 683 2 1.199307647904e+01 9.535755771888e+00 9.972102404243e+01 5.076833248138e+00 -1.612553358078e+00
G1-1 683 3 1.485562290119e+01 1.115207740560e+01 1.038503799479e+02 5.942686557770e+00 -1.946982145309e+00
G1-1 683 4 9.308327759392e+00 1.218271191272e+01 1.029564577283e+02 5.039600849152e+00 -1.590974211693e+00
G1-1 684 1 -1.120962616029e+00 -1.016401520940e+00 5.737973307759e+01 8.574603080750e+00 -2.852241277695e+00
G1-1 684 2 8.503170225612e-01 -5.316147709146e+00 5.871343080035e+01 7.126299858093e+00 -2.284523248672e+00
G1-1 684 3 -1.855550777653e+00 -6.764449380945e-01 6.080313213341e+01 8.587194442749e+00 -2.826530933380e+00
G1-1 684 4 -5.109252329069e+00 -2.955569535356e+00 6.154854422912e+01 8.582262039185e+00 -2.798518180847e+00
G1-1 685 1 1.997392007169e-01 -1.512781027579e+01 5.123430278304e+01 3.490669488907e+00 -8.866202235222e-01
G1-1 685 2 -1.224088998514e+00 -1.195729972607e+01 5.418410348739e+01 4.716697216034e+00 -1.381245970726e+00
G1-1 685 3 2.049970657761e+00 -1.068163428662e+01 5.508630314369e+01 4.719204902649e+00 -1.374448776245e+00
G1-1 685 4 4.197055815623e-01 -1.102284463974e+01 5.169399053705e+01 4.568987846375e+00 -1.327947616577e+00
G1-1 686 1 -3.149521812942e+00 -4.801583930693e+00 6.800558581091e+01 8.594878196716e+00 -2.810979127884e+00
G1-1 686 2 -7.206389961317e+00 -3.497015054668e+00 6.604619857127e+01 8.591622352600e+00 -2.817400932312e+00
G1-1 686 3 -7.016745902593e+00 -4.364158148958e+00 6.827579139462e+01 8.600854873657e+00 -2.798777103424e+00
G1-1 686 4 -5.037821973049e+00 -1.219743156552e+00 6.866260290362e+01 8.637197494507e+00 -2.726138830185e+00
G1-1 687 1 -2.938773554506e+00 -1.567588924018e+00 5.595334243261e+01 8.127627372742e+00 -2.649387121201e+00
G1-1 687 2 -6.927063149665e+00 -3.506757071050e+00 6.012215358415e+01 6.772405147552e+00 -2.150141716003e+00
G1-1 687 3 -6.281861951846e+00 -1.735646468393e+00 5.566304605251e+01 7.422139167786e+00 -2.401219606400e+00
G1-1 687 4 -4.241553631132e+00 -7.143000875839e+00 5.638484049908e+01 5.990139484406e+00 -1.875076293945e+00
G1-1 688 1 1.597668057102e+00 -1.831012883829e+00 5.436420900675e+01 8.086748123169e+00 -2.655602455139e+00
G1-1 688 2 5.331449294201e+00 -1.425405501411e+00 5.425659721174e+01 7.760654449463e+00 -2.546152830124e+00
G1-1 688 3 3.568947710428e+00 -6.130759248856e+00 5.569790672951e+01 5.414336681366e+00 -1.653570890427e+00
G1-1 688 4 1.938682608443e+00 -6.471969366217e+00 5.230559506592e+01 4.393160820007e+00 -1.250872612000e+00
G1-1 689 1 -8.642631739390e+00 -4.489833583576e+00 5.996541729152e+01 7.263913154602e+00 -2.354376077652e+00
G1-1 689 2 -1.020603911076e+01 -5.731968170255e+00 5.528940083731e+01 5.098048210144e+00 -1.580874443054e+00
G1-1 689 3 -7.997430659452e+00 -2.718723069330e+00 5.550631164598e+01 7.787502765656e+00 -2.557311296463e+00
G1-1 689 4 -5.957122338737e+00 -8.126077329425e+00 5.622810514950e+01 4.864052772522e+00 -1.445980548859e+00
G1-1 690 1 -5.428990456314e-01 -1.685529283082e+01 6.611716829650e+01 3.600461244583e+00 -8.059502243996e-01
G1-1 690 2 -5.428990456314e-01 -1.685529283082e+01 6.173533521798e+01 3.152619600296e+00 -6.269721984863e-01
G1-1 690 3 -4.609833405429e+00 -1.389980693318e+01 6.378736841372e+01 4.612348079681e+00 -1.301264286041e+00
G1-1 690 4 1.767177097583e+00 -1.367937753153e+01 6.483777547170e+01 4.431396007538e+00 -1.194471597672e+00
G1-1 691 1 -1.640279592027e+01 2.348791741059e+00 5.344575326648e+01 6.607238292694e+00 -2.364298105240e+00
G1-1 691 2 -1.382951281457e+01 3.548617407991e+00 4.953019551099e+01 4.196422100067e+00 -1.278619050980e+00
G1-1 691 3 -1.473446953251e+01 5.673698377343e+00 5.000521930254e+01 6.611425399780e+00 -2.193397760391e+00
G1-1 691 4 -1.304869395402e+01 6.581461249022e+00 5.370888013776e+01 6.657560348511e+00 -2.184223413467e+00
G1-1 692 1 -1.393833463048e+01 -2.349126068399e+00 4.492914776698e+01 5.763223171234e+00 -1.851862788200e+00
G1-1 692 2 -1.700665026740e+01 -2.016898172573e+00 4.620949670602e+01 5.192205905914e+00 -1.643241047859e+00
G1-1 692 3 -1.443336716169e+01 3.971094240064e-01 4.573162239451e+01 5.996147632599e+00 -1.940539121628e+00
G1-1 692 4 -1.700665026740e+01 -6.830419930919e-01 4.233304123796e+01 5.019518375397e+00 -1.569645524025e+00
G1-1 693 1 -1.440408992848e+01 -3.844868171348e+00 5.210653142851e+01 6.191289901733e+00 -2.021257877350e+00
G1-1 693 2 -1.711659994284e+01 -1.184064229320e+00 5.306816246612e+01 5.208660602570e+00 -1.684668183327e+00
G1-1 693 3 -1.454331683714e+01 1.576137867120e-02 4.915260565368e+01 5.449577331543e+00 -1.749088287354e+00
G1-1 693 4 -1.711659994284e+01 -2.398246217908e+00 4.963048090823e+01 5.184234142303e+00 -1.652730703354e+00
G1-1 694 1 -1.312461398146e+01 2.289743966659e+00 4.368403744654e+01 7.138070583344e+00 -2.351518154144e+00
G1-1 694 2 -1.149104702748e+01 1.268659032481e+00 4.036562296963e+01 6.828410625458e+00 -2.225561618805e+00
G1-1 694 3 -1.569789708716e+01 1.209592529761e+00 4.028545534695e+01 5.426142692566e+00 -1.712893605232e+00
G1-1 694 4 -1.260121775229e+01 4.275279699987e+00 4.005172353131e+01 6.788890361786e+00 -2.208381414413e+00
G1-1 695 1 -9.317671810284e+00 1.238135787915e+01 4.500473371602e+01 6.318135261536e+00 -1.982461452484e+00
G1-1 695 2 -1.065652885661e+01 1.251255235061e+01 4.757176515155e+01 8.192868232727e+00 -3.615948677063e+00
G1-1 695 3 -1.234230443510e+01 9.448580767418e+00 4.760276800750e+01 6.599121093750e+00 -2.142053127289e+00
G1-1 695 4 -8.389096876310e+00 1.112538352980e+01 4.912648339959e+01 7.639981269836e+00 -4.722920894623e+00
G1-1 696 1 -1.275603386114e+01 8.822816799084e+00 4.955009889502e+01 5.877850055695e+00 -1.918745040894e+00
G1-1 696 2 -1.107025828265e+01 9.730579670763e+00 5.325375973023e+01 8.017005920410e+00 -3.967101335526e+00
G1-1 696 3 -8.802826538116e+00 1.049961979723e+01 5.107381428710e+01 8.463479042053e+00 -3.075090169907e+00
G1-1 696 4 -1.107025828265e+01 1.188678838228e+01 4.951909603906e+01 8.552281379700e+00 -2.896631956100e+00
G1-1 697 1 -6.587355693963e+00 -2.565837665904e+00 4.487025210372e+01 6.987281322479e+00 -2.282589673996e+00
G1-1 697 2 -1.048557001256e+01 -2.464769387617e+00 4.463192095393e+01 5.972830295563e+00 -1.924772739410e+00
G1-1 697 3 -1.098060266165e+01 2.814661047880e-01 4.543439558146e+01 6.093994617462e+00 -1.971510529518e+00
G1-1 697 4 -9.347035825549e+00 -7.396188095903e-01 4.211598110454e+01 6.955572128296e+00 -2.272435665131e+00
G1-1 698 1 -7.971050218875e+00 3.648107559629e+00 4.203150270592e+01 6.347806453705e+00 -2.007897853851e+00
G1-1 698 2 -9.081220472165e+00 6.654728207335e+00 4.171760232455e+01 5.203290462494e+00 -1.567365169525e+00
G1-1 698 3 -6.556366155192e+00 8.471076235213e+00 4.734865448038e+01 8.259834289551e+00 -3.482444047928e+00
G1-1 698 4 -3.835201382053e+00 7.487214513838e+00 4.534349491420e+01 8.576654434204e+00 -2.847992897034e+00
G1-1 699 1 8.828431358171e+00 8.543664500793e+00 1.348295836400e+02 5.186347484589e+00 -1.668730735779e+00
G1-1 699 2 4.718409569895e+00 9.621001068167e+00 1.350358204640e+02 5.235469818115e+00 -1.695311546326e+00
G1-1 699 3 3.303271103734e+00 8.411436511348e+00 1.311047166548e+02 5.622114181519e+00 -1.831602334976e+00
G1-1 699 4 7.442310864823e+00 4.609493348636e+00 1.328386042168e+02 5.768709182739e+00 -1.870439291000e+00
G1-1 700 1 9.273931084615e+00 6.886054348652e+00 1.217157110842e+02 5.521197795868e+00 -1.781351089478e+00
G1-1 700 2 3.327917207182e+00 7.791406818569e+00 1.195379127126e+02 5.610239982605e+00 -1.808107852936e+00
G1-1 700 3 6.528894329752e+00 9.322222518061e+00 1.180508060415e+02 5.720419406891e+00 -1.852958202362e+00
G1-1 700 4 7.858329355589e+00 4.061522065422e+00 1.203555433063e+02 4.989903450012e+00 -1.573049068451e+00
G1-1 701 1 1.200911225570e+01 9.564650364235e+00 1.212219646004e+02 6.593633174896e+00 -2.176867246628e+00
G1-1 701 2 9.264075206133e+00 1.200081871046e+01 1.175570595576e+02 4.948041439056e+00 -1.578947067261e+00
G1-1 701 3 1.065760649606e+01 1.494181416666e+01 1.197301732959e+02 4.971210002899e+00 -1.599991798401e+00
G1-1 701 4 1.485023383599e+01 1.093642641821e+01 1.175779866892e+02 6.242094516754e+00 -2.058911085129e+00
G1-1 702 1 7.047126741986e+00 2.283571108685e+00 1.217728764682e+02 6.005611419678e+00 -1.944157242775e+00
G1-1 702 2 3.092584946211e+00 1.790701357849e+00 1.240547296572e+02 6.211360454559e+00 -2.017401695251e+00
G1-1 702 3 8.462728353131e+00 5.108103321924e+00 1.231330461323e+02 5.267995357513e+00 -1.682649970055e+00
G1-1 702 4 2.516714578843e+00 6.013455909721e+00 1.209552458746e+02 5.243824005127e+00 -1.668755412102e+00
G1-1 703 1 7.628100624005e+00 1.397163349898e+01 1.255056927954e+02 5.154895782471e+00 -1.669630050659e+00
G1-1 703 2 9.281660200842e+00 1.635260438623e+01 1.275308957931e+02 5.562321186066e+00 -1.825425624847e+00
G1-1 703 3 1.063316584260e+01 1.097544034804e+01 1.246408541992e+02 5.601732254028e+00 -1.823074102402e+00
G1-1 703 4 9.281660200842e+00 1.635260438623e+01 1.231490647808e+02 4.964480876923e+00 -1.603576779366e+00
G1-1 704 1 -7.143594800467e+00 -1.499655376952e+01 1.291292226560e+02 5.248548507690e+00 -1.649423360825e+00
G1-1 704 2 -8.269525033750e+00 -1.786393153972e+01 1.314874868898e+02 5.778794288635e+00 -1.852681994438e+00
G1-1 704 3 -7.646618067610e+00 -1.786393153972e+01 1.278720978665e+02 5.308012008667e+00 -1.668514609337e+00
G1-1 704 4 -3.522945703128e+00 -1.786393153972e+01 1.304622652807e+02 6.183480262756e+00 -1.998719930649e+00
G1-1 705 1 1.438650507405e+01 -7.836296495414e+00 5.614186768394e+01 5.495545864105e+00 -1.757974028587e+00
G1-1 705 2 1.424377302955e+01 -1.019970896390e+01 5.993129765182e+01 5.442638874054e+00 -1.726039171219e+00
G1-1 705 3 1.705603385317e+01 -9.321171738847e+00 5.597264255345e+01 5.591157436371e+00 -1.795054197311e+00
G1-1 705 4 1.705603385317e+01 -8.393970548875e+00 6.071945318867e+01 5.883949279785e+00 -1.895643711090e+00
G1-1 706 1 6.442657655723e+00 -1.046183443253e+01 6.447998651750e+01 5.335424900055e+00 -1.587708234787e+00
G1-1 706 2 5.982812951134e+00 -9.191573742655e+00 6.084771260285e+01 5.644786834717e+00 -1.732010006905e+00
G1-1 706 3 7.772594535699e+00 -7.842485812037e+00 6.571047653424e+01 7.041747570038e+00 -2.239772319794e+00
G1-1 706 4 9.705575604514e+00 -1.051151653905e+01 6.285047867280e+01 5.067800521851e+00 -1.531767606735e+00
G1-1 707 1 -1.256925064648e+01 -9.315161186774e+00 5.554562830788e+01 5.609669208527e+00 -1.792474985123e+00
G1-1 707 2 -1.096343986925e+01 -1.192429446757e+01 5.996839724694e+01 5.677608489990e+00 -1.807160496712e+00
G1-1 707 3 -1.528176042508e+01 -1.087559235034e+01 5.541291788910e+01 5.114739894867e+00 -1.614264845848e+00
G1-1 707 4 -1.108913296727e+01 -1.487978060097e+01 5.791636405120e+01 5.060356616974e+00 -1.586807489395e+00
G1-1 708 1 1.505565338350e+01 -1.304111827678e+01 7.179882315636e+01 5.353643417358e+00 -1.704876065254e+00
G1-1 708 2 1.721399822335e+01 -1.576408507798e+01 6.912456624126e+01 4.013187408447e+00 -1.226986765862e+00
G1-1 708 3 1.440173739973e+01 -1.263785188521e+01 6.621566557176e+01 4.258425712585e+00 -1.272013425827e+00
G1-1 708 4 1.721399822335e+01 -1.195066214438e+01 7.110031957285e+01 5.492981433868e+00 -1.791289687157e+00
G1-1 709 1 1.377310965372e+01 -1.342016535029e+01 5.994842048969e+01 4.235310554504e+00 -1.268636107445e+00
G1-1 709 2 1.239274301953e+01 -1.654639854307e+01 5.847548713762e+01 3.852100610733e+00 -1.120922088623e+00
G1-1 709 3 1.658537047734e+01 -1.254162836100e+01 5.598976539133e+01 5.591863155365e+00 -1.804874062538e+00
G1-1 709 4 1.658537047734e+01 -1.654639854307e+01 5.847548713762e+01 5.996493339539e+00 -1.963207960129e+00
G1-1 710 1 1.377310965372e+01 -1.465770715936e+01 6.342467100226e+01 4.291623115540e+00 -1.278899192810e+00
G1-1 710 2 1.239274301953e+01 -1.778394058789e+01 6.633357072871e+01 3.106735706329e+00 -7.422079443932e-01
G1-1 710 3 1.658537047734e+01 -1.778394058789e+01 6.195173765019e+01 6.574158191681e+00 -2.169122457504e+00
G1-1 710 4 1.658537047734e+01 -1.778394058789e+01 6.633357072871e+01 5.709217071533e+00 -1.858571529388e+00
G1-1 711 1 1.358929299632e+01 -1.125028316152e+01 7.178370983172e+01 5.755589485168e+00 -1.823129534721e+00
G1-1 711 2 1.293537701255e+01 -1.084701700571e+01 6.620055413321e+01 5.169332027435e+00 -1.597930312157e+00
G1-1 711 3 1.100239594373e+01 -8.177986042936e+00 6.906054916552e+01 4.865630626678e+00 -1.379498839378e+00
G1-1 711 4 1.574763783616e+01 -1.015982702912e+01 7.108520624821e+01 7.765274524689e+00 -2.587170124054e+00
G1-1 712 1 -1.135421420852e+01 1.837977505474e+00 3.825862639533e+01 7.486865997314e+00 -2.454840660095e+00
G1-1 712 2 -1.556106403244e+01 1.778911002754e+00 3.817845877265e+01 5.396020412445e+00 -1.691477417946e+00
G1-1 712 3 -1.246438446181e+01 4.844598143510e+00 3.794472790006e+01 7.978098392487e+00 -2.628724336624e+00
G1-1 712 4 -1.254497986010e+01 4.701415719103e+00 3.475865972555e+01 5.316733837128e+00 -1.643739581108e+00
G1-1 713 1 -1.442460229700e+01 2.972404717350e+00 4.483537977651e+01 6.125300407410e+00 -1.991662740707e+00
G1-1 713 2 -1.699788540270e+01 4.160456496962e+00 4.524278934212e+01 4.512258529663e+00 -1.397797703743e+00
G1-1 713 3 -1.390120606783e+01 4.957940539088e+00 4.120306586127e+01 5.182659149170e+00 -1.615762948990e+00
G1-1 713 4 -1.699788540270e+01 1.892253300252e+00 4.143679861996e+01 4.952977180481e+00 -1.535000324249e+00
G1-1 714 1 -1.913817578902e+00 1.889981727274e+00 4.021498801461e+01 7.821463584900e+00 -2.563648939133e+00
G1-1 714 2 -1.968288674671e+00 5.787732507234e+00 4.348142549944e+01 8.585422515869e+00 -2.829543352127e+00
G1-1 714 3 -3.948487324276e+00 4.337219144255e+00 3.910134181795e+01 8.584066390991e+00 -2.832007646561e+00
G1-1 714 4 -6.104137480182e+00 1.948625507438e+00 4.016943140506e+01 7.311581611633e+00 -2.384939670563e+00
G1-1 715 1 -3.819054824713e+00 -6.986046114933e-01 4.881071043151e+01 6.756934642792e+00 -2.178436994553e+00
G1-1 715 2 -2.521378094035e+00 1.469372460772e+00 5.283598498676e+01 8.373699188232e+00 -2.756336212158e+00
G1-1 715 3 -5.164050981026e+00 5.950582979345e+00 5.137359309289e+01 6.817765235901e+00 -2.218148708344e+00
G1-1 715 4 -5.864466520845e+00 1.301314916396e+00 5.254569049275e+01 8.581747055054e+00 -2.836910724640e+00
G1-1 716 1 -5.360516738457e+00 6.977646697384e+00 4.829677190443e+01 8.084102630615e+00 -3.833256006241e+00
G1-1 716 2 -4.015520552674e+00 3.284591654863e-01 4.573389018610e+01 6.805844783783e+00 -2.174529552460e+00
G1-1 716 3 -6.775200684260e+00 2.154678021800e+00 4.297961918693e+01 6.841305255890e+00 -2.197586297989e+00
G1-1 716 4 -2.639351847438e+00 5.993784976010e+00 4.629161233826e+01 8.413992881775e+00 -3.173732995987e+00
G1-1 717 1 -8.404037540504e+00 -2.085159230931e+00 3.654296367482e+01 6.827233791351e+00 -2.229760169983e+00
G1-1 717 2 -4.399222559789e+00 -5.668619143036e+00 3.305072682071e+01 6.318027019501e+00 -2.060449123383e+00
G1-1 717 3 -9.542970456363e+00 -5.030063975314e+00 3.520017817273e+01 6.190911293030e+00 -2.012954950333e+00
G1-1 717 4 -8.230732003759e+00 -2.441339423278e+00 3.193195111018e+01 6.982324123383e+00 -2.295239925385e+00
G1-1 718 1 -6.366634617969e+00 -2.512161246431e+00 4.687554096215e+01 6.347463607788e+00 -2.052743196487e+00
G1-1 718 2 -1.026484893657e+01 -2.411092968144e+00 4.663720981236e+01 5.844330310822e+00 -1.876912474632e+00
G1-1 718 3 -8.412046343571e+00 -5.122418069522e-01 5.061052102339e+01 8.519156455994e+00 -2.962092161179e+00
G1-1 718 4 -1.075988158566e+01 3.351425242609e-01 4.743968443989e+01 5.471877098083e+00 -1.742526292801e+00
G1-1 719 1 7.611612927517e+00 -1.489363947068e+01 1.108358298989e+02 4.939539432526e+00 -1.455202102661e+00
G1-1 719 2 5.983566039961e+00 -1.485671457039e+01 1.140922881375e+02 6.551680088043e+00 -2.087868213654e+00
G1-1 719 3 5.778863042985e+00 -1.726994941760e+01 1.102816920202e+02 5.535690784454e+00 -1.744017243385e+00
G1-1 719 4 6.602771019780e+00 -1.726994941760e+01 1.137706281758e+02 4.679065227509e+00 -1.384647846222e+00
G1-1 720 1 9.015715095583e+00 3.400004183612e+00 3.108142482295e+00 2.925416707993e+00 -2.964411258698e+00
G1-1 720 2 6.818192889047e+00 4.921488574495e+00 8.626310498078e+00 4.759030342102e+00 -2.360079526901e+00
G1-1 720 3 1.005056717781e+01 8.688536996870e+00 7.648134822975e+00 4.841437816620e+00 -2.839830636978e+00
G1-1 720 4 9.015715095583e+00 7.592631759305e+00 3.108142482295e+00 3.088894128799e+00 -3.502660036087e+00
G1-1 721 1 5.074719822213e+00 -5.393634034658e+00 1.460026403352e+02 5.133584022522e+00 -1.626859664917e+00
G1-1 721 2 6.380351328056e+00 -7.445381904499e+00 1.490563495025e+02 4.884647846222e+00 -1.534573554993e+00
G1-1 721 3 2.187723929184e+00 -3.252754446687e+00 1.490563495025e+02 4.704906940460e+00 -1.465720176697e+00
G1-1 721 4 2.187723929184e+00 -7.445381904499e+00 1.490563495025e+02 4.940951347351e+00 -1.554929733276e+00
G1-1 722 1 1.041454413217e+01 -1.729012431393e+01 1.119385217773e+02 5.352951049805e+00 -1.691416144371e+00
G1-1 722 2 9.405096790680e+00 -1.491381460277e+01 1.113204333643e+02 4.131813049316e+00 -1.151119709015e+00
G1-1 722 3 8.396255000824e+00 -1.729012431393e+01 1.142552316412e+02 4.647751331329e+00 -1.372744798660e+00
G1-1 722 4 1.073868800729e+01 -1.494217830074e+01 1.149728691864e+02 4.013778209686e+00 -1.125064611435e+00
G1-1 723 1 1.005977629519e+01 -1.734937452180e+01 1.087686414564e+02 2.963437557220e+00 -5.987449884415e-01
G1-1 723 2 1.005977629519e+01 -1.519316670831e+01 1.050339787083e+02 5.823103427887e+00 -1.745648622513e+00
G1-1 723 3 7.217578951287e+00 -1.734937499332e+01 1.075964132786e+02 3.503141641617e+00 -9.120271205902e-01
G1-1 723 4 9.050329071580e+00 -1.497306504640e+01 1.081505530435e+02 6.088037490845e+00 -1.898030400276e+00
G1-1 724 1 1.557328375819e+01 -1.687475405567e+00 9.909116466809e+01 6.603159904480e+00 -2.196579456329e+00
G1-1 724 2 1.800007890382e+01 -2.636531068992e+00 1.003601612235e+02 6.277677536011e+00 -2.082767248154e+00
G1-1 724 3 1.800007890382e+01 -3.280684728514e-01 9.700969830222e+01 6.747905731201e+00 -2.448784351349e+00
G1-1 724 4 1.800007890382e+01 8.936558390193e-01 1.003792818975e+02 6.299477577209e+00 -2.084426164627e+00
G1-1 725 1 1.080138180208e+01 -1.160150102411e+01 1.161347392437e+02 6.832476615906e+00 -2.206867456436e+00
G1-1 725 2 7.839743697915e+00 -1.153621171857e+01 1.157387597741e+02 6.353116989136e+00 -2.022593736649e+00
G1-1 725 3 1.075058654069e+01 -8.510741101736e+00 1.166162908948e+02 6.203094482422e+00 -1.975814938545e+00
G1-1 725 4 1.001652980349e+01 -8.614418470037e+00 1.124046330000e+02 4.557985782623e+00 -1.331222534180e+00
G1-1 726 1 1.383172799790e+01 -1.137162182240e+01 1.183738830043e+02 4.102005004883e+00 -1.151398658752e+00
G1-1 726 2 1.686168608903e+01 -9.472970397152e+00 1.177799547435e+02 4.453417778015e+00 -1.291856288910e+00
G1-1 726 3 1.378093250074e+01 -8.280862017908e+00 1.188554346554e+02 4.819313049316e+00 -1.449208259583e+00
G1-1 726 4 1.686168608903e+01 -9.473997399809e+00 1.220877429777e+02 4.177447319031e+00 -1.193156838417e+00
G1-1 727 1 1.327824634255e+01 -1.279381628269e+01 1.079818333914e+02 3.510469436646e+00 -8.858980536461e-01
G1-1 727 2 1.077638513009e+01 -1.279073527472e+01 1.073418659076e+02 5.361826896667e+00 -1.631219029427e+00
G1-1 727 3 1.303685550959e+01 -1.047810546348e+01 1.041488805276e+02 7.695369720459e+00 -2.549776077271e+00
G1-1 727 4 1.178583235370e+01 -1.301083693662e+01 1.042252915724e+02 5.940710544586e+00 -1.845720410347e+00
G1-1 728 1 9.213361812988e+00 -5.086209602855e+00 3.847590786006e+00 3.358577013016e+00 -3.080177783966e+00
G1-1 728 2 1.032658748448e+01 -3.180181382838e+00 9.082929750993e-01 2.309621810913e+00 -4.244580745697e+00
G1-1 728 3 1.451921494229e+01 -7.372808840650e+00 9.082929750993e-01 3.095622777939e+00 -4.591196060181e+00
G1-1 728 4 1.032658748448e+01 -7.372808840650e+00 9.082929750993e-01 2.460971117020e+00 -4.199014663696e+00
G1-1 729 1 -8.855482187686e+00 1.412057871756e+01 1.632657855824e+01 5.367444038391e+00 -1.757930517197e+00
G1-1 729 2 -9.594919409198e+00 1.700250171143e+01 1.782411647147e+01 4.943819999695e+00 -1.593913912773e+00
G1-1 729 3 -7.995481763490e+00 1.422940195229e+01 2.056219108976e+01 5.368867874146e+00 -1.736695766449e+00
G1-1 729 4 -6.449746045601e+00 1.700250171143e+01 1.910806915702e+01 5.053617477417e+00 -1.633078217506e+00
G1-1 730 1 -1.984690859049e+00 1.031123318972e+01 2.733930749089e+01 6.426197052002e+00 -2.075868129730e+00
G1-1 730 2 -4.560565568426e+00 1.194411538167e+01 3.114242798422e+01 5.915944576263e+00 -1.864154219627e+00
G1-1 730 3 -5.841602381458e+00 1.161835167429e+01 2.598203476860e+01 5.779170036316e+00 -1.850471615791e+00
G1-1 730 4 -4.923153531612e+00 9.587544337443e+00 2.857554402630e+01 6.741752147675e+00 -2.185430049896e+00
G1-1 731 1 -7.326162018597e+00 9.124549082413e+00 3.030745455893e+01 6.458091735840e+00 -2.075083971024e+00
G1-1 731 2 -1.024424548600e+01 1.107976235024e+01 3.088822835485e+01 5.699285507202e+00 -1.798781871796e+00
G1-1 731 3 -1.016436404222e+01 8.425548620293e+00 3.150151271553e+01 5.665094375610e+00 -1.779495358467e+00
G1-1 731 4 -6.963574114351e+00 1.148112036240e+01 3.287433757381e+01 5.644057750702e+00 -1.755133748055e+00
G1-1 732 1 4.817487617524e+00 1.662051627187e+01 5.843102965281e+01 4.339933872223e+00 -1.297626018524e+00
G1-1 732 2 7.309372155593e+00 1.824729720106e+01 5.560167562764e+01 8.121324777603e-01 3.375343382359e-01
G1-1 732 3 3.116744727251e+00 1.824729720106e+01 5.998350964921e+01 7.453662395477e+00 -3.276617050171e+00
G1-1 732 4 7.309372155593e+00 1.824729720106e+01 5.998350964921e+01 2.923336029053e+00 -6.567262411118e-01
G1-1 733 1 -1.088208783598e-01 -2.926658867110e+00 6.773940894063e+01 8.617032051086e+00 -2.766289472580e+00
G1-1 733 2 2.610168433600e+00 1.299027418885e+00 6.789366217122e+01 8.650666236877e+00 -2.699214935303e+00
G1-1 733 3 -9.119875047882e-01 6.570346209109e-01 6.503460960528e+01 8.617744445801e+00 -2.765231132507e+00
G1-1 733 4 -1.997121156347e+00 6.551819217658e-01 6.839642603335e+01 8.638433456421e+00 -2.723844051361e+00
G1-1 734 1 4.647623130608e+00 1.436081374700e+01 1.423563449792e+02 6.249125003815e+00 -2.142430543900e+00
G1-1 734 2 3.769533803630e+00 1.391418426044e+01 1.389368317958e+02 5.918330669403e+00 -1.964206218719e+00
G1-1 734 3 2.408254529106e+00 1.698818125217e+01 1.403717694616e+02 5.922586917877e+00 -2.019536256790e+00
G1-1 734 4 6.600881957448e+00 1.698818125217e+01 1.403717694616e+02 6.069185256958e+00 -2.022553920746e+00
G1-1 735 1 7.271612967127e+00 7.689406153410e+00 6.365354517699e+01 8.673551559448e+00 -2.654565811157e+00
G1-1 735 2 7.338232514059e+00 9.955528364124e+00 6.481901577018e+01 8.714660644531e+00 -2.571143150330e+00
G1-1 735 3 9.743114693031e+00 7.092578499160e+00 6.629482882406e+01 8.821481704712e+00 -2.357960224152e+00
G1-1 735 4 9.743114693031e+00 9.248786879546e+00 6.256016683888e+01 8.842905044556e+00 -2.315251827240e+00
G1-1 736 1 6.647769268558e+00 5.047655201441e+00 6.741864410869e+01 8.717601776123e+00 -2.565584421158e+00
G1-1 736 2 6.607520521100e+00 8.963775676194e+00 6.596594714452e+01 8.696283340454e+00 -2.607698678970e+00
G1-1 736 3 9.012402700072e+00 6.100825693349e+00 6.744176019840e+01 8.761120796204e+00 -2.478857278824e+00
G1-1 736 4 6.540900974168e+00 6.697653583359e+00 6.480047655132e+01 8.717433929443e+00 -2.565967559814e+00
G1-1 737 1 5.544988601086e+00 1.369118815049e+01 7.261667343871e+01 5.703770160675e+00 -1.673750877380e+00
G1-1 737 2 7.111345347436e+00 1.681770581618e+01 7.119781638268e+01 3.810089588165e+00 -8.369094729424e-01
G1-1 737 3 5.544988601086e+00 1.369118815049e+01 6.842766266800e+01 7.449292182922e+00 -2.337989807129e+00
G1-1 737 4 2.918717771743e+00 1.681770581618e+01 7.119781638268e+01 4.072923183441e+00 -9.776135683060e-01
G1-1 738 1 3.310602834255e+00 1.258130767804e+01 6.060571811692e+01 8.684290885925e+00 -2.631869316101e+00
G1-1 738 2 4.236130625974e+00 1.108157094154e+01 6.376987577118e+01 8.630305290222e+00 -2.740375518799e+00
G1-1 738 3 -6.718934441511e-02 9.656094048502e+00 6.275591612857e+01 8.623387336731e+00 -2.755618810654e+00
G1-1 738 4 4.169511079041e+00 8.815448966590e+00 6.260440612103e+01 8.628063201904e+00 -2.746695041656e+00
G1-1 739 1 -1.285703600813e+01 7.609087203164e+00 3.571186864137e+01 3.965825796127e+00 -1.067666530609e+00
G1-1 739 2 -1.301751285020e+01 1.012011874446e+01 3.191251752075e+01 5.317559719086e+00 -1.652490854263e+00
G1-1 739 3 -1.293763117065e+01 7.465905014519e+00 3.252580188143e+01 5.822078704834e+00 -1.835636615753e+00
G1-1 739 4 -1.595371581452e+01 7.971823337324e+00 3.283317072110e+01 5.118803977966e+00 -1.568962216377e+00
G1-1 740 1 -1.376437270449e+01 5.885786516244e+00 3.695816011701e+01 6.388859272003e+00 -2.047134876251e+00
G1-1 740 2 -1.384496786702e+01 5.742604091838e+00 3.377209288555e+01 5.100945472717e+00 -1.557637810707e+00
G1-1 740 3 -1.686105227513e+01 2.820099424759e+00 3.719189193265e+01 4.254322052002e+00 -1.234529852867e+00
G1-1 740 4 -1.686105227513e+01 6.248522473584e+00 3.407946219675e+01 3.550895452499e+00 -9.008426070213e-01
G1-1 741 1 4.577887535087e+00 -1.261234894980e+01 3.805366746989e+01 4.345733165741e+00 -1.335966587067e+00
G1-1 741 2 1.778791351087e+00 -1.555338752714e+01 3.953151405727e+01 3.564856052399e+00 -1.023383021355e+00
G1-1 741 3 4.745078279079e+00 -1.284568800754e+01 4.244815459824e+01 3.984779119492e+00 -1.175512194633e+00
G1-1 741 4 1.769698001236e+00 -1.085767036415e+01 3.919041875741e+01 4.529555320740e+00 -1.389420986176e+00
G1-1 742 1 6.100303327166e+00 -1.059323007934e+01 3.213569999438e+01 5.255417346954e+00 -1.694133758545e+00
G1-1 742 2 5.982565352662e+00 -1.037126633538e+01 2.603296663218e+01 5.264755725861e+00 -1.711096644402e+00
G1-1 742 3 3.127617107239e+00 -8.713563988477e+00 3.024189724062e+01 5.459561347961e+00 -1.765092492104e+00
G1-1 742 4 8.677274285880e+00 -7.580549750009e+00 2.799037607423e+01 6.109272003174e+00 -2.004686355591e+00
G1-1 743 1 3.610422160845e+00 -1.341045104026e+01 3.486182150652e+01 4.262066364288e+00 -1.319006204605e+00
G1-1 743 2 8.113259892777e-01 -1.635148938183e+01 3.633966809389e+01 3.278347730637e+00 -9.247542619705e-01
G1-1 743 3 6.377358746095e-01 -1.153078530304e+01 3.296801922427e+01 4.163172721863e+00 -1.275096535683e+00
G1-1 743 4 8.113259892777e-01 -1.635148938183e+01 3.195783416238e+01 3.449425220490e+00 -1.020590901375e+00
G1-1 744 1 4.527240145653e+00 -7.430450902251e+00 4.279008982274e+01 5.323227405548e+00 -1.675377130508e+00
G1-1 744 2 2.418518765548e+00 -8.940105143758e+00 3.995966367638e+01 4.979872703552e+00 -1.554066896439e+00
G1-1 744 3 5.226708283282e+00 -1.069478384729e+01 3.882291333190e+01 4.709831237793e+00 -1.467052459717e+00
G1-1 744 4 5.393899027274e+00 -1.092812266926e+01 4.321740046025e+01 4.002458572388e+00 -1.167350649834e+00
G1-1 745 1 6.857604940684e+00 -5.506407095948e+00 4.279566525934e+01 5.929965496063e+00 -1.904456973076e+00
G1-1 745 2 1.056715237603e+01 -6.314336917471e+00 4.224926137117e+01 5.682631492615e+00 -1.828668475151e+00
G1-1 745 3 7.557072842551e+00 -8.770740099925e+00 3.882848876850e+01 5.312163352966e+00 -1.695442199707e+00
G1-1 745 4 9.447213229107e+00 -3.479466662995e+00 4.095699613053e+01 6.763725757599e+00 -2.211145162582e+00
G1-1 746 1 1.198930539400e+01 7.030186990183e+00 1.212626372725e+02 6.010848045349e+00 -1.962488770485e+00
G1-1 746 2 9.244268462320e+00 9.466355395353e+00 1.175977322298e+02 5.914336681366e+00 -1.927932858467e+00
G1-1 746 3 1.483042721006e+01 8.401962985220e+00 1.176186612474e+02 6.555961132050e+00 -2.166647672653e+00
G1-1 746 4 1.057370378286e+01 4.205654824834e+00 1.199024694945e+02 5.816641807556e+00 -1.882532477379e+00
G1-1 747 1 1.654716755035e+01 -8.157367890267e-01 1.297207424915e+02 4.826025962830e+00 -1.487490057945e+00
G1-1 747 2 1.654716755035e+01 -7.903217105662e-01 1.248681564636e+02 4.700086593628e+00 -1.437982797623e+00
G1-1 747 3 1.371872546394e+01 -4.573112318642e+00 1.280911861163e+02 5.344849586487e+00 -1.682211160660e+00
G1-1 747 4 1.224709358729e+01 -6.430587459553e-01 1.299056662713e+02 5.401524543762e+00 -1.713750720024e+00
G1-1 748 1 3.539876496061e+00 1.351832056177e+01 1.161950818548e+02 4.366233825684e+00 -1.346505045891e+00
G1-1 748 2 3.388995650468e-01 1.198750486228e+01 1.176821885259e+02 4.023005485535e+00 -1.206201195717e+00
G1-1 748 3 7.407803060757e-01 1.645931625373e+01 1.183681955930e+02 3.715425729752e+00 -1.101546764374e+00
G1-1 748 4 7.407803060757e-01 1.645931625373e+01 1.139863608085e+02 3.544984579086e+00 -1.010777592659e+00
G1-1 749 1 6.285313760823e+00 1.085513497618e+01 1.123860968576e+02 4.808504104614e+00 -1.508656144142e+00
G1-1 749 2 9.119262030023e+00 8.202272290583e+00 1.085460926196e+02 5.783944606781e+00 -1.876123070717e+00
G1-1 749 3 3.497754302927e+00 9.118145934343e+00 1.105562594304e+02 4.619144916534e+00 -1.418847680092e+00
G1-1 749 4 6.324177484644e+00 1.097791254672e+01 1.071812898619e+02 4.536100387573e+00 -1.391855716705e+00
G1-1 750 1 5.696590073372e+00 4.177938575904e+00 1.109316664924e+02 5.610767841339e+00 -1.792926073074e+00
G1-1 750 2 6.137160410999e+00 9.249878984356e+00 1.132714397406e+02 4.936566352844e+00 -1.556209683418e+00
G1-1 750 3 8.971108562319e+00 6.597016121932e+00 1.094314373887e+02 5.908008575439e+00 -1.916585206985e+00
G1-1 750 4 3.349601012044e+00 7.512889942514e+00 1.114416023133e+02 5.085651874542e+00 -1.598375678062e+00
G1-1 751 1 5.484244426381e+00 1.472445076911e+01 1.230191164912e+02 4.880620479584e+00 -1.565587401390e+00
G1-1 751 2 7.137804003218e+00 1.710542165637e+01 1.206624865905e+02 4.513772964478e+00 -1.430933952332e+00
G1-1 751 3 5.744272713289e+00 1.416442572864e+01 1.184893728523e+02 4.454121589661e+00 -1.393233180046e+00
G1-1 751 4 2.945176545406e+00 1.710542165637e+01 1.206624865905e+02 4.207014083862e+00 -1.310378432274e+00
G1-1 752 1 -1.146956558057e+01 3.703477449950e+00 8.935187395910e+01 4.946987152100e+00 -1.521547675133e+00
G1-1 752 2 -1.367689520577e+01 5.259185168988e+00 9.351143602572e+01 6.528725147247e+00 -2.149493217468e+00
G1-1 752 3 -1.639068381047e+01 5.877288935824e+00 8.887162756622e+01 6.466104507446e+00 -2.127694845200e+00
G1-1 752 4 -1.639068381047e+01 2.609480800403e+00 9.255219166039e+01 7.025475978851e+00 -2.340618371964e+00
G1-1 753 1 5.630682982943e+00 4.336115242598e+00 1.001625644884e+02 6.049108982086e+00 -1.945788741112e+00
G1-1 753 2 7.333167944302e+00 2.413073049956e+00 9.671640418766e+01 6.875571727753e+00 -2.248795032501e+00
G1-1 753 3 5.640983125172e+00 6.579919907398e+00 9.512079349164e+01 5.764549255371e+00 -1.817427039146e+00
G1-1 753 4 9.391739634182e+00 5.525759043816e+00 9.709472330592e+01 6.037437915802e+00 -1.955554604530e+00
G1-1 754 1 -7.059381137303e+00 1.031084676053e+01 9.198689634059e+01 4.819493293762e+00 -1.440725088120e+00
G1-1 754 2 -1.066973007586e+01 1.174105714328e+01 8.998453458896e+01 5.195678234100e+00 -1.608308196068e+00
G1-1 754 3 -1.094129934778e+01 9.204581741479e+00 9.395643342495e+01 5.729641437531e+00 -1.829613447189e+00
G1-1 754 4 -9.462460494663e+00 1.474210348893e+01 9.157927675878e+01 4.431148529053e+00 -1.311310648918e+00
G1-1 755 1 -6.828057199505e+00 2.496790404246e+00 9.773726197193e+01 6.447247505188e+00 -2.096402406693e+00
G1-1 755 2 -5.114192464373e+00 4.419832655828e+00 1.011834241588e+02 6.873277664185e+00 -2.248128652573e+00
G1-1 755 3 -3.363920366439e+00 7.006899855199e+00 9.960021596992e+01 5.506443500519e+00 -1.727575898170e+00
G1-1 755 4 -9.035386471072e+00 5.537129030795e+00 9.796058746235e+01 5.399851799011e+00 -1.718130350113e+00
G1-1 756 1 -6.686314238468e+00 1.123822100079e+01 9.383376200496e+01 4.418245315552e+00 -1.290471196175e+00
G1-1 756 2 -1.056823244894e+01 1.013195621750e+01 9.580329720323e+01 5.626965045929e+00 -1.800042510033e+00
G1-1 756 3 -9.089393831589e+00 1.566947796495e+01 9.780797909375e+01 3.842952966690e+00 -1.106847763062e+00
G1-1 756 4 -9.089393831589e+00 1.566947796495e+01 9.342614242315e+01 3.648617506027e+00 -9.911094307899e-01
G1-1 757 1 3.848235092025e+00 -7.881372442197e+00 1.438258551640e+02 5.071593284607e+00 -1.603359818459e+00
G1-1 757 2 9.612390811149e-01 -9.933120547799e+00 1.468795567869e+02 5.276634693146e+00 -1.681043982506e+00
G1-1 757 3 -1.392013610054e+00 -9.598356610677e+00 1.439102263324e+02 5.058344364166e+00 -1.598237276077e+00
G1-1 757 4 3.538130829431e+00 -1.412574788773e+01 1.428046498026e+02 5.299177646637e+00 -1.685957789421e+00
G1-1 758 1 -7.601314726023e+00 -1.532611017625e+00 1.315997074180e+02 4.923467159271e+00 -1.538519382477e+00
G1-1 758 2 -2.880094421574e+00 -2.535211675181e+00 1.286327069781e+02 5.409000396729e+00 -1.715167880058e+00
G1-1 758 3 -5.094107811194e+00 -4.295167826964e+00 1.331154063890e+02 5.248782157898e+00 -1.660132884979e+00
G1-1 758 4 -6.524041978759e+00 -7.743777826064e+00 1.296946383214e+02 5.523717403412e+00 -1.754241466522e+00
G1-1 759 1 -1.196618627109e+01 -6.242011598050e+00 1.487657773155e+02 4.813877105713e+00 -1.509428620338e+00
G1-1 759 2 -1.615881372891e+01 -4.488703321922e+00 1.447717567986e+02 4.734120368958e+00 -1.473105669022e+00
G1-1 759 3 -1.615881372891e+01 -2.049384199178e+00 1.487657773155e+02 4.516491889954e+00 -1.386351704597e+00
G1-1 759 4 -1.196618627109e+01 -2.049384199178e+00 1.487657773155e+02 4.739770889282e+00 -1.476678371429e+00
G1-1 760 1 2.043713884894e+00 -1.502419284628e+01 1.270777125235e+02 5.311095237732e+00 -1.669912099838e+00
G1-1 760 2 -3.748201305240e+00 -1.432618228165e+01 1.276235013142e+02 5.259392738342e+00 -1.648700952530e+00
G1-1 760 3 -1.813463506814e-01 -1.719356005185e+01 1.243978345696e+02 5.159267902374e+00 -1.601585984230e+00
G1-1 760 4 -1.275523920886e-01 -1.719356005185e+01 1.289565439389e+02 5.525223255157e+00 -1.752064704895e+00
G1-1 761 1 1.202523194354e+01 8.951290510687e+00 7.174014476125e+00 5.233267784119e+00 -3.237487554550e+00
G1-1 761 2 1.099037986131e+01 3.662757638489e+00 2.634022135445e+00 2.928748130798e+00 -2.515149593353e+00
G1-1 761 3 1.099037986131e+01 7.855385155241e+00 2.634022135445e+00 3.593652725220e+00 -3.925916433334e+00
G1-1 761 4 1.518300731912e+01 6.034530070675e+00 6.617904479304e+00 5.174663543701e+00 -3.060633659363e+00
G1-1 762 1 3.226543738484e+00 -2.768506899508e+00 1.278845326299e+02 6.322351455688e+00 -2.050547838211e+00
G1-1 762 2 3.114843927502e+00 -6.777456332203e+00 1.303534234936e+02 5.580297470093e+00 -1.774233698845e+00
G1-1 762 3 8.609367169752e+00 -6.089499265912e+00 1.287880940221e+02 4.716502666473e+00 -1.442630648613e+00
G1-1 762 4 7.137735057341e+00 -2.159445656388e+00 1.306025722909e+02 5.144841670990e+00 -1.619028091431e+00
G1-1 763 1 3.213199748573e+00 3.583288461513e-01 1.337778186411e+02 4.881764411926e+00 -1.530047297478e+00
G1-1 763 2 1.925262376541e+00 7.413003769761e-01 1.287119485473e+02 5.701595783234e+00 -1.834070801735e+00
G1-1 763 3 1.697413654342e+00 5.152304672294e+00 1.296960968741e+02 5.954101562500e+00 -1.939110398293e+00
G1-1 763 4 5.836453485423e+00 1.350361539053e+00 1.314299806640e+02 5.220890522003e+00 -1.657724261284e+00
G1-1 764 1 3.836430065404e+00 -2.192783064796e+00 1.244714147582e+02 5.626074790955e+00 -1.789637088776e+00
G1-1 764 2 5.655013134278e+00 -4.222459925788e+00 1.208951151373e+02 6.407189369202e+00 -2.066041469574e+00
G1-1 764 3 7.790972082205e+00 -1.699913196079e+00 1.221895615692e+02 6.405861377716e+00 -2.076731204987e+00
G1-1 764 4 9.219253540878e+00 -5.513775508559e+00 1.253749723781e+02 5.447720527649e+00 -1.713462471962e+00
G1-1 765 1 7.176890703552e+00 1.464048843853e+01 4.096593858742e+01 6.210062980652e+00 -1.937534332275e+00
G1-1 765 2 4.397731902106e+00 1.525011024127e+01 4.085026601575e+01 5.804100513458e+00 -1.755682110786e+00
G1-1 765 3 5.195738817218e+00 1.729673376023e+01 4.131566616874e+01 4.404444217682e+00 -1.262751698494e+00
G1-1 765 4 5.611730337759e+00 1.729673376023e+01 3.839358012531e+01 5.316978454590e+00 -1.626462101936e+00
G1-1 766 1 8.530038506109e+00 1.446979477860e+01 3.935683506864e+01 7.840139865875e+00 -2.555778026581e+00
G1-1 766 2 9.477429691272e+00 1.712604033605e+01 3.838885606277e+01 6.966040611267e+00 -2.283977746964e+00
G1-1 766 3 7.201214781007e+00 1.452704079380e+01 3.535169871714e+01 3.147802829742e+00 -6.806958317757e-01
G1-1 766 4 6.964878022435e+00 1.712604033605e+01 3.678447660652e+01 2.941736221313e+00 -5.979749560356e-01
G1-1 767 1 1.146789519351e+01 1.077997052834e+01 4.217406574985e+01 8.023503303528e+00 -2.618105173111e+00
G1-1 767 2 1.329569037725e+01 8.465093009689e+00 4.488835947166e+01 7.159708499908e+00 -2.351576089859e+00
G1-1 767 3 1.289911703432e+01 8.119748438941e+00 4.098810098498e+01 5.849617004395e+00 -1.840578198433e+00
G1-1 767 4 1.576938834493e+01 9.184287754474e+00 4.221700614214e+01 4.370178222656e+00 -1.298867583275e+00
G1-1 768 1 1.276876260462e+01 1.459358339884e+01 4.036284295751e+01 6.279326438904e+00 -2.009705066681e+00
G1-1 768 2 1.043749131023e+01 1.397649128080e+01 4.180018264940e+01 5.882531642914e+00 -1.816672086716e+00
G1-1 768 3 1.138488249539e+01 1.447652808172e+01 4.456686639165e+01 3.003773689270e+00 -5.299855470657e-01
G1-1 768 4 1.138488249539e+01 1.663273683826e+01 4.083220364353e+01 5.281959533691e+00 -1.675902366638e+00
G1-1 769 1 1.528398395595e+01 1.181253157834e+01 3.840118000218e+01 3.912910938263e+00 -1.087892055511e+00
G1-1 769 2 1.438393403084e+01 8.535217253018e+00 3.865255587225e+01 3.818237304688e+00 -1.015321969986e+00
G1-1 769 3 1.725420581297e+01 9.607955030611e+00 3.643216930409e+01 5.365066051483e+00 -1.657166957855e+00
G1-1 769 4 1.725420581297e+01 9.599756686432e+00 3.988146008637e+01 6.181933403015e+00 -1.984976768494e+00
G1-1 770 1 1.271629643654e+01 1.462012393730e+01 3.035181347175e+01 4.714287757874e+00 -1.473115563393e+00
G1-1 770 2 1.407788212336e+01 1.525453653430e+01 3.503290484832e+01 4.840574741364e+00 -1.523264050484e+00
G1-1 770 3 1.604810398038e+01 1.729368973795e+01 3.108334217571e+01 4.329495906830e+00 -1.375483989716e+00
G1-1 770 4 1.260661272339e+01 1.729368973795e+01 3.252623920209e+01 4.100919723511e+00 -1.257028222084e+00
G1-1 771 1 6.444331843865e+00 7.656557440566e+00 3.746257685094e+01 8.438428878784e+00 -2.768325090408e+00
G1-1 771 2 7.192547539647e+00 1.103655080214e+01 3.546031745838e+01 6.257974147797e+00 -1.975645780563e+00
G1-1 771 3 8.521371264749e+00 1.097930478693e+01 3.946545380988e+01 4.679335117340e+00 -1.347740411758e+00
G1-1 771 4 9.952593105554e+00 8.319082579649e+00 3.827949093111e+01 6.592565059662e+00 -2.105516672134e+00
G1-1 772 1 9.514258348818e+00 1.456691672670e+01 4.745720156750e+01 8.599691390991e+00 -2.802896022797e+00
G1-1 772 2 6.825824062945e+00 1.322268175504e+01 4.801039774283e+01 5.608506202698e+00 -1.249424695969e+00
G1-1 772 3 9.514258348818e+00 1.582066983923e+01 4.796891673020e+01 8.652299880981e+00 -2.695856809616e+00
G1-1 772 4 6.585715277321e+00 1.672312477596e+01 4.504024634961e+01 2.379394292831e+00 -1.082324385643e-01
G1-1 773 1 1.034503030857e+01 1.808369530513e+01 4.459777792643e+01 5.910063743591e+00 -1.858895540237e+00
G1-1 773 2 1.034503030857e+01 1.808369483361e+01 4.191449635343e+01 5.660215377808e+00 -1.723891496658e+00
G1-1 773 3 1.034503030857e+01 1.592748702011e+01 4.564915815850e+01 2.812129259109e+00 2.017031610012e-01
G1-1 773 4 7.416487119189e+00 1.808369530513e+01 4.323220388366e+01 5.814720153809e+00 -1.899354577065e+00
G1-1 774 1 -6.943671656515e+00 -1.197605053215e+01 1.442452501850e+02 5.184803962708e+00 -1.650396585464e+00
G1-1 774 2 -1.051280294380e+01 -1.376081756607e+01 1.452082549003e+02 5.708132743835e+00 -1.848271965981e+00
G1-1 774 3 -6.977062037748e+00 -1.650344180920e+01 1.431764577323e+02 6.019603252411e+00 -1.955706834793e+00
G1-1 774 4 -8.783046423158e+00 -1.650344180920e+01 1.472145806395e+02 6.401663780212e+00 -2.098540306091e+00
G1-1 775 1 1.615881372891e+01 1.371178634608e+01 1.053478052958e+02 6.067292690277e+00 -1.997447848320e+00
G1-1 775 2 1.196618627109e+01 1.756063897463e+01 1.074499709117e+02 4.702970504761e+00 -1.489678978920e+00
G1-1 775 3 1.615881372891e+01 1.756063897463e+01 1.030681376531e+02 5.753703117371e+00 -1.883394718170e+00
G1-1 775 4 1.196618627109e+01 1.756063897463e+01 1.030681376531e+02 4.747608184814e+00 -1.499568700790e+00
G1-1 776 1 -1.052931679253e+01 8.241113302264e+00 2.411910610643e+01 5.679704189301e+00 -1.821956634521e+00
G1-1 776 2 -8.633176340672e+00 1.103491482943e+01 2.475299155422e+01 5.626330375671e+00 -1.801870584488e+00
G1-1 776 3 -1.063281095823e+01 1.095932028889e+01 2.792727555088e+01 5.402916908264e+00 -1.705341100693e+00
G1-1 776 4 -7.714727608707e+00 9.004107374705e+00 2.734650081192e+01 6.148344993591e+00 -1.976864218712e+00
G1-1 777 1 -4.811282564883e+00 1.385910851011e+01 2.384951556921e+01 4.873956203461e+00 -1.529813408852e+00
G1-1 777 2 -9.543710424736e-01 1.255199002555e+01 2.520678781997e+01 5.840329647064e+00 -1.878021597862e+00
G1-1 777 3 -3.265546964874e+00 1.663220803350e+01 2.239539363647e+01 4.915662765503e+00 -1.560638904572e+00
G1-1 777 4 -8.233475959519e-01 1.663220803350e+01 2.615656141246e+01 5.292893886566e+00 -1.675711870193e+00
G1-1 778 1 -1.145242203226e+01 -2.622448401210e+00 1.720663684812e+01 6.333287715912e+00 -2.104815244675e+00
G1-1 778 2 -1.497817333294e+01 -4.242166479650e+00 1.176810632034e+01 5.574662208557e+00 -1.914962887764e+00
G1-1 778 3 -9.384684491754e+00 -6.750792669111e-01 1.351464716928e+01 5.983124256134e+00 -2.310771465302e+00
G1-1 778 4 -1.189152623054e+01 -5.569775146777e+00 1.359826320383e+01 5.802477359772e+00 -1.931494593620e+00
G1-1 779 1 -1.234302441201e+01 -9.200854254039e+00 2.144045454597e+00 3.486594915390e+00 -2.875888586044e+00
G1-1 779 2 -1.653565186982e+01 -7.438709073672e+00 6.161028588823e+00 2.413624286652e+00 -6.242842674255e-01
G1-1 779 3 -1.653565186982e+01 -9.200854254039e+00 2.144045454597e+00 4.599090099335e+00 -4.036377906799e+00
G1-1 779 4 -1.356249775319e+01 -1.039945134525e+01 5.065339158295e+00 5.113747596741e+00 -2.581011772156e+00
G1-1 780 1 -1.095008409265e+01 1.125303681958e+01 1.647769830499e+01 5.757779121399e+00 -1.896870970726e+00
G1-1 780 2 -1.009008366845e+01 1.136186052582e+01 2.071331036499e+01 5.315635204315e+00 -1.713441848755e+00
G1-1 780 3 -1.502592089669e+01 1.042230023592e+01 1.764403250780e+01 4.847210884094e+00 -1.559966444969e+00
G1-1 780 4 -1.198622400242e+01 8.568058880775e+00 2.007942491720e+01 5.526337623596e+00 -1.792101383209e+00
G1-1 781 1 -6.544841076137e+00 -2.007469822978e+00 6.331564352195e+00 3.932087182999e+00 -3.118939876556e+00
G1-1 781 2 -3.752989963408e+00 2.725839744789e+00 6.598140869794e+00 4.009663105011e+00 -3.053674221039e+00
G1-1 781 3 -7.493238578895e+00 3.542686482413e-01 3.570089098439e+00 2.879748106003e+00 -3.590338945389e+00
G1-1 781 4 -6.092377313400e+00 1.490873421449e+00 9.333613081610e+00 4.964975833893e+00 -2.364030122757e+00
G1-1 782 1 -6.218865115764e+00 5.523440373170e+00 2.716182760879e+01 6.848032951355e+00 -2.237432479858e+00
G1-1 782 2 -3.740552832762e+00 2.164404273309e+00 2.446846584502e+01 7.247557640076e+00 -2.397379159927e+00
G1-1 782 3 -7.692996010002e+00 1.604821318583e+00 2.724484081358e+01 7.084407329559e+00 -2.330685615540e+00
G1-1 782 4 -9.033454240642e+00 4.760446064967e+00 2.393443337482e+01 6.431684494019e+00 -2.100581169128e+00
G1-1 783 1 -4.460109537393e+00 8.071669318375e-01 2.338740639566e+01 6.846036434174e+00 -2.261252641678e+00
G1-1 783 2 -9.753010768452e+00 3.403208738231e+00 2.285337439698e+01 7.049094200134e+00 -2.329293251038e+00
G1-1 783 3 -9.266956479921e+00 -2.259092669031e-01 2.258238729227e+01 6.625231742859e+00 -2.186691999435e+00
G1-1 783 4 -8.412552773573e+00 2.475839918464e-01 2.616378183574e+01 6.266185283661e+00 -2.043945789337e+00
G1-1 784 1 8.668094291856e+00 5.646557636601e+00 1.913369536569e+01 5.676838397980e+00 -1.850509762764e+00
G1-1 784 2 9.966017520074e+00 8.140838365966e+00 1.332614267281e+01 5.946143150330e+00 -1.978533983231e+00
G1-1 784 3 8.920626909455e+00 2.478291414754e+00 1.681302591185e+01 6.657352447510e+00 -2.215899229050e+00
G1-1 784 4 6.733642759786e+00 4.373790002532e+00 1.430431881943e+01 6.267290115356e+00 -2.092736482620e+00
G1-1 785 1 -1.228890441523e+01 1.265408444300e+01 2.191029402812e+01 5.063574314117e+00 -1.618526577950e+00
G1-1 785 2 -1.722474211499e+01 1.171452415310e+01 1.884101640670e+01 4.052443981171e+00 -1.260008931160e+00
G1-1 785 3 -1.722474211499e+01 1.116008474158e+01 2.243685599228e+01 4.507524013519e+00 -1.414314866066e+00
G1-1 785 4 -1.722474211499e+01 1.542718396639e+01 2.038775405934e+01 4.591154575348e+00 -1.466331362724e+00
G1-1 786 1 -8.811238663512e+00 1.120283522147e+01 1.696662749667e+01 5.688652992249e+00 -1.868364095688e+00
G1-1 786 2 -7.951238239316e+00 1.131165892771e+01 2.120223979243e+01 5.398545265198e+00 -1.740401983261e+00
G1-1 786 3 -9.847378573288e+00 8.517857282663e+00 2.056835434464e+01 5.398148059845e+00 -1.740452766418e+00
G1-1 786 4 -5.965625890995e+00 1.020964285374e+01 1.971516979997e+01 5.750996589661e+00 -1.874845504761e+00
G1-1 787 1 -1.699507857439e+00 1.285386459717e+01 1.853699123878e+01 5.674212455750e+00 -1.858389973640e+00
G1-1 787 2 1.316420246798e+00 1.672898043029e+01 1.782755697559e+01 4.803642749786e+00 -1.550210237503e+00
G1-1 787 3 8.169116162993e-01 1.406393881685e+01 1.499252746587e+01 5.166754245758e+00 -1.694339036942e+00
G1-1 787 4 -2.139384546811e+00 1.672898043029e+01 1.856994000580e+01 5.104455471039e+00 -1.657138943672e+00
G1-1 788 1 4.961061175565e+00 1.283334131160e+01 1.916320205807e+01 4.836758136749e+00 -1.543912529945e+00
G1-1 788 2 2.840315936298e+00 1.547526683533e+01 1.947579983023e+01 4.777044296265e+00 -1.525604248047e+00
G1-1 788 3 -1.756121679391e-01 1.160015123797e+01 2.018523385767e+01 6.015674591064e+00 -1.970644950867e+00
G1-1 788 4 1.695687006149e+00 1.139504882738e+01 2.302957704395e+01 6.106256484985e+00 -1.988724470139e+00
G1-1 789 1 -7.910671192580e+00 3.733615109834e+00 9.040444638094e+01 8.573114395142e+00 -2.832958936691e+00
G1-1 789 2 -6.236082253676e+00 6.395588024747e+00 9.259447513539e+01 5.707493305206e+00 -1.787424087524e+00
G1-1 789 3 -1.011800069991e+01 5.289322828872e+00 9.456400844756e+01 5.059129238129e+00 -1.582128286362e+00
G1-1 789 4 -7.910671192580e+00 2.248984379144e+00 9.434068484324e+01 7.088649749756e+00 -2.320388555527e+00
G1-1 790 1 -7.509216743283e+00 -4.428033923485e+00 9.610115062137e+01 8.063778877258e+00 -2.655640363693e+00
G1-1 790 2 -6.015777575642e+00 -8.553026110013e+00 9.506932532645e+01 7.380215167999e+00 -5.244582176208e+00
G1-1 790 3 -6.669247680235e+00 -9.358520947306e+00 9.837868614373e+01 8.249482154846e+00 -3.502905368805e+00
G1-1 790 4 -9.076233006943e+00 -8.308266266320e+00 9.509330464430e+01 7.883559226990e+00 -4.237730026245e+00
G1-1 791 1 1.142865671413e+01 -3.277097613097e+00 1.044597618162e+02 7.814315319061e+00 -2.655693769455e+00
G1-1 791 2 1.352156207678e+01 -6.562362584383e+00 1.032628582789e+02 5.391637325287e+00 -1.764969348907e+00
G1-1 791 3 1.562464088714e+01 -4.983177379121e+00 1.031857629541e+02 3.846655130386e+00 -1.184876680374e+00
G1-1 791 4 1.180983079742e+01 -5.916273539523e+00 1.063781770094e+02 7.854176044464e+00 -2.606408119202e+00
G1-1 792 1 1.207854364413e+01 -2.116848442367e+00 1.055944812533e+02 5.838251590729e+00 -1.900086879730e+00
G1-1 792 2 1.245971819895e+01 -4.756024324588e+00 1.075128964465e+02 5.911185741425e+00 -1.910318374634e+00
G1-1 792 3 1.627452828867e+01 -3.822928223126e+00 1.043204823912e+02 5.604809284210e+00 -1.834867119789e+00
G1-1 792 4 1.627452828867e+01 -1.647468140507e+00 1.080696069499e+02 6.814154148102e+00 -2.252337217331e+00
G1-1 793 1 1.213750841293e+01 9.367306078049e+00 1.070968751375e+02 6.023312091827e+00 -1.971433997154e+00
G1-1 793 2 9.342423631791e+00 1.214294633419e+01 1.057320704937e+02 4.790302276611e+00 -1.505321264267e+00
G1-1 793 3 1.069709131578e+01 1.496116445561e+01 1.087281564431e+02 4.714208126068e+00 -1.489475011826e+00
G1-1 793 4 1.488971877359e+01 1.111231182706e+01 1.066259927133e+02 6.188150405884e+00 -2.037052631378e+00
G1-1 794 1 6.630326813219e+00 5.750423279235e+00 1.033108051987e+02 5.661721706390e+00 -1.810617566109e+00
G1-1 794 2 1.039138393598e+01 6.940067316214e+00 1.002429640162e+02 5.497801303864e+00 -1.765920519829e+00
G1-1 794 3 7.706635216328e+00 9.587023574932e+00 1.034783977020e+02 4.827878475189e+00 -1.503002166748e+00
G1-1 794 4 1.050171976171e+01 6.811383200911e+00 1.048432023458e+02 6.137135028839e+00 -2.005123853683e+00
G1-1 795 1 -4.921767681022e+00 -2.691567583383e+00 1.364183426294e+02 5.028212070465e+00 -1.582129597664e+00
G1-1 795 2 -1.419816783070e+00 -1.314582888749e+00 1.370015095401e+02 5.015335083008e+00 -1.581340670586e+00
G1-1 795 3 -7.428974595851e+00 7.098934383660e-02 1.349026436584e+02 5.126460552216e+00 -1.621856927872e+00
G1-1 795 4 -7.081934703027e+00 -5.678462836610e-01 1.386202226779e+02 5.075788021088e+00 -1.604683756828e+00
G1-1 796 1 -2.317447995432e+00 1.305046726352e+01 1.065296060080e+02 3.811725616455e+00 -1.079692840576e+00
G1-1 796 2 1.371363191029e-01 1.095692424414e+01 1.095588237018e+02 3.972111701965e+00 -1.146957755089e+00
G1-1 796 3 2.963559389156e+00 1.281669109229e+01 1.061838541334e+02 3.808630704880e+00 -1.075528502464e+00
G1-1 796 4 1.255996091159e-01 1.563490921371e+01 1.091799363106e+02 3.383857250214e+00 -9.065326452255e-01
G1-1 797 1 -1.611340957086e+00 1.557274080699e+00 9.766825183458e+01 5.069309711456e+00 -1.558821558952e+00
G1-1 797 2 -3.361613143431e+00 3.480316302811e+00 1.011144121353e+02 4.152033805847e+00 -1.182663679123e+00
G1-1 797 3 -1.611340957086e+00 6.067383384301e+00 9.953120394648e+01 5.678484916687e+00 -1.787939667702e+00
G1-1 797 4 -5.075477672271e+00 1.557274080699e+00 9.766825183458e+01 5.813069343567e+00 -1.851343154907e+00
G1-1 798 1 7.098683678795e+00 -1.223746741872e-01 1.021287611809e+02 5.807840824127e+00 -1.860958933830e+00
G1-1 798 2 4.671064778419e+00 2.019112599893e+00 1.017276122181e+02 6.002905368805e+00 -1.926531434059e+00
G1-1 798 3 6.373549857659e+00 9.607046619170e-02 9.828145380344e+01 7.585963249207e+00 -2.505249977112e+00
G1-1 798 4 2.909413171943e+00 9.607046619170e-02 9.828145380344e+01 8.382994651794e+00 -2.781865835190e+00
G1-1 799 1 7.577341885215e+00 1.230071167690e+01 1.122690129115e+02 4.575386047363e+00 -1.424911379814e+00
G1-1 799 2 1.041129027230e+01 9.647849227062e+00 1.084290124457e+02 5.360329151154e+00 -1.723772525787e+00
G1-1 799 3 7.616205609036e+00 1.242348948320e+01 1.070642078019e+02 4.574954032898e+00 -1.413666486740e+00
G1-1 799 4 8.970873293024e+00 1.524170760462e+01 1.100602918652e+02 4.208248138428e+00 -1.285849213600e+00
G1-1 800 1 5.836635387660e+00 1.402930890254e+01 1.127731047403e+02 4.284879207611e+00 -1.310552597046e+00
G1-1 800 2 7.230166677589e+00 1.697030483026e+01 1.105643836940e+02 3.798338890076e+00 -1.119717359543e+00
G1-1 800 3 5.875498993600e+00 1.415208670884e+01 1.075683015168e+02 3.874923467636e+00 -1.128453016281e+00
G1-1 800 4 3.037539219777e+00 1.697030483026e+01 1.105643836940e+02 3.536225795746e+00 -9.953509569168e-01
G1-1 801 1 1.152232952700e+01 1.663529699192e+00 1.035203090029e+02 6.592017173767e+00 -2.173320531845e+00
G1-1 801 2 1.285576774938e+01 4.994660833431e+00 1.000513207437e+02 6.360092163086e+00 -2.091790914536e+00
G1-1 801 3 1.296610381087e+01 4.865976718127e+00 1.046515590733e+02 6.060194969177e+00 -1.984208106995e+00
G1-1 801 4 1.571831417153e+01 3.487636841180e+00 1.022654327010e+02 6.896480560303e+00 -2.289085865021e+00
G1-1 802 1 9.949453332209e+00 9.362038431066e+00 9.783500379905e+01 5.800153732300e+00 -1.864359259605e+00
G1-1 802 2 6.198696705318e+00 1.041619894101e+01 9.586107398477e+01 4.387207508087e+00 -1.280198335648e+00
G1-1 802 3 7.264704730437e+00 1.200899457190e+01 1.010704374849e+02 4.207247257233e+00 -1.240432858467e+00
G1-1 802 4 8.619372414425e+00 1.482721269332e+01 9.968469017564e+01 4.013618469238e+00 -1.171516418457e+00
G1-1 803 1 4.096267095619e+00 1.011997030889e+01 5.790084250334e+01 8.579410552979e+00 -2.848235845566e+00
G1-1 803 2 4.955175369876e+00 6.354111656379e+00 5.989952862135e+01 8.622190475464e+00 -2.757230043411e+00
G1-1 803 3 2.274475975911e+00 3.722163761025e+00 5.623524455696e+01 8.150169372559e+00 -3.702782392502e+00
G1-1 803 4 6.008257139334e+00 4.127771202383e+00 5.612763276196e+01 8.365857124329e+00 -3.270719528198e+00
G1-1 804 1 7.122539949446e+00 1.355879205723e+01 4.278674038166e+01 5.261358261108e+00 -1.526777029037e+00
G1-1 804 2 5.381496848736e+00 1.271459435800e+01 4.610662029924e+01 2.918114185333e+00 -1.455938071012e-01
G1-1 804 3 5.141388063112e+00 1.621503737892e+01 4.313646796298e+01 5.389848709106e+00 -1.621025681496e+00
G1-1 804 4 4.343381148000e+00 1.416841385996e+01 4.267106780998e+01 8.448523521423e+00 -2.725386619568e+00
G1-1 805 1 2.483401951964e+00 1.783868433083e+01 4.319836624384e+01 3.723498344421e+00 -8.425832986832e-01
G1-1 805 2 3.807921035574e-01 1.693622939410e+01 4.612703662443e+01 3.385819911957e+00 -3.998759090900e-01
G1-1 805 3 -1.794151516268e+00 1.783868433083e+01 4.309042272490e+01 3.132180213928e+00 -5.473087430000e-01
G1-1 805 4 1.685394977912e+00 1.579206104763e+01 4.273296514780e+01 4.316914558411e+00 -1.055424451828e+00
G1-1 806 1 1.776826514845e+00 1.585453332141e+01 4.707821964535e+01 8.627422332764e+00 -2.745347261429e+00
G1-1 806 2 3.081429359730e+00 1.471036473918e+01 4.368414816872e+01 6.060264110565e+00 -1.794174432755e+00
G1-1 806 3 3.879436363252e+00 1.675698802238e+01 4.414954926476e+01 6.569602966309e+00 -2.060553312302e+00
G1-1 806 4 4.119545148876e+00 1.325654523722e+01 4.711970065798e+01 8.609696388245e+00 -2.781307458878e+00
G1-1 807 1 7.730793600070e+00 1.270444450082e+01 4.932999646473e+01 6.125596523285e+00 3.316557645798e+00
G1-1 807 2 1.041922800382e+01 1.452783653861e+01 5.063015623860e+01 6.195875167847e+00 -7.711912631989e+00
G1-1 807 3 1.041922800382e+01 1.404867923672e+01 4.877680028940e+01 7.044744491577e+00 -5.460212826729e-01
G1-1 807 4 1.041922800382e+01 1.530243282077e+01 4.928851545210e+01 7.177680969238e+00 -5.686844348907e+00
G1-1 808 1 8.855263282716e+00 6.744323915404e+00 4.454566332084e+01 8.081645011902e+00 -2.661389350891e+00
G1-1 808 2 1.126691345576e+01 7.543751110279e+00 4.153782331850e+01 7.357643127441e+00 -2.400532960892e+00
G1-1 808 3 9.835691614957e+00 1.020397331756e+01 4.272378619727e+01 8.585793495178e+00 -2.828613758087e+00
G1-1 808 4 1.166348679870e+01 7.889095798907e+00 4.543808086213e+01 8.567280769348e+00 -2.852211475372e+00
G1-1 809 1 1.233112878793e+01 1.527757884820e+01 3.705147097042e+01 3.163174390793e+00 -7.948846817017e-01
G1-1 809 2 8.671033768430e+00 1.471773274537e+01 3.448367336775e+01 6.164456367493e+00 -1.977075934410e+00
G1-1 809 3 1.094724867870e+01 1.731673228762e+01 3.752083071339e+01 2.711648941040e+00 -5.977208018303e-01
G1-1 809 4 1.085985962371e+01 1.731673228762e+01 3.454480390962e+01 5.350656986237e+00 -1.703363180161e+00
G1-1 810 1 3.781013147663e+00 1.558404176343e+01 5.572290693420e+01 8.638697624207e+00 -2.724927425385e+00
G1-1 810 2 7.111423147824e+00 1.553377170950e+01 5.289355479513e+01 7.655635833740e+00 -4.712662696838e+00
G1-1 810 3 2.080270227920e+00 1.553377170950e+01 5.289355479513e+01 8.490334510803e+00 -3.031157732010e+00
G1-1 810 4 2.080270227920e+00 1.721082269263e+01 5.289355479513e+01 8.456796646118e+00 -3.087707042694e+00
G1-1 811 1 5.383551288854e+00 1.280340886152e+01 6.022102707925e+01 8.729697227478e+00 -2.540889263153e+00
G1-1 811 2 8.713961347955e+00 1.059693075833e+01 6.112633674525e+01 7.400975227356e+00 -1.211412429810e+00
G1-1 811 3 6.309079168983e+00 1.130367236079e+01 6.338518567655e+01 8.687671661377e+00 -2.625078678131e+00
G1-1 811 4 6.242459622050e+00 9.037550385838e+00 6.221971414031e+01 8.615903854370e+00 -2.771556615829e+00
G1-1 812 1 4.504953048088e+00 1.450234538213e+01 5.532113579449e+01 5.335310459137e+00 3.921059370041e+00
G1-1 812 2 5.146928732906e+00 1.262868329040e+01 5.119162293849e+01 3.804995298386e+00 -1.241801738739e+01
G1-1 812 3 2.804210098874e+00 1.445207532819e+01 5.249178271237e+01 4.832390785217e+00 -1.035900306702e+01
G1-1 812 4 7.835362959838e+00 1.445207532819e+01 5.249178271237e+01 8.442962646484e+00 -3.129256248474e+00
G1-1 813 1 6.991455823858e+00 -1.799431823957e+00 4.519858201834e+01 7.347283840179e+00 -2.413378238678e+00
G1-1 813 2 7.995161461335e+00 2.649811495837e+00 4.564746747863e+01 7.619835376740e+00 -2.516578435898e+00
G1-1 813 3 1.082991706518e+01 1.675085854472e+00 4.801212309325e+01 6.585894107819e+00 -2.165167808533e+00
G1-1 813 4 9.581064583804e+00 2.275086679365e-01 4.335991288952e+01 7.651039600372e+00 -2.527567863464e+00
G1-1 814 1 7.466071457281e+00 -3.111441147473e+00 4.818084843543e+01 5.609574317932e+00 -1.783218741417e+00
G1-1 814 2 1.130453293436e+01 3.630765898961e-01 5.099439045339e+01 8.149483680725e+00 -2.870069503784e+00
G1-1 814 3 8.979176950418e+00 -1.652829037587e-01 5.248404074738e+01 8.214853286743e+00 -2.721855878830e+00
G1-1 814 4 1.108216979930e+01 -3.827166890700e+00 5.213868636722e+01 6.073012828827e+00 -1.968570113182e+00
G1-1 815 1 1.240772241615e+01 -9.648114873618e+00 4.328485903656e+01 5.737752914429e+00 -1.861772060394e+00
G1-1 815 2 1.498380163042e+01 -1.116286531726e+01 4.343870301097e+01 5.722394466400e+00 -1.864516854286e+00
G1-1 815 3 9.564833862430e+00 -1.233785681911e+01 4.425857356224e+01 4.835450172424e+00 -1.525448560715e+00
G1-1 815 4 1.079117417261e+01 -1.504555633870e+01 4.134193207822e+01 4.568013668060e+00 -1.444269657135e+00
G1-1 816 1 7.226472365834e+00 -6.426043193762e+00 4.594485565331e+01 6.166669368744e+00 -1.990212082863e+00
G1-1 816 2 1.084257023633e+01 -7.141768819108e+00 4.990269264206e+01 5.511080741882e+00 -1.759892106056e+00
G1-1 816 3 8.093131247455e+00 -9.923714842895e+00 4.637216629082e+01 5.092457771301e+00 -1.602181553841e+00
G1-1 816 4 1.093602027270e+01 -7.233973251047e+00 4.539845176513e+01 6.696711540222e+00 -2.197062730789e+00
G1-1 817 1 1.423573581738e+01 -5.322738559829e+00 4.133824356425e+01 5.651626110077e+00 -1.821589589119e+00
G1-1 817 2 1.681181503165e+01 -6.710826053283e+00 3.716717463231e+01 6.026231288910e+00 -1.967933654785e+00
G1-1 817 3 1.311579643470e+01 -2.487868062224e+00 4.004597643752e+01 6.272321701050e+00 -2.037014484406e+00
G1-1 817 4 1.681181503165e+01 -2.374243356372e+00 3.968682329195e+01 5.819423198700e+00 -1.876088380814e+00
G1-1 818 1 5.010530708835e+00 1.506090458520e+01 1.041776459187e+02 4.279945850372e+00 -1.277164697647e+00
G1-1 818 2 2.172570935011e+00 1.787912270663e+01 1.071737337542e+02 2.642486333847e+00 -5.492739677429e-01
G1-1 818 3 6.365198392823e+00 1.787912270663e+01 1.027919004956e+02 3.853307247162e+00 -1.111196994781e+00
G1-1 818 4 2.172570935011e+00 1.787912270663e+01 1.027919004956e+02 2.660463333130e+00 -5.221667885780e-01
G1-1 819 1 1.681181503165e+01 -1.450761199061e+00 4.161825017758e+01 5.613306999207e+00 -1.799972772598e+00
G1-1 819 2 1.311579643470e+01 -1.564385816502e+00 4.197740426620e+01 5.484978675842e+00 -1.747204661369e+00
G1-1 819 3 1.423573581738e+01 -4.399256225697e+00 4.326967044988e+01 6.242086410522e+00 -2.034738779068e+00
G1-1 819 4 1.681181503165e+01 -2.798892734067e+00 4.534883221083e+01 5.732051372528e+00 -1.855667233467e+00
G1-1 820 1 4.439007375317e+00 -1.243303002406e+01 3.251929378349e+01 4.462629318237e+00 -1.401865720749e+00
G1-1 820 2 4.321269282932e+00 -1.221106651586e+01 2.641656042129e+01 4.989654541016e+00 -1.615644097328e+00
G1-1 820 3 1.639911203750e+00 -1.537406812987e+01 2.961530643935e+01 4.044654369354e+00 -1.263494491577e+00
G1-1 820 4 1.466321092765e+00 -1.055336405108e+01 3.062549150125e+01 4.878586292267e+00 -1.554820179939e+00
G1-1 821 1 6.547866885936e+00 -9.032424539402e+00 3.308611137214e+01 5.585507392883e+00 -1.807384371758e+00
G1-1 821 2 9.124837726769e+00 -6.019744327956e+00 2.894078745198e+01 6.063619136810e+00 -1.981546044350e+00
G1-1 821 3 3.575180607069e+00 -7.152758566424e+00 3.119230908989e+01 5.868561744690e+00 -1.907134294510e+00
G1-1 821 4 7.878475011864e+00 -3.759588311859e+00 3.005897583233e+01 6.276223659515e+00 -2.047090053558e+00
G1-1 822 1 7.135111872502e+00 -2.431650245771e+00 5.411662296574e+01 7.632403850555e+00 -2.505027294159e+00
G1-1 822 2 9.238104957143e+00 -6.093534085361e+00 5.377126858558e+01 6.605462074280e+00 -2.148693084717e+00
G1-1 822 3 5.372610200319e+00 -7.137003993217e+00 5.555793248350e+01 5.549391269684e+00 -1.719461083412e+00
G1-1 822 4 3.742345054129e+00 -7.478213992697e+00 5.216562081992e+01 5.240115642548e+00 -1.606786489487e+00
G1-1 823 1 -2.561810081043e+00 -1.127516164175e+01 4.354661617323e+01 4.277285575867e+00 -1.270986557007e+00
G1-1 823 2 3.652308081635e-01 -1.016370379668e+01 4.681267057449e+01 4.458022117615e+00 -1.321969628334e+00
G1-1 823 3 3.111551342877e+00 -1.156096991313e+01 4.488779293195e+01 3.861505985260e+00 -1.093751430511e+00
G1-1 823 4 1.361710479969e-01 -9.572952505502e+00 4.163005426199e+01 4.572208404541e+00 -1.387896656990e+00
G1-1 824 1 -2.626973475345e+00 -1.399472210730e+01 4.350996876367e+01 3.395585298538e+00 -9.123991727829e-01
G1-1 824 2 3.046387948575e+00 -1.428053061444e+01 4.485114552239e+01 3.698131322861e+00 -1.041589260101e+00
G1-1 824 3 8.010103670020e-02 -1.698823013403e+01 4.631633635396e+01 2.801784038544e+00 -6.271542906761e-01
G1-1 824 4 8.010103670020e-02 -1.698823013403e+01 4.193450309533e+01 2.982481956482e+00 -7.563387751579e-01
G1-1 825 1 6.127946851665e+00 -1.610755207081e+01 5.032276423537e+01 3.579796791077e+00 -9.850808978081e-01
G1-1 825 2 3.785550891419e+00 -1.166137608164e+01 5.417476459602e+01 3.951467275620e+00 -1.077858924866e+00
G1-1 825 3 2.155285785750e+00 -1.200258643476e+01 5.078245198939e+01 4.609869003296e+00 -1.368184685707e+00
G1-1 825 4 1.935319434375e+00 -1.610755207081e+01 5.032276423537e+01 3.241091966629e+00 -7.931035757065e-01
G1-1 826 1 2.280199578701e+00 -1.664477092568e+01 4.867966299470e+01 3.302809238434e+00 -8.426318168640e-01
G1-1 826 2 6.472827113872e+00 -1.664477092568e+01 4.867966299470e+01 2.837235450745e+00 -6.596132516861e-01
G1-1 826 3 5.246486626875e+00 -1.393707117032e+01 4.721447404923e+01 3.773173332214e+00 -1.065821886063e+00
G1-1 826 4 2.500165930076e+00 -1.253980505387e+01 4.913935074872e+01 4.144778251648e+00 -1.190244078636e+00
G1-1 827 1 -1.672116463206e+01 4.747543233661e-01 2.066548512603e+01 5.043772697449e+00 -1.618955373764e+00
G1-1 827 2 -1.672116463206e+01 3.045701954947e-01 2.538480970224e+01 4.593843936920e+00 -1.422746777534e+00
G1-1 827 3 -1.319541333138e+01 -2.785110280346e-01 2.191377614777e+01 6.122832298279e+00 -2.008211135864e+00
G1-1 827 4 -1.368146726627e+01 3.350606962365e+00 2.218476325248e+01 5.460360050201e+00 -1.759413242340e+00
G1-1 828 1 -1.134958642575e+01 1.093381764814e+01 2.218490306862e+01 4.918608188629e+00 -1.557040929794e+00
G1-1 828 2 -1.324572675972e+01 8.140015885210e+00 2.155101762083e+01 4.996739864349e+00 -1.587562441826e+00
G1-1 828 3 -1.628542388975e+01 9.439817593075e+00 2.271146503278e+01 4.357248306274e+00 -1.348783731461e+00
G1-1 828 4 -1.628542388975e+01 9.994257122475e+00 1.911562544720e+01 4.378595829010e+00 -1.378959655762e+00
G1-1 829 1 -1.116596838843e-01 5.040105274047e+00 3.163232716413e+01 7.321255207062e+00 -2.389991998672e+00
G1-1 829 2 -3.638285864200e+00 7.287420049598e+00 3.107786335227e+01 6.972488403320e+00 -2.261148452759e+00
G1-1 829 3 -3.130072021397e+00 6.113574778588e+00 3.470379906306e+01 7.974915504456e+00 -2.614077329636e+00
G1-1 829 4 -1.132604320527e+00 8.376288527680e+00 3.373228231690e+01 6.886296749115e+00 -2.212879180908e+00
G1-1 830 1 -7.861758362032e+00 6.345436518021e+00 2.836310702849e+01 6.402138233185e+00 -2.067032814026e+00
G1-1 830 2 -1.067634766373e+01 5.582442209818e+00 2.513571232300e+01 5.828650474548e+00 -1.871957302094e+00
G1-1 830 3 -9.335889315210e+00 2.426817463434e+00 2.844612023328e+01 7.290693283081e+00 -2.398092508316e+00
G1-1 830 4 -1.069996038565e+01 5.646435820140e+00 2.955716612813e+01 6.129649162292e+00 -1.964876890182e+00
G1-1 831 1 -1.248542127960e+01 4.405386870965e+00 2.512726170154e+01 5.309363365173e+00 -1.680670261383e+00
G1-1 831 2 -1.552511817387e+01 1.359350089360e+00 2.832730862282e+01 5.330511569977e+00 -1.682551980019e+00
G1-1 831 3 -1.114496316684e+01 1.249762124580e+00 2.843766961182e+01 6.961515426636e+00 -2.281922578812e+00
G1-1 831 4 -1.250903423729e+01 4.469380481287e+00 2.954871503514e+01 5.430556774139e+00 -1.704358220100e+00
G1-1 832 1 -1.537808757485e+01 9.706798000800e+00 2.464083136958e+01 4.202480792999e+00 -1.274694681168e+00
G1-1 832 2 -1.044225011085e+01 1.120079758434e+01 2.411426987694e+01 5.659366130829e+00 -1.819854140282e+00
G1-1 832 3 -1.244188508205e+01 1.112520327956e+01 2.728855340208e+01 4.046864032745e+00 -1.184547662735e+00
G1-1 832 4 -1.233839044483e+01 8.406996057174e+00 2.348038442915e+01 5.995797634125e+00 -1.944813847542e+00
G1-1 833 1 -1.014764476955e+01 1.292106437921e+01 2.454430748233e+01 5.202517986298e+00 -1.654329895973e+00
G1-1 833 2 -1.508348223356e+01 1.142706514931e+01 2.507086850344e+01 4.419822216034e+00 -1.364886164665e+00
G1-1 833 3 -1.214727950499e+01 1.284547031018e+01 2.771859053594e+01 4.330855846405e+00 -1.307813882828e+00
G1-1 833 4 -1.109042169319e+01 1.569416413835e+01 2.530205195974e+01 4.508843421936e+00 -1.397887587547e+00
G1-1 834 1 -1.405737626407e+01 7.969376894497e+00 1.212319776198e+02 6.087215900421e+00 -1.995141029358e+00
G1-1 834 2 -1.334556381348e+01 2.376203178891e+00 1.229940768671e+02 5.082182407379e+00 -1.606944561005e+00
G1-1 834 3 -1.682163300764e+01 7.255293587829e+00 1.238210699036e+02 6.386155605316e+00 -2.099032878876e+00
G1-1 834 4 -1.682163300764e+01 3.141392981831e+00 1.218858147575e+02 6.232843399048e+00 -2.034583806992e+00
G1-1 835 1 -1.838305339346e+00 1.157262911507e+01 1.207576991919e+02 4.605834960938e+00 -1.445467591286e+00
G1-1 835 2 -5.629052041394e+00 1.604444074229e+01 1.214437081451e+02 4.493723392487e+00 -1.421919822693e+00
G1-1 835 3 -1.490283719963e+00 1.176087919374e+01 1.248413331874e+02 4.949355602264e+00 -1.584311842918e+00
G1-1 835 4 -1.436424535693e+00 1.604444074229e+01 1.214437081451e+02 3.977635860443e+00 -1.220600128174e+00
G1-1 836 1 -1.704065802818e+01 3.255001027944e-01 1.138860369691e+02 6.162526607513e+00 -2.014206409454e+00
G1-1 836 2 -1.704065802818e+01 5.186154044983e-01 1.185332854070e+02 6.064456939697e+00 -1.971772432327e+00
G1-1 836 3 -1.426636005070e+01 -2.136310874548e+00 1.179199839865e+02 5.837213516235e+00 -1.874014735222e+00
G1-1 836 4 -1.428340795361e+01 3.055865898171e+00 1.153345065037e+02 6.090137958527e+00 -1.989983081818e+00
G1-1 837 1 -7.106731538830e+00 1.275109136618e+01 1.083783651588e+02 4.475206851959e+00 -1.379955649376e+00
G1-1 837 2 -1.029168888699e+01 9.762410944400e+00 1.124539605554e+02 5.365523815155e+00 -1.732162594795e+00
G1-1 837 3 -7.492002117353e+00 1.244365035861e+01 1.129689616243e+02 4.678243160248e+00 -1.468130826950e+00
G1-1 837 4 -8.856311503758e+00 1.533553331637e+01 1.110286992337e+02 4.333008289337e+00 -1.340532064438e+00
G1-1 838 1 -4.906840922529e+00 1.519097402870e+01 1.444231795594e+02 6.156243801117e+00 -2.101343154907e+00
G1-1 838 2 -3.137838181246e+00 1.790982793709e+01 1.422328319660e+02 5.934873104095e+00 -2.078663110733e+00
G1-1 838 3 -7.330465609588e+00 1.790982793709e+01 1.422328319660e+02 6.136897087097e+00 -2.216917514801e+00
G1-1 838 4 -7.330465609588e+00 1.790982793709e+01 1.466146629783e+02 6.135414600372e+00 -2.265095472336e+00
G1-1 839 1 -5.367582303154e+00 1.447328081370e+01 1.079379351890e+02 3.575413227081e+00 -1.005375862122e+00
G1-1 839 2 -5.752852999558e+00 1.416584004189e+01 1.125285316545e+02 4.163048744202e+00 -1.264256477356e+00
G1-1 839 3 -2.924534751330e+00 1.705772276389e+01 1.105882692638e+02 3.264903545380e+00 -8.787001371384e-01
G1-1 839 4 -7.117162209142e+00 1.705772276389e+01 1.105882692638e+02 3.573697090149e+00 -1.032264590263e+00
G1-1 840 1 -6.810185484554e+00 -9.767872522173e+00 2.107598728234e+01 5.568587303162e+00 -1.835630178452e+00
G1-1 840 2 -8.986329749897e+00 -5.107386308271e+00 2.012124112656e+01 5.994457721710e+00 -1.979316353798e+00
G1-1 840 3 -4.640045632250e+00 -8.160676485547e+00 1.946783504141e+01 5.840566635132e+00 -1.934497594833e+00
G1-1 840 4 -9.425433948172e+00 -8.054713215923e+00 1.651286795379e+01 6.150038242340e+00 -2.051824808121e+00
G1-1 841 1 -1.117417085352e+01 -1.223979093745e+01 2.363520213190e+01 5.407318592072e+00 -1.774737715721e+00
G1-1 841 2 -1.081050358297e+01 -1.080575616400e+01 1.733332683311e+01 5.666035652161e+00 -1.878715515137e+00
G1-1 841 3 -8.195255060408e+00 -1.251891558813e+01 2.189644569014e+01 5.235065937042e+00 -1.719039201736e+00
G1-1 841 4 -9.704523227559e+00 -1.543292004664e+01 2.024985250092e+01 5.075588703156e+00 -1.671660542488e+00
G1-1 842 1 1.514731002011e+01 6.427289077151e+00 1.086229013172e+02 6.526807308197e+00 -2.157272815704e+00
G1-1 842 2 1.789952038077e+01 8.172295238749e+00 1.081520188930e+02 7.196753025055e+00 -2.541648149490e+00
G1-1 842 3 1.789952038077e+01 8.015759765203e+00 1.124838308006e+02 7.184152603149e+00 -2.435773372650e+00
G1-1 842 4 1.789952038077e+01 3.694222360076e+00 1.099667769433e+02 6.958773612976e+00 -2.311985731125e+00
G1-1 843 1 -1.101235986081e+01 -1.618803933839e+01 1.249750966741e+01 4.563333988190e+00 -1.503508806229e+00
G1-1 843 2 -1.211834021622e+01 -1.156087545575e+01 1.396281684236e+01 5.815136909485e+00 -2.009082555771e+00
G1-1 843 3 -1.520498731862e+01 -1.252452486374e+01 1.538591748976e+01 5.700665473938e+00 -1.893085956573e+00
G1-1 843 4 -1.101235986081e+01 -1.618803933839e+01 1.687934251017e+01 4.575145244598e+00 -1.497185230255e+00
G1-1 844 1 -7.673320124143e+00 -7.737758589535e+00 5.420472544667e+00 3.927097320557e+00 -3.037064075470e+00
G1-1 844 2 -9.841190850195e+00 -1.076724454946e+01 5.580290876729e+00 4.357666969299e+00 -3.306099414825e+00
G1-1 844 3 -8.621717626901e+00 -9.568647576127e+00 2.658997231971e+00 3.021213769913e+00 -3.294456005096e+00
G1-1 844 4 -5.912968691089e+00 -1.082759630941e+01 5.580923951278e+00 4.242898464203e+00 -3.650838851929e+00
G1-1 845 1 -1.485809088873e+01 -1.185854923023e+01 8.666028183351e+00 5.390559196472e+00 -2.085251331329e+00
G1-1 845 2 -1.783124500537e+01 -1.485257947895e+01 1.012656744030e+01 4.431489944458e+00 -1.461580276489e+00
G1-1 845 3 -1.783124500537e+01 -1.118906524006e+01 1.301497596993e+01 4.817231178284e+00 -1.576172351837e+00
G1-1 845 4 -1.783124500537e+01 -8.897806958652e+00 9.761717613880e+00 5.136434555054e+00 -1.699011087418e+00
G1-1 846 1 -1.670665651987e+01 -6.052494778048e+00 1.223370768078e+01 4.170710086823e+00 -1.350809931755e+00
G1-1 846 2 -1.318090521919e+01 -4.432776743814e+00 1.767223797280e+01 6.642344474792e+00 -2.213610649109e+00
G1-1 846 3 -1.670665651987e+01 -8.343753000517e+00 1.548696568319e+01 4.538401603699e+00 -1.469682931900e+00
G1-1 846 4 -1.362000941746e+01 -7.380103356764e+00 1.406386432851e+01 5.689497947693e+00 -1.889569878578e+00
G1-1 847 1 5.473880723928e+00 -1.559103488220e+01 1.179983264180e+02 5.607045173645e+00 -1.739169716835e+00
G1-1 847 2 6.093085703746e+00 -1.800426972941e+01 1.176766664563e+02 5.904289722443e+00 -1.861520290375e+00
G1-1 847 3 7.544610715521e+00 -1.800426972941e+01 1.214299176113e+02 4.931138515472e+00 -1.509583592415e+00
G1-1 847 4 3.177118821022e+00 -1.800426972941e+01 1.201398862673e+02 5.620573043823e+00 -1.758191585541e+00
G1-1 848 1 7.111868138025e+00 -1.403309115188e+01 1.098787463182e+02 4.386422634125e+00 -1.214336037636e+00
G1-1 848 2 5.483821250470e+00 -1.399616578007e+01 1.131352045567e+02 4.174488067627e+00 -1.123724937439e+00
G1-1 848 3 4.485818244929e+00 -1.362460724254e+01 1.097163570675e+02 5.673771858215e+00 -1.722332000732e+00
G1-1 848 4 5.279118253494e+00 -1.640940086304e+01 1.093246084394e+02 7.781535148621e+00 -2.542326211929e+00
G1-1 849 1 4.253828277790e+00 -1.473048601903e+01 1.137917867849e+02 5.011791229248e+00 -1.475511431694e+00
G1-1 849 2 4.049125339754e+00 -1.714372110199e+01 1.099811906676e+02 5.367592811584e+00 -1.634065389633e+00
G1-1 849 3 1.901534336821e+00 -1.714372110199e+01 1.126600692748e+02 4.586421489716e+00 -1.302027821541e+00
G1-1 849 4 3.255825301720e+00 -1.435892724573e+01 1.103729392957e+02 6.628746986389e+00 -2.086017847061e+00
G1-1 850 1 7.073221396083e+00 -1.275832329955e+01 1.230804093337e+02 5.063478469849e+00 -1.557037830353e+00
G1-1 850 2 1.010656093919e+01 -1.257974425616e+01 1.186549491141e+02 4.554676055908e+00 -1.341325283051e+00
G1-1 850 3 7.144922835020e+00 -1.251445518639e+01 1.182589696445e+02 5.168409347534e+00 -1.577257633209e+00
G1-1 850 4 1.005576567779e+01 -9.488984215910e+00 1.191365007652e+02 5.933098316193e+00 -1.878953695297e+00
G1-1 851 1 3.813905873168e+00 -1.393671952310e+01 1.242837894022e+02 5.309772968292e+00 -1.654672026634e+00
G1-1 851 2 1.507484114315e+00 -1.213280471011e+01 1.224885102826e+02 5.702976226807e+00 -1.795454621315e+00
G1-1 851 3 3.885607547866e+00 -1.369285164570e+01 1.194623497129e+02 5.227326393127e+00 -1.601808905602e+00
G1-1 851 4 1.588845582336e+00 -1.610608649291e+01 1.216039095622e+02 5.298486232758e+00 -1.639882445335e+00
G1-1 852 1 -1.356249775319e+01 -1.483076367706e+01 5.178083991480e+00 6.249863624573e+00 -2.628644704819e+00
G1-1 852 2 -1.653565186982e+01 -1.782479392578e+01 2.256790287782e+00 6.514692783356e+00 -3.570497989655e+00
G1-1 852 3 -1.234302441201e+01 -1.782479392578e+01 2.256790287782e+00 6.140884876251e+00 -3.794064521790e+00
G1-1 852 4 -1.653565186982e+01 -1.782479392578e+01 6.638623366307e+00 2.688019990921e+00 -5.850510001183e-01
G1-1 853 1 3.186003851224e+00 -1.443807819752e+01 1.165457309581e+02 5.894554138184e+00 -1.840616464615e+00
G1-1 853 2 8.892419556851e-01 -1.685131328049e+01 1.186872889213e+02 5.030564785004e+00 -1.519432663918e+00
G1-1 853 3 8.245076947839e-01 -1.312026783670e+01 1.160866740581e+02 5.705132007599e+00 -1.758523225784e+00
G1-1 853 4 8.337099912968e-01 -1.685131328049e+01 1.154140096758e+02 4.542973995209e+00 -1.299269318581e+00
G1-1 854 1 5.372778037993e+00 -1.800426972941e+01 1.144272079350e+02 5.212318420410e+00 -1.596484661102e+00
G1-1 854 2 4.753573058175e+00 -1.559103488220e+01 1.147488697828e+02 7.352187633514e+00 -2.383520126343e+00
G1-1 854 3 4.548870120139e+00 -1.800426972941e+01 1.109382736655e+02 2.608817815781e+00 -4.400717318058e-01
G1-1 854 4 2.401279087735e+00 -1.800426972941e+01 1.136171503866e+02 4.125922679901e+00 -1.135527133942e+00
G1-1 855 1 -1.856797680364e+00 4.699093851132e+00 5.335444038144e+01 8.231020927429e+00 -3.539572238922e+00
G1-1 855 2 -1.778305705805e+00 8.196442618860e+00 4.988688703530e+01 7.403362751007e+00 -5.195770740509e+00
G1-1 855 3 -4.499470578406e+00 9.180304340235e+00 5.189204660148e+01 8.578989028931e+00 -2.843975543976e+00
G1-1 855 4 -4.425427440009e+00 9.317308541847e+00 5.418417664096e+01 8.002202987671e+00 -4.002676010132e+00
G1-1 856 1 -4.443284174632e+00 1.344544174157e+01 4.364295652098e+01 6.809669017792e+00 -2.101315259933e+00
G1-1 856 2 5.536146322425e-01 1.368622097910e+01 4.332763164258e+01 5.800436973572e+00 -1.660162568092e+00
G1-1 856 3 -7.509882927640e-01 1.483039003285e+01 4.672170311921e+01 5.605921268463e+00 -1.454334259033e+00
G1-1 856 4 -7.935444887003e-01 1.120560567085e+01 4.575954663837e+01 8.437843322754e+00 -3.127748489380e+00
G1-1 857 1 -1.743927042871e+01 4.166597012383e+00 4.877221699225e+01 4.539177417755e+00 -1.444173455238e+00
G1-1 857 2 -1.486598732301e+01 2.978545232770e+00 4.836480742663e+01 5.643002986908e+00 -1.841639757156e+00
G1-1 857 3 -1.577094404095e+01 5.103626320003e+00 4.883983027514e+01 5.401503086090e+00 -1.767770051956e+00
G1-1 857 4 -1.743927042871e+01 1.778719624779e+00 5.228036423908e+01 3.209070444107e+00 -9.379071593285e-01
G1-1 858 1 -1.079383077362e+01 -2.927779518819e+00 5.997250142207e+01 8.562492370605e+00 -2.839110136032e+00
G1-1 858 2 -1.235723802711e+01 -4.169914282319e+00 5.529648496786e+01 5.558570861816e+00 -1.779191970825e+00
G1-1 858 3 -1.506974780571e+01 -1.509110391863e+00 5.625811600548e+01 4.711673736572e+00 -1.492359280586e+00
G1-1 858 4 -1.014862957580e+01 -1.156669115086e+00 5.551339671957e+01 8.526263237000e+00 -2.947920560837e+00
G1-1 859 1 -1.356643500972e+01 1.222411945392e+01 1.445421146884e+02 5.724787235260e+00 -1.878270864487e+00
G1-1 859 2 -1.234395363644e+01 1.103733106940e+01 1.487115680531e+02 5.524473190308e+00 -1.804846763611e+00
G1-1 859 3 -1.653658109425e+01 1.522995852721e+01 1.487115680531e+02 6.257992267609e+00 -2.073709487915e+00
G1-1 859 4 -1.653658109425e+01 1.103733106940e+01 1.487115680531e+02 5.514271259308e+00 -1.794061303139e+00
G1-1 860 1 -8.828906464852e+00 -6.227244124636e+00 6.126509922116e+01 6.375884532928e+00 -2.020842552185e+00
G1-1 860 2 -1.039231383622e+01 -7.469378770256e+00 5.658908276695e+01 6.109619140625e+00 -1.965821504593e+00
G1-1 860 3 -6.143397064199e+00 -9.863488106247e+00 5.752778707914e+01 6.009055614471e+00 -1.896000504494e+00
G1-1 860 4 -8.786503058996e+00 -1.007851252257e+01 6.101185264906e+01 4.878221035004e+00 -1.463812232018e+00
G1-1 861 1 -1.248549605543e+01 -3.144247490641e+00 4.231564124257e+01 6.610980510712e+00 -2.162542104721e+00
G1-1 861 2 -1.134696186841e+01 -1.419096902944e+00 3.979970139319e+01 6.268783569336e+00 -2.026268720627e+00
G1-1 861 3 -1.248589525579e+01 -4.364001656997e+00 3.845691589110e+01 6.048140525818e+00 -1.960791349411e+00
G1-1 861 4 -1.555381192810e+01 -1.478163405664e+00 3.971953377051e+01 5.784913539886e+00 -1.859752297401e+00
G1-1 862 1 6.823173716253e+00 6.803065788709e+00 3.610297038497e+01 6.966264247894e+00 -2.237810611725e+00
G1-1 862 2 1.033143474218e+01 7.465590927793e+00 3.691988446514e+01 5.608123779297e+00 -1.735944628716e+00
G1-1 862 3 1.012617068956e+01 7.363855632087e+00 3.370606939612e+01 7.479837417603e+00 -2.435958862305e+00
G1-1 862 4 7.571389412035e+00 1.018305915028e+01 3.410071099241e+01 6.646863937378e+00 -2.127651214600e+00
G1-1 863 1 -3.684985381638e+00 9.365710991025e+00 4.571289356675e+01 8.582925796509e+00 -2.835189104080e+00
G1-1 863 2 -8.931004471751e+00 8.533224684521e+00 4.208700097710e+01 5.364055156708e+00 -1.617426991463e+00
G1-1 863 3 -6.406150154777e+00 1.034957271240e+01 4.771805313293e+01 8.375907897949e+00 -3.250379085541e+00
G1-1 863 4 -7.334725029811e+00 1.160554682598e+01 4.359630250632e+01 8.590585708618e+00 -2.819001436234e+00
G1-1 864 1 -1.187274515525e+01 1.623982144456e+01 4.102747897239e+01 4.412260055542e+00 -1.343608736992e+00
G1-1 864 2 -1.053388834468e+01 1.395241892384e+01 4.219510934194e+01 8.290430068970e+00 -2.732266187668e+00
G1-1 864 3 -1.187274515525e+01 1.408361339531e+01 4.476214077747e+01 8.453330039978e+00 -2.788713932037e+00
G1-1 864 4 -1.522684712150e+01 1.256032577883e+01 4.099038916381e+01 4.507919311523e+00 -1.354594111443e+00
G1-1 865 1 1.990237493693e+00 1.731442375179e+01 3.656425417577e+01 4.168280601501e+00 -1.130851745605e+00
G1-1 865 2 4.777658103964e+00 1.471542444530e+01 3.489366204988e+01 4.776861667633e+00 -1.402659535408e+00
G1-1 865 3 4.541321404333e+00 1.731442375179e+01 3.632643993927e+01 4.314737796783e+00 -1.209091305733e+00
G1-1 865 4 3.327322998150e+00 1.526780023283e+01 3.878312582971e+01 5.129137516022e+00 -1.493782520294e+00
G1-1 866 1 9.315172587988e+00 -5.549912769174e+00 5.199612051321e+01 5.482575893402e+00 -1.742305517197e+00
G1-1 866 2 5.699074422793e+00 -4.834187143828e+00 4.803828258141e+01 7.573493957520e+00 -2.494531393051e+00
G1-1 866 3 3.819412802854e+00 -6.934592558629e+00 5.039047180450e+01 5.670588016510e+00 -1.782321810722e+00
G1-1 866 4 7.212179621228e+00 -1.888028929584e+00 5.234147489336e+01 6.317082881927e+00 -2.034827470779e+00
G1-1 867 1 -4.053498116728e+00 6.361269080713e-01 5.719581182131e+01 8.598411560059e+00 -2.803623676300e+00
G1-1 867 2 -8.963602777727e+00 2.192089191981e+00 6.164802528955e+01 8.305155754089e+00 -3.393386363983e+00
G1-1 867 3 -7.396586396187e+00 4.680693047552e-01 5.690551638425e+01 6.663961887360e+00 -2.105253696442e+00
G1-1 867 4 -8.041787711886e+00 -1.303041180021e+00 6.136462202979e+01 8.586961746216e+00 -2.826912164688e+00
G1-1 868 1 1.438592540575e+00 1.214135519822e+00 5.793834509258e+01 8.427590370178e+00 -3.147635698318e+00
G1-1 868 2 4.119291905069e+00 3.846083297295e+00 6.160262915696e+01 8.614370346069e+00 -2.772787332535e+00
G1-1 868 3 7.040044084218e-01 1.554092043727e+00 6.136174414840e+01 8.606276512146e+00 -2.788149595261e+00
G1-1 868 4 5.023777367315e+00 -4.385570289798e-01 6.158428035084e+01 8.575606346130e+00 -2.851416587830e+00
G1-1 869 1 1.513447221527e+01 1.343418483768e+01 4.153018772597e+01 5.232744216919e+00 -1.647660970688e+00
G1-1 869 2 1.710469383652e+01 1.122141018153e+01 4.301046969624e+01 2.073055505753e+00 -2.206787019968e-01
G1-1 869 3 1.710469383652e+01 1.331712999208e+01 4.573421116011e+01 4.045018672943e+00 -1.258959650993e+00
G1-1 869 4 1.375059163451e+01 1.331712999208e+01 4.573421116011e+01 8.542880058289e+00 -2.914804220200e+00
G1-1 870 1 1.285446352997e+00 2.261557590946e+00 8.762464341535e+01 8.593431472778e+00 -2.813677549362e+00
G1-1 870 2 -1.490249009553e+00 6.314014957839e+00 9.150886147301e+01 5.786159992218e+00 -1.795972228050e+00
G1-1 870 3 2.992988551377e-01 2.167411223825e+00 9.325506929477e+01 7.416922092438e+00 -2.410626649857e+00
G1-1 870 4 2.071250633313e+00 6.334258169677e+00 9.165946048484e+01 5.540224552155e+00 -1.700906753540e+00
G1-1 871 1 -3.751374802622e+00 5.651307287298e+00 7.526431126259e+01 8.630343437195e+00 -2.739671230316e+00
G1-1 871 2 -1.090226107935e+00 6.709462264530e+00 7.782572412828e+01 8.614251136780e+00 -2.771788835526e+00
G1-1 871 3 -9.472220830807e-01 7.379797754205e+00 7.272925926908e+01 8.638412475586e+00 -2.723330736160e+00
G1-1 871 4 -2.850743129847e+00 9.495623775967e+00 7.374199989573e+01 7.839584827423e+00 -2.462306737900e+00
G1-1 872 1 -7.890498073835e+00 5.549381633716e+00 8.711919264025e+01 7.990703105927e+00 -2.608456373215e+00
G1-1 872 2 -6.215909370692e+00 8.211354607570e+00 8.930922139470e+01 6.126864433289e+00 -1.928568720818e+00
G1-1 872 3 -8.096786261522e+00 7.404219230438e+00 8.439602362423e+01 7.440535068512e+00 -2.393674135208e+00
G1-1 872 4 -9.826258427130e+00 9.641564990313e+00 8.730685964307e+01 4.874364376068e+00 -1.451350212097e+00
G1-1 873 1 -4.759945527586e+00 1.491461465997e+01 7.338345564087e+01 5.070937633514e+00 -1.414826631546e+00
G1-1 873 2 -3.103160882458e+00 1.784458822197e+01 7.306718317815e+01 6.553730010986e+00 -2.037045717239e+00
G1-1 873 3 -7.295788399211e+00 1.784458822197e+01 7.306718317815e+01 3.988715171814e+00 -9.544830322266e-01
G1-1 873 4 -7.295788399211e+00 1.784458822197e+01 7.744901607656e+01 3.306104421616e+00 -6.191099882126e-01
G1-1 874 1 -9.814735143604e+00 3.808753351262e+00 8.483281389336e+01 6.804343700409e+00 -2.151421546936e+00
G1-1 874 2 -1.473585349139e+01 5.982564837137e+00 8.435256750048e+01 3.844535112381e+00 -1.069481611252e+00
G1-1 874 3 -1.002102344917e+01 5.663590947983e+00 8.210964299125e+01 7.440270423889e+00 -2.379505872726e+00
G1-1 874 4 -1.138175152514e+01 2.756306812676e+00 8.029187899625e+01 7.858891487122e+00 -2.530817508698e+00
G1-1 875 1 1.221488525519e+01 1.281387433173e+01 3.820287474447e+01 3.464432716370e+00 -8.660163879395e-01
G1-1 875 2 9.883614196555e+00 1.219678221369e+01 3.964021443635e+01 7.030967712402e+00 -2.261402845383e+00
G1-1 875 3 8.554790471453e+00 1.225402822890e+01 3.563507808485e+01 5.870197772980e+00 -1.834209442139e+00
G1-1 875 4 1.131483580160e+01 9.536559770652e+00 3.845425155758e+01 6.384381771088e+00 -2.031265020370e+00
G1-1 876 1 8.391838439487e+00 1.398940015330e+01 2.728433103305e+01 5.424690723419e+00 -1.727153897285e+00
G1-1 876 2 8.142191921132e+00 1.666296571819e+01 2.561018060501e+01 4.332410335541e+00 -1.325159668922e+00
G1-1 876 3 3.745884961664e+00 1.258274771024e+01 2.647674906946e+01 5.835018634796e+00 -1.872163176537e+00
G1-1 876 4 3.876908408186e+00 1.666296571819e+01 2.742652219042e+01 4.611354351044e+00 -1.410580992699e+00
G1-1 877 1 -4.108342836930e-01 1.186982640540e+01 3.276313839048e+01 5.149683952332e+00 -1.551100611687e+00
G1-1 877 2 -2.553927724197e+00 1.313752920731e+01 3.267560432682e+01 6.690946578979e+00 -2.141380071640e+00
G1-1 877 3 1.529704022322e-01 1.558486478755e+01 2.982225695446e+01 4.826375007629e+00 -1.465707659721e+00
G1-1 877 4 2.194696307807e-02 1.150464677960e+01 2.887248383349e+01 5.733319282532e+00 -1.812834978104e+00
G1-1 878 1 3.009013475973e+00 7.743951196846e+00 3.880875082708e+01 7.506028652191e+00 -2.417442560196e+00
G1-1 878 2 9.597348335641e-01 9.195705273465e+00 4.312787115318e+01 8.607670783997e+00 -2.784662008286e+00
G1-1 878 3 2.306893889120e+00 1.167632058171e+01 4.069595615739e+01 7.079457283020e+00 -2.218372344971e+00
G1-1 878 4 9.770037945759e-01 1.000790571852e+01 3.777627119706e+01 7.616223335266e+00 -2.449069499969e+00
G1-1 879 1 6.992830153087e+00 3.966485728976e+00 3.582612309156e+01 7.283008575439e+00 -2.367983341217e+00
G1-1 879 2 1.029582689063e+01 4.527275454474e+00 3.342922257423e+01 7.182746887207e+00 -2.335649967194e+00
G1-1 879 3 9.675344128438e+00 1.407280727404e+00 3.736332352802e+01 7.265180110931e+00 -2.374401092529e+00
G1-1 879 4 9.115811926750e+00 1.388843282256e+00 3.220767968314e+01 6.948752880096e+00 -2.264920234680e+00
G1-1 880 1 1.206537351450e+01 1.445675367541e+01 3.827023546569e+01 4.072935581207e+00 -1.165098190308e+00
G1-1 880 2 9.734102220108e+00 1.383966155737e+01 3.970757515758e+01 3.489490270615e+00 -8.183085322380e-01
G1-1 880 3 1.068149340527e+01 1.649590735059e+01 3.873959615171e+01 4.795849323273e+00 -1.484947323799e+00
G1-1 880 4 8.405278495006e+00 1.389690757258e+01 3.570243880608e+01 4.953874588013e+00 -1.490371346474e+00
G1-1 881 1 2.266184851384e+00 -6.522333113873e+00 7.058447619901e+01 8.113853454590e+00 -2.589527130127e+00
G1-1 881 2 4.557377141791e+00 -8.984791416050e+00 7.452595544563e+01 8.612603187561e+00 -2.775048494339e+00
G1-1 881 3 5.958667521323e+00 -6.229254304200e+00 7.065274134808e+01 7.750964164734e+00 -2.453496694565e+00
G1-1 881 4 3.995712228042e+00 -4.597578456527e+00 7.388804160690e+01 8.630571365356e+00 -2.739335060120e+00
G1-1 882 1 -5.421395628160e+00 -1.293365984127e+01 6.605704126504e+01 4.125746250153e+00 -1.057736158371e+00
G1-1 882 2 -3.980732038764e+00 -1.276262807322e+01 7.134982170543e+01 6.233448028564e+00 -1.888412833214e+00
G1-1 882 3 -1.354461327302e+00 -1.588914573891e+01 6.838684209086e+01 4.459647178650e+00 -1.185591816902e+00
G1-1 882 4 9.556148159124e-01 -1.271323043962e+01 6.710744926606e+01 5.414707660675e+00 -1.587553381920e+00
G1-1 883 1 -5.450416960211e+00 -1.806352314755e+00 5.313093373292e+01 6.508697509766e+00 -2.072489738464e+00
G1-1 883 2 -3.410108521616e+00 -7.213706663261e+00 5.385272723645e+01 6.187283515930e+00 -1.956935405731e+00
G1-1 883 3 -3.405005146199e+00 -3.806271842645e+00 4.939595367169e+01 6.699789524078e+00 -2.150426387787e+00
G1-1 883 4 -2.107328474461e+00 -1.638294770379e+00 5.342122916998e+01 6.564810752869e+00 -2.085257291794e+00
G1-1 884 1 -8.555243618161e+00 -3.547274586698e+00 6.891195782855e+01 7.440207004547e+00 -2.297662496567e+00
G1-1 884 2 -8.744887676885e+00 -2.680131433469e+00 6.668236500519e+01 7.912906646729e+00 -2.514060497284e+00
G1-1 884 3 -9.666702742726e+00 -1.341209444003e+00 7.070043007002e+01 6.771554470062e+00 -1.812901377678e+00
G1-1 884 4 -6.576319629677e+00 -4.028595648222e-01 6.929876745146e+01 8.662573814392e+00 -2.675312519073e+00
G1-1 885 1 1.615881372891e+01 1.352845466543e+01 9.582467354618e+01 5.843234539032e+00 -1.902241349220e+00
G1-1 885 2 1.196618627109e+01 1.751736047133e+01 9.333496320818e+01 4.617704391479e+00 -1.424363493919e+00
G1-1 885 3 1.196618627109e+01 1.751736047133e+01 9.771679987878e+01 4.269032001495e+00 -1.300608038902e+00
G1-1 885 4 1.615881372891e+01 1.751736047133e+01 9.333496320818e+01 5.732748985291e+00 -1.863867878914e+00
G1-1 886 1 -3.996946067639e+00 -1.106235919978e+01 7.131361510690e+01 6.606407642365e+00 -2.026947498322e+00
G1-1 886 2 -1.423145032396e+00 -8.686691460649e+00 6.823346847825e+01 6.858530521393e+00 -2.139245033264e+00
G1-1 886 3 9.394007870381e-01 -1.101296156617e+01 6.707124266753e+01 6.351160049438e+00 -1.957496166229e+00
G1-1 886 4 -5.437609657034e+00 -1.123339096783e+01 6.602083466651e+01 4.743498802185e+00 -1.324488162994e+00
G1-1 887 1 2.904169913526e+00 -1.268719866638e+01 6.900917540363e+01 4.658195972443e+00 -1.239917993546e+00
G1-1 887 2 -2.032176941151e+00 -1.273659606422e+01 7.325154784300e+01 6.761662960052e+00 -2.081482172012e+00
G1-1 887 3 5.940938292514e-01 -1.586311396567e+01 7.028856822843e+01 4.978717327118e+00 -1.386302590370e+00
G1-1 887 4 2.832816472910e+00 -1.282338698091e+01 7.411288046097e+01 5.654168605804e+00 -1.650395989418e+00
G1-1 888 1 -1.157006997663e+01 -7.358114918144e+00 6.801909931309e+01 5.195431709290e+00 -1.548521041870e+00
G1-1 888 2 -1.603563106745e+01 -8.362889450265e+00 6.573718812065e+01 6.395452022552e+00 -2.077875137329e+00
G1-1 888 3 -1.171731027586e+01 -1.034224003024e+01 6.553625803155e+01 5.461553096771e+00 -1.697518229485e+00
G1-1 888 4 -1.603563106745e+01 -9.483729783484e+00 6.984018997783e+01 6.154175281525e+00 -2.002158403397e+00
G1-1 889 1 -7.002819446106e+00 -1.110248242589e+01 1.425702846357e+02 5.650660037994e+00 -1.822155475616e+00
G1-1 889 2 -1.057195096915e+01 -1.288724945981e+01 1.435332855788e+02 5.800688266754e+00 -1.881746053696e+00
G1-1 889 3 -9.033600979938e+00 -1.280294842747e+01 1.401192967334e+02 5.263656616211e+00 -1.679949283600e+00
G1-1 889 4 -7.036209827339e+00 -1.562987370294e+01 1.415014921830e+02 5.951024055481e+00 -1.929540872574e+00
G1-1 890 1 -1.083155562583e+01 -5.428359074162e+00 7.175089849208e+01 7.733591079712e+00 -2.465273618698e+00
G1-1 890 2 -1.194301475039e+01 -5.378502671122e+00 7.727403159558e+01 4.848595619202e+00 -1.245475292206e+00
G1-1 890 3 -1.194301475039e+01 -3.222294078817e+00 7.353937073355e+01 6.883894443512e+00 -2.071489572525e+00
G1-1 890 4 -1.529711671664e+01 -7.553973939502e+00 7.357198915681e+01 4.504475593567e+00 -1.344288587570e+00
G1-1 891 1 -1.024873894718e+01 -6.433301712219e+00 6.676736989367e+01 8.284477233887e+00 -2.708584070206e+00
G1-1 891 2 -1.471430003799e+01 -7.438076244340e+00 6.448545870123e+01 4.671172618866e+00 -1.418050646782e+00
G1-1 891 3 -1.043838300590e+01 -5.566158426374e+00 6.453777707032e+01 8.582623481750e+00 -2.835189580917e+00
G1-1 891 4 -1.039597924641e+01 -9.417426824312e+00 6.428452861212e+01 7.002894878387e+00 -2.268670558929e+00
G1-1 892 1 -1.195006071149e+01 -7.585676308690e+00 1.042534109664e+02 6.609347820282e+00 -2.168280363083e+00
G1-1 892 2 -7.500005574548e+00 -8.363589877666e+00 1.071632988181e+02 7.994652271271e+00 -2.614542007446e+00
G1-1 892 3 -1.161748500808e+01 -4.887002703968e+00 1.039159725344e+02 6.283308982849e+00 -2.051126718521e+00
G1-1 892 4 -1.118622930929e+01 -6.788849556026e+00 1.086181843803e+02 6.352020740509e+00 -2.043433666229e+00
G1-1 893 1 -1.171922416278e+01 -9.180124139159e+00 1.043597997439e+02 4.946608543396e+00 -1.530292272568e+00
G1-1 893 2 -1.063964519669e+01 -1.164119185074e+01 1.043666426278e+02 6.829943180084e+00 -2.208976984024e+00
G1-1 893 3 -7.269169025834e+00 -9.958037708135e+00 1.072696875956e+02 5.805554389954e+00 -1.759732723236e+00
G1-1 893 4 -1.095539252481e+01 -8.383297268614e+00 1.087245731577e+02 5.367431640625e+00 -1.642503976822e+00
G1-1 894 1 -1.215022474458e+01 -8.104480840418e+00 1.007167388123e+02 7.324815750122e+00 -2.672020673752e+00
G1-1 894 2 -8.663660098135e+00 -9.459594403587e+00 1.002743004474e+02 8.082528114319e+00 -2.645014524460e+00
G1-1 894 3 -1.107064554272e+01 -8.409339840481e+00 9.698891706193e+01 8.268710136414e+00 -3.463496446609e+00
G1-1 894 4 -1.181764856964e+01 -5.405807117816e+00 1.003792966080e+02 6.020559310913e+00 -1.973513007164e+00
G1-1 895 1 -1.393049866061e+01 -7.779934486306e+00 9.970149827866e+01 6.095716953278e+00 -2.355906486511e+00
G1-1 895 2 -1.620502142500e+01 -8.084793486369e+00 9.597367652830e+01 2.303782939911e+00 -5.405005812645e-01
G1-1 895 3 -1.359792248567e+01 -5.081260763704e+00 9.936405607441e+01 3.458358764648e+00 -1.037392377853e+00
G1-1 895 4 -1.285091945875e+01 -8.084793486369e+00 9.597367652830e+01 6.885488986969e+00 -2.266758203506e+00
G1-1 896 1 -1.379723328433e+01 -9.226675555438e+00 1.046333517471e+02 5.920966148376e+00 -1.916882395744e+00
G1-1 896 2 -1.303340129272e+01 -8.429848684893e+00 1.089981251609e+02 6.220849514008e+00 -1.988335728645e+00
G1-1 896 3 -1.607175604873e+01 -1.015523267194e+01 1.084284764713e+02 4.698730945587e+00 -1.420026779175e+00
G1-1 896 4 -1.271765408248e+01 -1.168774326702e+01 1.046401946310e+02 7.352213859558e+00 -2.406015634537e+00
G1-1 897 1 -1.154173268640e+01 6.678085801963e+00 8.069096043319e+01 4.562183856964e+00 -1.271201610565e+00
G1-1 897 2 -1.290246088025e+01 3.770801548775e+00 7.887319455210e+01 4.714856624603e+00 -1.348894596100e+00
G1-1 897 3 -1.625656284650e+01 6.997059455355e+00 8.293388305633e+01 6.449017524719e+00 -2.102648019791e+00
G1-1 897 4 -1.625656284650e+01 8.106222016194e+00 7.882317014930e+01 6.906177997589e+00 -2.275726556778e+00
G1-1 898 1 1.565410256557e+00 1.857531084387e+00 6.330312846586e+01 8.621969223022e+00 -2.756705284119e+00
G1-1 898 2 5.087566253885e+00 2.499523985507e+00 6.616218103180e+01 8.659429550171e+00 -2.681718349457e+00
G1-1 898 3 5.885183244920e+00 -1.351179588488e-01 6.352566466830e+01 8.617895126343e+00 -2.764325380325e+00
G1-1 898 4 4.980697723734e+00 4.149522396896e+00 6.354401347442e+01 8.660002708435e+00 -2.680409193039e+00
G1-1 899 1 -9.948856570503e+00 2.572956668456e+00 9.071664283475e+01 8.035143852234e+00 -2.656598806381e+00
G1-1 899 2 -9.948856570503e+00 1.088325993023e+00 9.465288129704e+01 8.106657981873e+00 -2.704593658447e+00
G1-1 899 3 -1.215618619571e+01 4.128664387494e+00 9.487620301528e+01 5.696505069733e+00 -1.844661951065e+00
G1-1 899 4 -1.486997456465e+01 1.478960015226e+00 9.391696053604e+01 4.403106689453e+00 -1.382782220840e+00
G1-1 900 1 -8.508854002359e+00 5.456945417987e+00 8.924607409533e+01 7.408812522888e+00 -2.412114143372e+00
G1-1 900 2 -6.834265181334e+00 8.118918391840e+00 9.143610284978e+01 6.056011199951e+00 -1.920735716820e+00
G1-1 900 3 -1.044461423777e+01 9.549128774583e+00 8.943374109815e+01 4.721234798431e+00 -1.418943881989e+00
G1-1 900 4 -1.071618350969e+01 7.012653137025e+00 9.340563804805e+01 5.502475261688e+00 -1.748557686806e+00
G1-1 901 1 -9.908369185180e+00 -1.297193563641e+01 1.311537157418e+02 5.870892524719e+00 -1.889352321625e+00
G1-1 901 2 -1.103429941846e+01 -1.583931340661e+01 1.335119762035e+02 6.103402614594e+00 -1.979062438011e+00
G1-1 901 3 -1.082244514779e+01 -1.301238836690e+01 1.354034830836e+02 6.163205623627e+00 -2.003709793091e+00
G1-1 901 4 -1.482366560266e+01 -1.211443727422e+01 1.335312674760e+02 6.017813682556e+00 -1.951714277267e+00
G1-1 902 1 -1.435942352531e+01 -1.968974966233e+00 8.676192408457e+01 3.710039854050e+00 -1.000972867012e+00
G1-1 902 2 -1.771352549156e+01 3.413491131327e+00 8.708794984068e+01 6.469670295715e+00 -2.129243135452e+00
G1-1 902 3 -1.771352549156e+01 -1.968974966233e+00 8.676192408457e+01 5.256171703339e+00 -1.704792380333e+00
G1-1 902 4 -1.771352549156e+01 1.456829959052e-01 9.076851204876e+01 5.617863178253e+00 -1.842603087425e+00
G1-1 903 1 2.608723746890e+00 -2.368062540525e+00 9.481638110582e+01 8.002915382385e+00 -3.995924949646e+00
G1-1 903 2 4.986515863194e+00 -3.828965391042e+00 9.197354904032e+01 8.591046333313e+00 -2.819256305695e+00
G1-1 903 3 6.072860491545e+00 -2.368062540525e+00 9.481638110582e+01 8.058199882507e+00 -3.884819507599e+00
G1-1 903 4 5.208802383264e+00 -7.176664488923e+00 9.373946816698e+01 8.618462562561e+00 -2.763738632202e+00
G1-1 904 1 -8.120121589665e+00 -3.462937556130e+00 7.124252157885e+01 8.640472412109e+00 -2.719329357147e+00
G1-1 904 2 -6.901680935990e+00 -2.322873914125e+00 7.655479347476e+01 8.687454223633e+00 -2.625827074051e+00
G1-1 904 3 -6.141197601180e+00 -3.185225047840e-01 7.162933120176e+01 8.678270339966e+00 -2.644085407257e+00
G1-1 904 4 -9.231580714229e+00 -1.256872413435e+00 7.303099382032e+01 8.642298698425e+00 -2.716636180878e+00
G1-1 905 1 -7.230344958457e+00 -4.225647423230e+00 8.231502389332e+01 8.780113220215e+00 -2.440973758698e+00
G1-1 905 2 -6.421981367866e+00 -6.751606353898e+00 8.491891272080e+01 6.642953395844e+00 -1.353739142418e+00
G1-1 905 3 -9.560244736695e+00 -4.836696778678e+00 8.437924311631e+01 8.752037048340e+00 -2.498411178589e+00
G1-1 905 4 -9.560244736695e+00 -5.315854293820e+00 8.252588887309e+01 8.698479652405e+00 -2.607571363449e+00
G1-1 906 1 -8.302910267833e+00 -1.327408347908e+01 1.246473675955e+02 5.071239948273e+00 -1.564704895020e+00
G1-1 906 2 -1.048001909058e+01 -1.323035867036e+01 1.193298549152e+02 6.066002845764e+00 -1.930596947670e+00
G1-1 906 3 -7.382706835463e+00 -1.347853164462e+01 1.191526114776e+02 5.181488037109e+00 -1.586145281792e+00
G1-1 906 4 -8.805933534976e+00 -1.614146124927e+01 1.233902465781e+02 5.242048263550e+00 -1.627748847008e+00
G1-1 907 1 -1.430836029214e+01 -1.019159697203e+01 1.183870220155e+02 4.863983154297e+00 -1.471975207329e+00
G1-1 907 2 -1.427225038091e+01 -7.097488628623e+00 1.198580344290e+02 4.915974140167e+00 -1.496199488640e+00
G1-1 907 3 -1.704654835839e+01 -8.073597290280e+00 1.189364104334e+02 4.607159137726e+00 -1.365504384041e+00
G1-1 907 4 -1.704654835839e+01 -8.773066067653e+00 1.225162107344e+02 4.616064548492e+00 -1.385113477707e+00
G1-1 908 1 -1.156618857622e+01 -1.058766491057e+01 1.162484264807e+02 4.753261089325e+00 -1.411520719528e+00
G1-1 908 2 -8.468876085347e+00 -1.083583788483e+01 1.160711849292e+02 4.852821350098e+00 -1.446100354195e+00
G1-1 908 3 -1.126602188647e+01 -8.084664858098e+00 1.141836105234e+02 5.199493408203e+00 -1.585123658180e+00
G1-1 908 4 -1.153007819347e+01 -7.493556685039e+00 1.177194388943e+02 5.740923881531e+00 -1.805139064789e+00
G1-1 909 1 -1.071532872972e+01 -1.411642713065e+01 1.156182495541e+02 6.382215023041e+00 -2.040388345718e+00
G1-1 909 2 -1.009941435820e+01 -1.702752970956e+01 1.129301639288e+02 1.846584200859e+00 -1.541291270405e-02
G1-1 909 3 -7.618016120961e+00 -1.436460010491e+01 1.154410080025e+02 6.234423160553e+00 -1.977774500847e+00
G1-1 909 4 -8.241525726118e+00 -1.702752970956e+01 1.156732402578e+02 4.634069919586e+00 -1.377522826195e+00
G1-1 910 1 6.980867898767e+00 -8.075498441942e+00 5.838501269197e+01 5.982498645782e+00 -1.886524319649e+00
G1-1 910 2 8.594773145856e+00 -5.428444846742e+00 6.069725117052e+01 6.528499126434e+00 -2.080964088440e+00
G1-1 910 3 1.070363043427e+01 -9.395441356219e+00 6.038777876192e+01 5.142526149750e+00 -1.590072631836e+00
G1-1 910 4 1.084636271453e+01 -7.032029005609e+00 5.659834879405e+01 5.621661186218e+00 -1.791079163551e+00
G1-1 911 1 1.091588566259e+01 -1.010036451372e+01 7.600764556111e+01 7.829020500183e+00 -2.530101776123e+00
G1-1 911 2 6.366033110431e+00 -5.396391724285e+00 7.651978703982e+01 8.640583992004e+00 -2.719063758850e+00
G1-1 911 3 6.927698171531e+00 -9.783604448046e+00 7.715770087855e+01 8.603302955627e+00 -2.794216394424e+00
G1-1 911 4 9.720128300426e+00 -6.833863843215e+00 7.900956409133e+01 4.582084178925e+00 -1.030991792679e+00
G1-1 912 1 6.375113996807e+00 -6.213579568054e+00 5.732073480546e+01 6.364747047424e+00 -2.025197505951e+00
G1-1 912 2 7.989019361778e+00 -3.566525854974e+00 5.963297328400e+01 8.187417984009e+00 -2.687504768372e+00
G1-1 912 3 1.024060893045e+01 -5.170109895960e+00 5.553407090753e+01 5.402966022491e+00 -1.703016161919e+00
G1-1 912 4 8.137615727931e+00 -1.508225938489e+00 5.587942528769e+01 8.048843383789e+00 -2.651595592499e+00
G1-1 913 1 2.581198880163e+00 -1.639464425919e+01 5.958343388569e+01 3.215790748596e+00 -6.947277188301e-01
G1-1 913 2 4.891275023377e+00 -1.321872895990e+01 6.268587413942e+01 4.401863574982e+00 -1.214569091797e+00
G1-1 913 3 6.773826337975e+00 -1.639464425919e+01 5.958343388569e+01 3.532034635544e+00 -8.943133354187e-01
G1-1 913 4 4.431430318788e+00 -1.194846827002e+01 5.905360116781e+01 4.890625953674e+00 -1.447962045670e+00
G1-1 914 1 1.068161349224e+01 -1.147401550720e+01 7.285849464985e+01 7.163163185120e+00 -2.297855138779e+00
G1-1 914 2 6.764779323917e+00 -1.102106748063e+01 6.890484490995e+01 5.170291423798e+00 -1.485853552818e+00
G1-1 914 3 6.693425765421e+00 -1.115725579517e+01 7.400854996729e+01 5.556022167206e+00 -1.620229363441e+00
G1-1 914 4 8.094715968132e+00 -8.401718624377e+00 7.013533398365e+01 6.568858146667e+00 -2.039291620255e+00
G1-1 915 1 1.360234240209e+01 -1.016439689406e+01 6.471881668658e+01 6.056474208832e+00 -1.953396201134e+00
G1-1 915 2 1.166936133327e+01 -7.495366167049e+00 6.757881171889e+01 7.999425888062e+00 -2.617078065872e+00
G1-1 915 3 1.641460322570e+01 -9.477207153232e+00 6.960347068767e+01 4.814646720886e+00 -1.522943377495e+00
G1-1 915 4 1.641460322570e+01 -8.358658714794e+00 6.550697128039e+01 7.773780345917e+00 -2.725019216537e+00
G1-1 916 1 1.188272707203e+01 -1.323811896982e+01 7.079292956095e+01 4.496132850647e+00 -1.294785857201e+00
G1-1 916 2 7.965893139464e+00 -1.278517047173e+01 6.683927793497e+01 5.492419719696e+00 -1.652425289154e+00
G1-1 916 3 1.122881085249e+01 -1.283485257825e+01 6.520977009027e+01 5.341790676117e+00 -1.642341494560e+00
G1-1 916 4 9.848444218300e+00 -1.596108577103e+01 6.811867075976e+01 4.457337379456e+00 -1.266203999519e+00
G1-1 917 1 -8.475193163910e+00 3.641535912438e+00 5.609542053816e+01 5.365825176239e+00 -1.595907449722e+00
G1-1 917 2 -1.004220966333e+01 5.365555593372e+00 6.083793038650e+01 8.686591148376e+00 -2.627322673798e+00
G1-1 917 3 -7.700734780395e+00 8.427808147528e+00 5.721545223474e+01 8.662994384766e+00 -2.674539566040e+00
G1-1 917 4 -1.004220966333e+01 7.521763937332e+00 5.710326669534e+01 5.816067218781e+00 -1.325916051865e+00
G1-1 918 1 -1.386484378203e+01 -7.790212850731e+00 5.624183134195e+01 5.357296466827e+00 -1.695089340210e+00
G1-1 918 2 -1.657735356063e+01 -9.350644014298e+00 5.610912186622e+01 5.594830513000e+00 -1.788577675819e+00
G1-1 918 3 -1.225903300480e+01 -1.039934613153e+01 6.066460028101e+01 5.636478900909e+00 -1.788559198380e+00
G1-1 918 4 -1.657735356063e+01 -8.419995787317e+00 6.086552942707e+01 5.099322319031e+00 -1.592063188553e+00
G1-1 919 1 -1.771352549156e+01 -1.953094835892e-01 6.936192137616e+01 4.047937393188e+00 -1.217483401299e+00
G1-1 919 2 -1.771352549156e+01 -3.406148333242e+00 6.529153982833e+01 3.854207515717e+00 -1.103886604309e+00
G1-1 919 3 -1.771352549156e+01 1.960899237854e+00 6.562725862805e+01 4.514237880707e+00 -1.417007803917e+00
G1-1 919 4 -1.435942352531e+01 1.960898854742e+00 6.562726051414e+01 8.516385078430e+00 -2.968407630920e+00
G1-1 920 1 -1.639219446211e+01 -1.170972564314e+00 5.915243433842e+01 3.961621999741e+00 -1.206176161766e+00
G1-1 920 2 -1.211627743002e+01 -2.589641683901e+00 6.286681975501e+01 7.077700614929e+00 -2.300983428955e+00
G1-1 920 3 -1.303809249586e+01 9.054886291602e-01 6.315022301476e+01 8.325039863586e+00 -3.351001977921e+00
G1-1 920 4 -1.639219446211e+01 -4.461559383987e+00 6.281450421505e+01 4.950456142426e+00 -1.538361072540e+00
G1-1 921 1 -1.108719540939e+01 4.175688318964e+00 4.977091981521e+01 6.058053493500e+00 -1.969787120819e+00
G1-1 921 2 -8.739360049428e+00 3.328304046691e+00 5.294175639871e+01 8.534077644348e+00 -2.932547330856e+00
G1-1 921 3 -8.038944804311e+00 7.977572109640e+00 5.176965805581e+01 8.560385704041e+00 -2.880134344101e+00
G1-1 921 4 -1.030637654885e+01 7.208532218936e+00 5.394960161284e+01 4.230267047882e+00 -1.247756123543e+00
G1-1 922 1 -1.158317361325e+01 -4.829444691055e+00 6.808727897782e+01 7.639793395996e+00 -2.474237442017e+00
G1-1 922 2 -1.604873470407e+01 -5.834219223176e+00 6.580536778538e+01 3.419156789780e+00 -8.820932507515e-01
G1-1 922 3 -1.604873470407e+01 -2.623379518889e+00 6.987575121930e+01 6.497962474823e+00 -2.118645429611e+00
G1-1 922 4 -1.177281767198e+01 -3.962301464150e+00 6.585768615447e+01 6.475430011749e+00 -2.051702737808e+00
G1-1 923 1 7.888772475219e+00 2.304246917411e+00 9.442813545128e+01 7.218500137329e+00 -2.364357471466e+00
G1-1 923 2 9.947344047218e+00 5.416932852331e+00 9.480645456954e+01 5.675590991974e+00 -1.815224051476e+00
G1-1 923 3 7.984261544512e+00 3.875120222574e+00 9.046929458071e+01 7.488739967346e+00 -2.443787097931e+00
G1-1 923 4 6.196587656089e+00 6.471093715913e+00 9.283252286917e+01 5.692717552185e+00 -1.782672762871e+00
G1-1 924 1 1.156622930636e+01 -1.367399095654e+01 7.061239191593e+00 5.284222602844e+00 -2.207782506943e+00
G1-1 924 2 1.113103053305e+01 -1.273939508148e+01 1.043959618292e+01 5.459346771240e+00 -1.912914752960e+00
G1-1 924 3 8.385543030733e+00 -1.328124603352e+01 7.660382315791e+00 5.036371707916e+00 -2.157173871994e+00
G1-1 924 4 9.849305627473e+00 -1.609522350402e+01 9.119281481907e+00 5.062616348267e+00 -1.982408761978e+00
G1-1 925 1 -2.693954915884e+00 1.309468110238e+00 9.427167528872e+01 7.540413379669e+00 -2.464764356613e+00
G1-1 925 2 -6.158091601599e+00 2.794098870398e+00 9.033543682642e+01 7.126830577850e+00 -2.294349431992e+00
G1-1 925 3 -6.158091601599e+00 1.309468110238e+00 9.427167528872e+01 6.647719860077e+00 -2.145704030991e+00
G1-1 925 4 -4.483502780575e+00 5.456071726371e+00 9.252546369478e+01 6.601211547852e+00 -2.115569829941e+00
G1-1 926 1 1.286822187897e+01 -9.538469338067e-01 8.699056167109e+01 8.583228111267e+00 -2.834000349045e+00
G1-1 926 2 1.622232384522e+01 1.154114961098e+00 9.095591976258e+01 4.404406070709e+00 -1.389262914658e+00
G1-1 926 3 1.622232384522e+01 4.425442370976e+00 8.731404209836e+01 3.650880098343e+00 -1.058650374413e+00
G1-1 926 4 1.139669444884e+01 2.341050547052e+00 8.777423141181e+01 6.964176177979e+00 -2.253052949905e+00
G1-1 927 1 1.771352549156e+01 -1.972025941500e+00 8.674839440324e+01 5.932044029236e+00 -1.948523044586e+00
G1-1 927 2 1.435942352531e+01 -1.972025941500e+00 8.674839440324e+01 2.993546009064e+00 -5.477712750435e-01
G1-1 927 3 1.771352549156e+01 1.359357176435e-01 9.071375249473e+01 6.569073677063e+00 -2.179615020752e+00
G1-1 927 4 1.771352549156e+01 3.407263127522e+00 8.707187294441e+01 7.718107223511e+00 -2.624856472015e+00
G1-1 928 1 9.780496296632e+00 5.204646879412e+00 8.230047523963e+01 8.027203559875e+00 -2.605774879456e+00
G1-1 928 2 1.470161452654e+01 5.890655071683e+00 8.438913592216e+01 5.102271080017e+00 -1.591776013374e+00
G1-1 928 3 9.875985365926e+00 3.806263070938e+00 8.484932523561e+01 7.782081127167e+00 -2.525980710983e+00
G1-1 928 4 1.134751256029e+01 2.667573957879e+00 8.033099463287e+01 6.670536994934e+00 -2.060480833054e+00
G1-1 929 1 3.188292787060e+00 -1.367592136935e+01 1.121155991872e+01 4.978972434998e+00 -2.085259675980e+00
G1-1 929 2 5.115461063102e+00 -1.407390537071e+01 8.328456288225e+00 4.755697727203e+00 -2.192944049835e+00
G1-1 929 3 6.579223895604e+00 -1.688788284121e+01 9.787355454342e+00 4.736303329468e+00 -2.120403289795e+00
G1-1 929 4 2.386596467262e+00 -1.688788284121e+01 9.787355454342e+00 4.549835205078e+00 -2.593103408813e+00
G1-1 930 1 -1.226690461764e+01 -1.483076367706e+01 6.532144879258e+00 5.663950443268e+00 -2.887799739838e+00
G1-1 930 2 -1.524005873428e+01 -1.782479392578e+01 7.992684254085e+00 4.528429508209e+00 -1.471311211586e+00
G1-1 930 3 -1.104743127646e+01 -1.782479392578e+01 3.610851175560e+00 5.354316234589e+00 -2.298706769943e+00
G1-1 930 4 -1.104743127646e+01 -1.782479392578e+01 7.992684254085e+00 3.214070558548e+00 -9.900389313698e-01
G1-1 931 1 1.103951362481e+01 -6.428816560157e+00 5.794693800748e+00 4.341163635254e+00 -2.616070508957e+00
G1-1 931 2 1.634536651835e+01 -7.096159825908e+00 6.832563152291e+00 5.461220264435e+00 -2.880183219910e+00
G1-1 931 3 1.386966273943e+01 -1.048681070829e+01 5.179186542290e+00 5.112779617310e+00 -3.182486295700e+00
G1-1 931 4 1.634536651835e+01 -8.715415797951e+00 2.855395989841e+00 4.872420787811e+00 -3.643682718277e+00
G1-1 932 1 7.948035543498e+00 -2.786043790535e+00 2.043029921722e+01 6.558264255524e+00 -2.174088716507e+00
G1-1 932 2 6.447304276992e+00 -7.634282556347e+00 2.235017576626e+01 6.297621250153e+00 -2.085735797882e+00
G1-1 932 3 9.142013563851e+00 -4.843566029922e+00 2.430758567983e+01 6.503204822540e+00 -2.146873712540e+00
G1-1 932 4 3.713289646958e+00 -2.189717638111e+00 2.266395616713e+01 6.750911712646e+00 -2.235633611679e+00
G1-1 933 1 9.058018818706e+00 -1.156394104593e+01 2.414289467729e+01 5.126159667969e+00 -1.669674992561e+00
G1-1 933 2 1.175272792874e+01 -8.773224342680e+00 2.610030411934e+01 5.457003116608e+00 -1.777050733566e+00
G1-1 933 3 1.056928820102e+01 -1.472694265994e+01 2.734164022383e+01 5.096104145050e+00 -1.662841558456e+00
G1-1 933 4 1.476191565883e+01 -1.082477678193e+01 2.513941177300e+01 6.041014194489e+00 -1.994638085365e+00
G1-1 934 1 2.693940582486e+00 -5.401704844922e+00 2.940342500814e+01 6.353278636932e+00 -2.082083940506e+00
G1-1 934 2 2.814874256815e+00 -1.614842192540e+00 2.550827480058e+01 7.075487136841e+00 -2.341213703156e+00
G1-1 934 3 6.997235031486e+00 -2.008534612459e+00 2.827009175058e+01 7.315620422363e+00 -2.417937994003e+00
G1-1 934 4 8.243597864272e+00 -4.268690606454e+00 2.715190289871e+01 6.466664314270e+00 -2.124781847000e+00
G1-1 935 1 5.788242801529e+00 -1.392270935065e+01 3.220712943190e+01 4.116758823395e+00 -1.277735948563e+00
G1-1 935 2 2.989146633646e+00 -1.686374769222e+01 2.930314208776e+01 3.619822263718e+00 -1.107852935791e+00
G1-1 935 3 5.670504709145e+00 -1.370074607821e+01 2.610439606970e+01 4.641217708588e+00 -1.494153261185e+00
G1-1 935 4 7.181774091458e+00 -1.686374769222e+01 2.930314208776e+01 3.688839673996e+00 -1.137493968010e+00
G1-1 936 1 -2.683977854463e+00 -1.395809747161e+01 2.347122564056e+01 4.574782848358e+00 -1.482433438301e+00
G1-1 936 2 2.680739629577e+00 -1.370909984459e+01 2.300771865882e+01 4.740890979767e+00 -1.542193055153e+00
G1-1 936 3 -6.184459216872e-04 -1.687210193012e+01 2.620646467688e+01 3.936614036560e+00 -1.247419714928e+00
G1-1 936 4 -6.184459216871e-04 -1.687210193012e+01 2.182463245135e+01 4.297169685364e+00 -1.398248791695e+00
G1-1 937 1 1.792057146977e+01 9.269368746876e+00 1.404533969154e+02 5.696436405182e+00 -1.846648693085e+00
G1-1 937 2 1.523648486283e+01 1.258926188584e+01 1.420445314684e+02 5.712364196777e+00 -1.868869781494e+00
G1-1 937 3 1.792057146977e+01 1.507877537337e+01 1.400534155664e+02 6.098633766174e+00 -2.012077093124e+00
G1-1 937 4 1.792057146977e+01 1.149736400582e+01 1.371817493115e+02 5.975578308105e+00 -1.955818772316e+00
G1-1 938 1 9.317240745942e+00 7.552491874325e+00 1.442275260355e+02 5.041083335876e+00 -1.616459012032e+00
G1-1 938 2 1.489985550166e+01 7.348365617984e+00 1.431510938241e+02 4.795268058777e+00 -1.511440277100e+00
G1-1 938 3 1.221576913048e+01 1.066825875695e+01 1.447422208327e+02 5.700907707214e+00 -1.864936709404e+00
G1-1 938 4 1.070722804385e+01 8.965144786664e+00 1.471329434874e+02 5.305595874786e+00 -1.718899130821e+00
G1-1 939 1 1.394089172729e+01 1.419559063001e+01 1.468705009472e+02 6.166102886200e+00 -2.040359735489e+00
G1-1 939 2 1.662497833423e+01 1.249247713125e+01 1.492612236019e+02 5.875632762909e+00 -1.927494168282e+00
G1-1 939 3 1.662497833423e+01 1.668510458906e+01 1.492612236019e+02 6.712463378906e+00 -2.236342430115e+00
G1-1 939 4 1.243235087641e+01 1.668510458906e+01 1.492612236019e+02 6.532587051392e+00 -2.216898918152e+00
G1-1 940 1 1.523648486283e+01 1.419559063001e+01 1.455164408355e+02 6.182537555695e+00 -2.044349908829e+00
G1-1 940 2 1.792057146977e+01 1.249247713125e+01 1.479071597180e+02 5.724730491638e+00 -1.872026562691e+00
G1-1 940 3 1.792057146977e+01 1.668510458906e+01 1.435253249335e+02 6.675347328186e+00 -2.221843719482e+00
G1-1 940 4 1.792057146977e+01 1.668510458906e+01 1.479071597180e+02 6.595395088196e+00 -2.193765640259e+00
G1-1 941 1 7.284315760882e+00 1.454142885556e+01 1.447691115356e+02 6.347804546356e+00 -2.131249904633e+00
G1-1 941 2 9.237574469842e+00 1.716879636074e+01 1.471663670303e+02 6.340428352356e+00 -2.254966735840e+00
G1-1 941 3 1.074611543859e+01 1.467928263744e+01 1.447756519199e+02 6.432568073273e+00 -2.141140222549e+00
G1-1 941 4 9.237574469842e+00 1.716879636074e+01 1.427845360180e+02 6.290380477905e+00 -2.192365884781e+00
G1-1 942 1 1.523648486283e+01 1.240038549095e+01 1.442859816204e+02 6.115556716919e+00 -2.014421939850e+00
G1-1 942 2 1.792057146977e+01 9.080492587751e+00 1.426948508397e+02 4.799929141998e+00 -1.514135241508e+00
G1-1 942 3 1.792057146977e+01 1.488989921424e+01 1.422948657185e+02 6.361898422241e+00 -2.105992317200e+00
G1-1 942 4 1.792057146977e+01 1.069727175643e+01 1.466767005030e+02 5.513213157654e+00 -1.787352681160e+00
G1-1 943 1 -6.071104990235e+00 -1.407775211791e+01 1.131588062554e+02 4.496939182281e+00 -1.270649671555e+00
G1-1 943 2 -5.182027292384e+00 -1.290131905918e+01 1.098163444014e+02 5.448477268219e+00 -1.636324167252e+00
G1-1 943 3 -5.675095452659e+00 -1.674068148680e+01 1.095253838105e+02 7.887685775757e+00 -2.583848476410e+00
G1-1 943 4 -8.552503227475e+00 -1.674068148680e+01 1.106479640678e+02 3.668169260025e+00 -9.605461359024e-01
G1-1 944 1 -4.503610975357e+00 -1.407775211791e+01 1.136243887288e+02 5.226558208466e+00 -1.552740454674e+00
G1-1 944 2 -4.107601378841e+00 -1.674068148680e+01 1.099909625117e+02 4.447898387909e+00 -1.240445733070e+00
G1-1 944 3 -3.614533130156e+00 -1.290131905918e+01 1.102819249887e+02 5.447411537170e+00 -1.617439627647e+00
G1-1 944 4 -1.912491483865e+00 -1.674068148680e+01 1.126201950844e+02 4.854121685028e+00 -1.402652978897e+00
G1-1 945 1 -6.527927915366e+00 -1.417366349402e+01 1.252937829564e+02 5.244989395142e+00 -1.635540843010e+00
G1-1 945 2 -7.030951182509e+00 -1.704104126422e+01 1.240366600530e+02 5.271295070648e+00 -1.641314268112e+00
G1-1 945 3 -5.607724306175e+00 -1.437811189533e+01 1.197990287246e+02 4.947025299072e+00 -1.494187593460e+00
G1-1 945 4 -2.961072835560e+00 -1.704104126422e+01 1.220681143257e+02 5.431641101837e+00 -1.695331931114e+00
G1-1 946 1 -3.285008187782e+00 -1.411122367093e+01 1.163787975817e+02 6.140321254730e+00 -1.931116104126e+00
G1-1 946 2 -7.030910296409e-01 -1.304310783179e+01 1.160472664336e+02 5.806921482086e+00 -1.797590494156e+00
G1-1 946 3 -6.383567687397e-01 -1.677415327558e+01 1.186478812968e+02 4.980779647827e+00 -1.498378157616e+00
G1-1 946 4 -6.938887331280e-01 -1.677415327558e+01 1.153746020512e+02 4.366089344025e+00 -1.220166802406e+00
G1-1 947 1 -1.412919108766e+01 -1.493931771476e+01 1.153602241832e+02 4.828763961792e+00 -1.499244332314e+00
G1-1 947 2 -1.686737891815e+01 -1.785042005791e+01 1.126721385579e+02 4.712694168091e+00 -1.541730165482e+00
G1-1 947 3 -1.351327695190e+01 -1.785042005791e+01 1.126721385579e+02 1.615024089813e+00 -1.039458960295e-01
G1-1 947 4 -1.686737891815e+01 -1.785042005791e+01 1.170910614450e+02 6.848888874054e+00 -2.315337419510e+00
G1-1 948 1 -1.422676249586e+01 -1.057231291522e+01 1.152043078459e+02 4.504725456238e+00 -1.307294845581e+00
G1-1 948 2 -1.696495009059e+01 -8.454313115593e+00 1.157536924917e+02 4.285555362701e+00 -1.210888862610e+00
G1-1 948 3 -1.392659557034e+01 -8.069312509113e+00 1.131394881164e+02 5.219703674316e+00 -1.582007169724e+00
G1-1 948 4 -1.696495009059e+01 -9.794696378283e+00 1.125698394268e+02 5.518628597260e+00 -1.699046611786e+00
G1-1 949 1 -4.511846286444e+00 -7.846811127488e+00 1.199375166873e+02 5.944311618805e+00 -1.882223367691e+00
G1-1 949 2 -5.952454644592e+00 -1.106523541294e+01 1.245349314324e+02 5.414440631866e+00 -1.695174574852e+00
G1-1 949 3 -5.032251153281e+00 -1.126968357848e+01 1.190401790868e+02 5.424637794495e+00 -1.675733208656e+00
G1-1 949 4 -2.466961150687e+00 -9.959331282457e+00 1.221938654083e+02 5.672548770905e+00 -1.783560872078e+00
G1-1 950 1 -8.826296535197e-01 -1.108972270404e+01 7.933682732483e+00 4.637275695801e+00 -2.767828941345e+00
G1-1 950 2 3.330113464321e+00 -1.120942395806e+01 7.934689689823e+00 4.687419414520e+00 -3.070415496826e+00
G1-1 950 3 5.002485866883e-01 -7.687425065615e+00 9.579240484484e+00 5.086100578308e+00 -2.598730325699e+00
G1-1 950 4 1.402945203013e+00 -1.081143995670e+01 1.081779332032e+01 5.096681594849e+00 -2.054972648621e+00
G1-1 951 1 -3.856988374279e+00 -1.204180057204e+01 3.421223176780e+01 4.325434207916e+00 -1.338050723076e+00
G1-1 951 2 -9.627305334868e-01 -1.022416921734e+01 3.679911421884e+01 4.616483688354e+00 -1.429008126259e+00
G1-1 951 3 -9.536371689007e-01 -1.491988638032e+01 3.714021046174e+01 3.341243505478e+00 -9.351211190224e-01
G1-1 951 4 -1.127227282187e+00 -1.009918230153e+01 3.376856112060e+01 4.997571468353e+00 -1.584508061409e+00
G1-1 952 1 -1.124794031186e+01 -1.199375859776e+01 3.086952302564e+01 5.356050968170e+00 -1.743913650513e+00
G1-1 952 2 -1.090300370717e+01 -9.727628283617e+00 3.502564203412e+01 5.485396862030e+00 -1.775496959686e+00
G1-1 952 3 -9.778292685898e+00 -1.518688747119e+01 3.624784002324e+01 3.971260547638e+00 -1.221080422401e+00
G1-1 952 4 -8.489016335384e+00 -1.230880166291e+01 3.331986227235e+01 4.890368461609e+00 -1.564483761787e+00
G1-1 953 1 -3.854178386202e+00 -1.349285697618e+01 3.296357516940e+01 4.276962280273e+00 -1.332309842110e+00
G1-1 953 2 -1.124417279376e+00 -1.155023870567e+01 3.251990405068e+01 4.401754856110e+00 -1.370526075363e+00
G1-1 953 3 -9.508271647075e-01 -1.637094278446e+01 3.589155292029e+01 3.203386783600e+00 -8.947828412056e-01
G1-1 953 4 -9.508271647075e-01 -1.637094278446e+01 3.150971898878e+01 3.570843696594e+00 -1.073001265526e+00
G1-1 954 1 -4.463390227682e+00 -1.255646188951e+01 2.657518376380e+01 4.793735980988e+00 -1.546411275864e+00
G1-1 954 2 -4.683382044319e+00 -1.259238030398e+01 3.076427850923e+01 4.559373855591e+00 -1.445600748062e+00
G1-1 954 3 -1.780030822824e+00 -1.547046611226e+01 2.931042280012e+01 3.899854421616e+00 -1.209507822990e+00
G1-1 954 4 -1.953620933809e+00 -1.064976203347e+01 3.032060786202e+01 4.964172363281e+00 -1.588727355003e+00
G1-1 955 1 -5.500136345554e+00 -1.035479690142e+01 3.383455152725e+01 5.155193805695e+00 -1.650233030319e+00
G1-1 955 2 -7.914123422636e+00 -7.773623404244e+00 3.554033128902e+01 5.882394313812e+00 -1.908424854279e+00
G1-1 955 3 -2.605878429705e+00 -8.537165310952e+00 3.642143303525e+01 5.072565078735e+00 -1.599380135536e+00
G1-1 955 4 -2.770375249778e+00 -8.412178513026e+00 3.339088088005e+01 5.539673805237e+00 -1.783870697021e+00
G1-1 956 1 1.071196966757e+01 -1.380251156889e+01 1.452302082385e+02 5.962171077728e+00 -1.937869906425e+00
G1-1 956 2 9.309192250372e+00 -1.239968375229e+01 1.479120499606e+02 5.731757164001e+00 -1.853970170021e+00
G1-1 956 3 7.693456599816e+00 -1.659231121011e+01 1.438371316597e+02 6.005009174347e+00 -1.950350642204e+00
G1-1 956 4 9.309192250372e+00 -1.659231121011e+01 1.479120499606e+02 6.467234611511e+00 -2.119550704956e+00
G1-1 957 1 3.186574736170e+00 6.465271423250e+00 1.043907571473e+02 5.460120677948e+00 -1.723840832710e+00
G1-1 957 2 4.262882903518e+00 1.030187136530e+01 1.045583496507e+02 4.392459869385e+00 -1.310145139694e+00
G1-1 957 3 1.424923123478e+00 9.052338504740e+00 1.028075489585e+02 4.218695640564e+00 -1.224364042282e+00
G1-1 957 4 1.436459833465e+00 8.442104752925e+00 1.079333192191e+02 4.763227939606e+00 -1.459201574326e+00
G1-1 958 1 -7.057844178419e+00 -1.240470224552e+01 1.136983035520e+02 5.064030647278e+00 -1.500119566917e+00
G1-1 958 2 -9.854989979546e+00 -9.653528747265e+00 1.118107310323e+02 5.398840427399e+00 -1.640986919403e+00
G1-1 958 3 -6.168766598449e+00 -1.122826918679e+01 1.103558416979e+02 5.462435722351e+00 -1.637632250786e+00
G1-1 958 4 -9.539242415659e+00 -1.506763161441e+01 1.111874613643e+02 5.427275657654e+00 -1.691754817963e+00
G1-1 959 1 -3.828128325517e+00 -1.292479543323e+01 1.146447315844e+02 5.484876155853e+00 -1.665657639503e+00
G1-1 959 2 -2.939050568726e+00 -1.174836261026e+01 1.113022678443e+02 5.268847942352e+00 -1.546070337296e+00
G1-1 959 3 -1.246211171059e+00 -1.185667959409e+01 1.143132042085e+02 6.064469814301e+00 -1.883433103561e+00
G1-1 959 4 -1.237008874546e+00 -1.558772503788e+01 1.136405379400e+02 5.628700256348e+00 -1.717154741287e+00
G1-1 960 1 -6.935560859995e+00 -1.138485438595e+01 1.084258770032e+02 6.789220333099e+00 -2.149765968323e+00
G1-1 960 2 -1.062178412321e+01 -9.810113946428e+00 1.098807644515e+02 6.605042934418e+00 -2.104399681091e+00
G1-1 960 3 -1.030603679509e+01 -1.306800829279e+01 1.055228339215e+02 7.403893947601e+00 -2.401350975037e+00
G1-1 960 4 -1.030603679509e+01 -1.522421657781e+01 1.092574966696e+02 3.522272348404e+00 -9.238734245300e-01
G1-1 961 1 -1.719851676660e+00 -1.171070440406e+01 1.102851934935e+02 5.721138954163e+00 -1.708753585815e+00
G1-1 961 2 -1.781001195058e-02 -1.555006683168e+01 1.126234635892e+02 5.407950878143e+00 -1.612932443619e+00
G1-1 961 3 1.336480934530e+00 -1.276527321118e+01 1.103363354962e+02 6.575514793396e+00 -2.049894809723e+00
G1-1 961 4 -2.701230846347e-02 -1.181902162365e+01 1.132961298577e+02 6.069146156311e+00 -1.872797250748e+00
G1-1 962 1 -2.177686865562e+00 -4.488391426556e+00 1.155648664789e+02 6.400437355042e+00 -2.048644542694e+00
G1-1 962 2 -9.897044063044e-01 -2.691148169274e+00 1.119908426413e+02 6.682233333588e+00 -2.154589891434e+00
G1-1 962 3 2.210188839461e+00 -1.816619699792e+00 1.121739956092e+02 8.107377052307e+00 -2.671377420425e+00
G1-1 962 4 -1.161745226858e-01 -6.843148215232e+00 1.143359996163e+02 7.383438110352e+00 -2.392260074615e+00
G1-1 963 1 -8.109123550656e-01 -1.103347770529e+01 1.018954700732e+02 8.587075233459e+00 -2.831192493439e+00
G1-1 963 2 -3.435079859852e+00 -1.228718309528e+01 1.009571513135e+02 7.830050945282e+00 -4.356072425842e+00
G1-1 963 3 -8.109123550656e-01 -1.387229430982e+01 9.955307490703e+01 7.111045837402e+00 -5.806460857391e+00
G1-1 963 4 -8.109123550656e-01 -1.464689035622e+01 1.008947156935e+02 6.685855388641e+00 -6.646060466766e+00
G1-1 964 1 -4.613801001174e+00 -1.301447209504e+01 1.030830133173e+02 8.616943359375e+00 -2.766717910767e+00
G1-1 964 2 -4.143378494125e+00 -1.627663405695e+01 1.061443751707e+02 4.822130680084e+00 -1.352065682411e+00
G1-1 964 3 -1.989633525857e+00 -1.537417935598e+01 1.030205776973e+02 8.610449790955e+00 -2.779504776001e+00
G1-1 964 4 -3.650310363320e+00 -1.243727186509e+01 1.064353376477e+02 5.967621326447e+00 -1.755052685738e+00
G1-1 965 1 -7.148494497408e+00 9.700898829453e+00 5.905702274120e+01 8.946451187134e+00 -2.108474254608e+00
G1-1 965 2 -9.489969498224e+00 9.274012583407e+00 6.079819315100e+01 9.113510131836e+00 -1.774176239967e+00
G1-1 965 3 -9.489969498224e+00 6.638646452118e+00 6.267950089296e+01 9.014281272888e+00 -1.972881197929e+00
G1-1 965 4 -6.135865660425e+00 8.555276821301e+00 6.204308243969e+01 8.819709777832e+00 -2.361635684967e+00
G1-1 966 1 -7.821007158495e+00 -9.242106323338e+00 6.490617925007e+01 3.939872980118e+00 -9.720978140831e-01
G1-1 966 2 -3.806542710678e+00 -6.695406934039e+00 6.711881306181e+01 8.575858116150e+00 -2.784691095352e+00
G1-1 966 3 -7.863410800112e+00 -5.390838043280e+00 6.515942770826e+01 5.903638839722e+00 -1.795717835426e+00
G1-1 966 4 -7.673766741388e+00 -6.257981211245e+00 6.738902053162e+01 7.038116931915e+00 -2.222964286804e+00
G1-1 967 1 -7.484294643689e+00 1.134518868873e+01 5.511782513224e+01 8.719019889832e+00 -2.563480615616e+00
G1-1 967 2 -7.558337782086e+00 1.120818448712e+01 5.282569414971e+01 7.014654159546e+00 -5.981228828430e+00
G1-1 967 3 -9.825769644504e+00 1.043914483218e+01 5.500563959284e+01 7.278826236725e+00 -1.197511196136e+00
G1-1 967 4 -9.825769644504e+00 1.307451060983e+01 5.312433279392e+01 8.817909240723e+00 -2.366722345352e+00
G1-1 968 1 -5.334664021382e+00 1.288435576647e+01 5.887564084663e+01 8.625343322754e+00 -2.752228736877e+00
G1-1 968 2 -4.322035213869e+00 1.173873411196e+01 6.186170054512e+01 8.642410278320e+00 -2.716651916504e+00
G1-1 968 3 -2.644986043353e+00 1.629072890645e+01 6.126398158684e+01 6.837480545044e+00 -2.137076377869e+00
G1-1 968 4 -6.837613589575e+00 1.629072890645e+01 6.126398158684e+01 4.763685703278e+00 -1.267708301544e+00
G1-1 969 1 2.222351752014e+00 1.119800211030e+01 5.022141616517e+01 6.803851127625e+00 -6.396951675415e+00
G1-1 969 2 -1.629230991356e-01 1.017120630402e+01 4.921777867171e+01 6.462369441986e+00 -7.080215930939e+00
G1-1 969 3 -2.810044860047e+00 1.129207222701e+01 5.351506922041e+01 7.977774143219e+00 -4.050920486450e+00
G1-1 969 4 -1.203669031993e-01 1.302139414810e+01 5.152157593905e+01 7.303329944611e+00 -5.397656917572e+00
G1-1 970 1 5.688384748128e+00 1.126709416553e+01 5.812257787018e+01 8.587820053101e+00 -2.831203937531e+00
G1-1 970 2 7.600374673962e+00 5.274895117963e+00 5.634936812880e+01 8.456461906433e+00 -2.692777156830e+00
G1-1 970 3 9.018794689349e+00 8.581458333944e+00 5.717453064393e+01 7.267231941223e+00 -1.863578557968e+00
G1-1 970 4 6.547293081325e+00 7.501235571959e+00 6.012126398819e+01 8.614921569824e+00 -2.772508382797e+00
G1-1 971 1 1.667884309400e+00 1.249482780767e+01 5.936964445411e+01 8.687252998352e+00 -2.626216173172e+00
G1-1 971 2 -1.709907810330e+00 9.569613942377e+00 6.151984340880e+01 8.652381896973e+00 -2.696481227875e+00
G1-1 971 3 -2.722536588372e+00 1.071523583265e+01 5.853378371030e+01 8.582737922668e+00 -2.840521574020e+00
G1-1 971 4 2.526792583656e+00 8.728969096226e+00 6.136833151517e+01 8.683183670044e+00 -2.634532451630e+00
G1-1 972 1 -1.678459575354e+00 4.564999138364e+00 6.167063721357e+01 8.622241020203e+00 -2.756866931915e+00
G1-1 972 2 -3.512501221265e+00 8.843257231498e+00 5.907697441727e+01 8.601980209351e+00 -2.799931049347e+00
G1-1 972 3 -2.499872413752e+00 7.697635223347e+00 6.206303411577e+01 8.660778999329e+00 -2.679825782776e+00
G1-1 972 4 1.736827921294e+00 6.856990377197e+00 6.191152222214e+01 8.653401374817e+00 -2.694257497787e+00
G1-1 973 1 -4.024147170209e+00 4.232501403199e+00 6.191412078973e+01 8.614936828613e+00 -2.772101163864e+00
G1-1 973 2 -5.858188816121e+00 8.510759378453e+00 5.932045799343e+01 8.623970985413e+00 -2.754899024963e+00
G1-1 973 3 -8.199663934817e+00 5.448507118999e+00 6.294293520215e+01 8.690344810486e+00 -2.621428489685e+00
G1-1 973 4 -4.845559979137e+00 7.365137488182e+00 6.230651769193e+01 8.626049041748e+00 -2.750379323959e+00
G1-1 974 1 -7.856661914206e+00 -3.279145178778e+00 7.814200471887e+01 8.702791213989e+00 -2.594938993454e+00
G1-1 974 2 -1.018656169244e+01 -4.369352461950e+00 7.835286592646e+01 8.786895751953e+00 -2.356949567795e+00
G1-1 974 3 -1.018656169244e+01 -2.213143928585e+00 7.461820506443e+01 7.340962409973e+00 -1.665142893791e+00
G1-1 974 4 -9.075102567880e+00 -4.419208864989e+00 7.282973282296e+01 6.442420482635e+00 -1.748918414116e+00
G1-1 975 1 5.699476487086e+00 2.767461685991e+00 7.408945416070e+01 8.624676704407e+00 -2.752475261688e+00
G1-1 975 2 6.225057038647e+00 2.030090275590e+00 7.114197700721e+01 8.723466873169e+00 -2.554074525833e+00
G1-1 975 3 8.589690352281e+00 4.478948550847e-01 7.304640160181e+01 8.907856941223e+00 -2.184823036194e+00
G1-1 975 4 5.235595162285e+00 -2.708414709403e-01 7.429129107061e+01 8.775549888611e+00 -2.449462175369e+00
G1-1 976 1 -6.793771503918e+00 1.091354246256e+01 6.306392306285e+01 8.638326644897e+00 -2.724706411362e+00
G1-1 976 2 -1.077395361512e+01 1.322204611458e+01 6.461551347840e+01 4.053071498871e+00 -8.084543943405e-01
G1-1 976 3 -9.309349732273e+00 1.546553725705e+01 6.246620599065e+01 6.910914897919e+00 -2.123915672302e+00
G1-1 976 4 -1.014787522384e+01 1.163227775315e+01 6.181903566025e+01 4.188823699951e+00 -4.093433320522e-01
G1-1 977 1 3.103040404144e+00 4.385511857027e+00 7.287502039991e+01 8.664361953735e+00 -2.671740770340e+00
G1-1 977 2 -9.786686047722e-01 3.004294861095e+00 7.043030522246e+01 8.695380210876e+00 -2.609742164612e+00
G1-1 977 3 1.208837920526e+00 5.644979150654e+00 7.054853371910e+01 8.694064140320e+00 -2.612142324448e+00
G1-1 977 4 3.628620955705e+00 3.648140476095e+00 6.992754324642e+01 8.655496597290e+00 -2.690439939499e+00
G1-1 978 1 3.521894520554e+00 1.662051627187e+01 5.707696814780e+01 8.530740737915e+00 -2.939747810364e+00
G1-1 978 2 1.821151600811e+00 1.824729720106e+01 5.424761506567e+01 4.775781631470e+00 -3.144638538361e+00
G1-1 978 3 1.821151600811e+00 1.824729720106e+01 5.862944814420e+01 2.725032806396e+00 -6.824837327003e-01
G1-1 978 4 6.013779029152e+00 1.824729720106e+01 5.424761506567e+01 2.763609170914e+00 -1.475001335144e+00
G1-1 979 1 -1.133836432712e+01 1.301781900515e+01 7.277755581672e+01 4.284968852997e+00 -1.142432451248e+00
G1-1 979 2 -7.049759366590e+00 1.324555277009e+01 7.175364628978e+01 8.246714591980e+00 -2.661358118057e+00
G1-1 979 3 -1.105020606212e+01 1.393203542538e+01 6.920485088530e+01 3.211251974106e+00 -5.644679665565e-01
G1-1 979 4 -9.585602415035e+00 1.617552633209e+01 7.143737382705e+01 4.915469646454e+00 -1.389823198318e+00
G1-1 980 1 9.313358060164e+00 -1.702223648151e+01 8.023143845583e+01 3.952710151672e+00 -9.656843543053e-01
G1-1 980 2 1.106778567536e+01 -1.447080253627e+01 8.238358223283e+01 5.433715343475e+00 -1.604943394661e+00
G1-1 980 3 7.359453187070e+00 -1.398250949675e+01 7.967391590386e+01 7.074312686920e+00 -2.218122959137e+00
G1-1 980 4 9.313358060164e+00 -1.702223648151e+01 8.461326982837e+01 3.162331104279e+00 -5.717042684555e-01
G1-1 981 1 1.509803873077e+01 -1.195246851538e+01 1.438947850154e+02 6.177704334259e+00 -2.017152547836e+00
G1-1 981 2 1.788788888926e+01 -1.054964046303e+01 1.465766305097e+02 6.411502838135e+00 -2.101370811462e+00
G1-1 981 3 1.788788888926e+01 -1.474226792084e+01 1.421577038504e+02 7.341511249542e+00 -2.433602809906e+00
G1-1 981 4 1.788788888926e+01 -8.755402325141e+00 1.425991307466e+02 5.738976955414e+00 -1.853746414185e+00
G1-1 982 1 -1.792247714404e-01 -1.690312871677e+01 8.005633516353e+01 5.441769123077e+00 -1.598316192627e+00
G1-1 982 2 -1.792247714404e-01 -1.690312871677e+01 8.443816653607e+01 4.314539432526e+00 -1.156641602516e+00
G1-1 982 3 2.059497931158e+00 -1.386340196778e+01 7.949881261156e+01 7.477549076080e+00 -2.367469310760e+00
G1-1 982 4 -2.997931017672e+00 -1.396625444755e+01 8.164183278356e+01 8.603723526001e+00 -2.792754411697e+00
G1-1 983 1 2.209633008278e+00 -1.165607373357e+01 9.191620169022e+01 8.647591590881e+00 -2.706736803055e+00
G1-1 983 2 -2.283335149702e+00 -1.048640509404e+01 8.879027362228e+01 8.654159545898e+00 -2.692755937576e+00
G1-1 983 3 -3.904455691567e-01 -1.504012103613e+01 8.948474237239e+01 8.586853981018e+00 -2.827840566635e+00
G1-1 983 4 -2.361142969350e+00 -1.097246376541e+01 9.196128933415e+01 8.691030502319e+00 -2.619059324265e+00
G1-1 984 1 4.182693508551e+00 -1.091119366183e+01 8.424433762041e+01 7.299775123596e+00 -2.215301513672e+00
G1-1 984 2 4.744358422300e+00 -1.314219988801e+01 8.114759212298e+01 5.793482303619e+00 -1.721350789070e+00
G1-1 984 3 6.698263236454e+00 -1.618192687277e+01 8.608694604749e+01 6.870913028717e+00 -2.202663183212e+00
G1-1 984 4 2.505635808112e+00 -1.618192687277e+01 8.608694604749e+01 8.579631805420e+00 -2.841220855713e+00
G1-1 985 1 3.882074313071e+00 -2.127799489779e+00 8.215792782371e+01 8.662591934204e+00 -2.675898313522e+00
G1-1 985 2 4.572984486180e+00 -5.143862044270e+00 8.243737490546e+01 8.752276420593e+00 -2.496061086655e+00
G1-1 985 3 4.572984486180e+00 -2.987655251988e+00 7.870271556931e+01 8.748244285583e+00 -2.504058361053e+00
G1-1 985 4 7.927079852997e+00 -4.425127429858e+00 8.119249073472e+01 8.835414886475e+00 -2.329766988754e+00
G1-1 986 1 6.279553240067e+00 -8.271909772064e+00 8.260123857851e+01 8.648781776428e+00 -2.702550649643e+00
G1-1 986 2 1.054955055370e+01 -1.099120915564e+01 8.221415752395e+01 7.317688941956e+00 -2.272749900818e+00
G1-1 986 3 6.841218065406e+00 -1.050291564460e+01 7.950449119499e+01 5.298467636108e+00 -1.419046521187e+00
G1-1 986 4 9.633648430062e+00 -7.553175098711e+00 8.135635629386e+01 8.622790336609e+00 -2.754928827286e+00
G1-1 987 1 -3.005387888734e-01 2.317029123084e+00 8.488733178306e+01 8.344482421875e+00 -2.680114269257e+00
G1-1 987 2 -3.076234180894e+00 6.369486519447e+00 8.877154984072e+01 6.823005676270e+00 -2.169162034988e+00
G1-1 987 3 -1.182953740496e+00 5.084608528051e+00 8.400026079714e+01 8.600852966309e+00 -2.798484325409e+00
G1-1 987 4 -4.750823001918e+00 3.707513545593e+00 8.658151920018e+01 6.712573528290e+00 -2.102352619171e+00
G1-1 988 1 -4.644226417120e+00 -1.081236785680e+01 8.018413446132e+01 8.289392471313e+00 -2.620256662369e+00
G1-1 988 2 -4.526773224143e+00 -6.669567017500e+00 7.968211440842e+01 8.677106857300e+00 -2.646138429642e+00
G1-1 988 3 4.132025317106e-01 -1.070951466974e+01 7.804111428933e+01 8.601410865784e+00 -2.798040628433e+00
G1-1 988 4 -4.451790941290e+00 -1.062272410670e+01 7.717977978527e+01 8.601759910583e+00 -2.797284603119e+00
G1-1 989 1 -3.809493317556e+00 -1.300010759141e+01 7.984932148006e+01 6.607919692993e+00 -2.031021356583e+00
G1-1 989 2 -3.617057841727e+00 -1.281046395918e+01 7.684496680400e+01 4.690766334534e+00 -1.219744682312e+00
G1-1 989 3 1.247935631274e+00 -1.289725464010e+01 7.770630130806e+01 5.497042179108e+00 -1.588214159012e+00
G1-1 989 4 -9.907870713249e-01 -1.593698162486e+01 7.826382386003e+01 6.942761898041e+00 -2.167493104935e+00
G1-1 990 1 -6.871369522159e+00 2.751802032687e+00 7.736234530414e+01 8.650536537170e+00 -2.699169874191e+00
G1-1 990 2 -9.345106418861e+00 1.380415754108e+00 7.796408167577e+01 3.847779273987e+00 1.940053105354e+00
G1-1 990 3 -7.015206640622e+00 -1.647431108947e-01 7.963452708699e+01 8.669910430908e+00 -2.660608768463e+00
G1-1 990 4 -7.984378342888e+00 4.287699889415e+00 7.978184378467e+01 8.597171783447e+00 -2.807279348373e+00
G1-1 991 1 1.765168049789e+00 4.074569049633e+00 1.021793354681e+02 5.255748748779e+00 -1.647294998169e+00
G1-1 991 2 -1.746755713561e+00 4.074569049633e+00 1.021793354681e+02 6.419728755951e+00 -2.077093839645e+00
G1-1 991 3 3.516443313376e-03 6.661636190063e+00 1.005961272792e+02 5.519711494446e+00 -1.737308859825e+00
G1-1 991 4 3.516443313376e-03 2.151526798051e+00 9.873317328123e+01 7.579163074493e+00 -2.498655080795e+00
G1-1 992 1 -6.214069886593e+00 2.380351876687e-01 9.055619375053e+01 8.587465286255e+00 -2.825398683548e+00
G1-1 992 2 -6.214069886593e+00 -1.246595572491e+00 9.449243221283e+01 8.142931938171e+00 -3.715169429779e+00
G1-1 992 3 -4.720630601071e+00 -5.371587788490e+00 9.346060503182e+01 8.589583396912e+00 -2.821738481522e+00
G1-1 992 4 -2.749933200878e+00 -1.246595572491e+00 9.449243221283e+01 8.159087181091e+00 -3.683068752289e+00
G1-1 993 1 4.960051465643e+00 -6.765295371448e+00 8.156677999949e+01 8.643993377686e+00 -2.712367057800e+00
G1-1 993 2 4.960051465643e+00 -4.609088638106e+00 7.783212066334e+01 8.653740882874e+00 -2.692782640457e+00
G1-1 993 3 8.314146714579e+00 -6.046560757036e+00 8.032189771484e+01 7.640859603882e+00 -2.283568382263e+00
G1-1 993 4 5.521716349923e+00 -8.996301479748e+00 7.847003261597e+01 8.122692108154e+00 -2.552034854889e+00
G1-1 994 1 -6.664114171671e+00 -9.459819182340e+00 8.233430032299e+01 6.074422359467e+00 -1.586246013641e+00
G1-1 994 2 -5.738297623865e+00 -7.842977509464e+00 8.443616532539e+01 8.649962425232e+00 -2.701163053513e+00
G1-1 994 3 -6.546661214456e+00 -5.317018578796e+00 8.183228027008e+01 8.686568260193e+00 -2.627426862717e+00
G1-1 994 4 -8.876560992694e+00 -6.407225449386e+00 8.204314336377e+01 6.141410350800e+00 -1.158860325813e+00
G1-1 995 1 -8.226525179306e+00 1.348340219827e+01 2.597623992519e+01 4.797980785370e+00 -1.487126350403e+00
G1-1 995 2 -1.022615967898e+01 1.340780812925e+01 2.915052297880e+01 5.632175922394e+00 -1.793461203575e+00
G1-1 995 3 -6.945488307333e+00 1.380916637718e+01 3.113663266928e+01 5.097681999207e+00 -1.563899159431e+00
G1-1 995 4 -9.169301867185e+00 1.625650195742e+01 2.673398487412e+01 4.636466979980e+00 -1.427317976952e+00
G1-1 996 1 -1.397443961797e+01 1.045775902742e+01 2.992026204384e+01 4.493039131165e+00 -1.343498468399e+00
G1-1 996 2 -1.389455793842e+01 7.803545061717e+00 3.053354640452e+01 4.768137454987e+00 -1.441150069237e+00
G1-1 996 3 -1.691064234653e+01 8.309463384523e+00 3.084091571572e+01 4.798189640045e+00 -1.456772804260e+00
G1-1 996 4 -1.691064234653e+01 9.039353395022e+00 2.727254001134e+01 4.007919311523e+00 -1.167003273964e+00
G1-1 997 1 -1.093591610926e+01 8.396973516649e+00 3.604111251217e+01 5.019670009613e+00 -1.508694648743e+00
G1-1 997 2 -1.109639295134e+01 1.090800505795e+01 3.224176139155e+01 6.439705371857e+00 -2.071668386459e+00
G1-1 997 3 -7.815721579687e+00 1.130936307012e+01 3.422787013898e+01 6.509438514709e+00 -2.074301719666e+00
G1-1 997 4 -1.101651127179e+01 8.253791328005e+00 3.285504575223e+01 6.824737071991e+00 -2.205353498459e+00
G1-1 998 1 -1.040609637642e+01 1.716285887059e+01 3.778569902670e+01 4.582355022430e+00 -1.405736565590e+00
G1-1 998 2 -8.596123707911e+00 1.716285887059e+01 3.513367450134e+01 2.573934555054e+00 -4.195437133312e-01
G1-1 998 3 -9.067239330096e+00 1.487545611411e+01 3.895332939625e+01 6.021346569061e+00 -1.909467697144e+00
G1-1 998 4 -1.082399561411e+01 1.431416504242e+01 3.364467721793e+01 3.121538400650e+00 -7.127702236176e-01
G1-1 999 1 7.556544465884e+00 -4.442002564156e+00 9.597305435176e+01 8.588384628296e+00 -2.823307514191e+00
G1-1 999 2 6.240349835271e+00 -8.734083444222e+00 9.788114340103e+01 8.591193199158e+00 -2.818060398102e+00
G1-1 999 3 6.692486593364e+00 -9.250604365203e+00 9.489614141291e+01 7.263631820679e+00 -5.482565402985e+00
G1-1 999 4 9.123560847424e+00 -8.322234906991e+00 9.496520648860e+01 6.331101417542e+00 -7.350737094879e+00
G1-1 1000 1 -1.466823685016e+00 -4.183955828197e+00 1.248428232842e+02 5.470164299011e+00 -1.725413084030e+00
G1-1 1000 2 -3.670162983515e+00 -6.174097826244e+00 1.213073342241e+02 6.132582187653e+00 -1.958991050720e+00
G1-1 1000 3 -1.625277925118e+00 -8.286617804392e+00 1.235636829451e+02 5.835436820984e+00 -1.851977944374e+00
G1-1 1000 4 -5.110771341663e+00 -9.392521934874e+00 1.259047508553e+02 5.404781341553e+00 -1.695713400841e+00
G1-1 1001 1 -2.425453839509e+00 -4.840988373514e+00 1.077060160605e+02 5.780118465424e+00 -1.750581145287e+00
G1-1 1001 2 -1.584086527145e+00 -8.208165929335e+00 1.046262311006e+02 8.527611732483e+00 -2.947676897049e+00
G1-1 1001 3 -3.244763394078e+00 -8.884671207249e+00 1.070402347852e+02 8.596273422241e+00 -2.807745456696e+00
G1-1 1001 4 -4.208254031932e+00 -9.461871201442e+00 1.036879123409e+02 8.082666397095e+00 -3.837731361389e+00
G1-1 1002 1 -1.319028798742e+01 -1.212639102095e+01 1.142038745134e+02 5.246570110321e+00 -1.605622172356e+00
G1-1 1002 2 -1.592847558215e+01 -1.134877448400e+01 1.115694079803e+02 3.810332298279e+00 -1.038008570671e+00
G1-1 1002 3 -1.289012106191e+01 -9.623390496954e+00 1.121390566700e+02 4.559724807739e+00 -1.317928671837e+00
G1-1 1002 4 -1.257437361590e+01 -1.503749336410e+01 1.115157888881e+02 5.316993713379e+00 -1.673463463783e+00
G1-1 1003 1 -1.402806983304e+01 -6.848415012775e+00 1.033749423070e+02 7.096346378326e+00 -2.549614667892e+00
G1-1 1003 2 -1.326423807720e+01 -6.051588260111e+00 1.077397157209e+02 5.697434425354e+00 -1.826938271523e+00
G1-1 1003 3 -1.369549389387e+01 -4.149741408053e+00 1.030375038750e+02 7.130332946777e+00 -2.409657955170e+00
G1-1 1003 4 -1.630259259744e+01 -5.240500661315e+00 1.034420458608e+02 4.547362327576e+00 -1.455674529076e+00
G1-1 1004 1 9.173112123944e+00 4.378457260447e+00 4.606195319213e+01 6.935252189636e+00 -2.268423557281e+00
G1-1 1004 2 1.198133540416e+01 5.523229143951e+00 4.695437167646e+01 7.194880962372e+00 -2.379024267197e+00
G1-1 1004 3 1.200786796355e+01 3.403731589613e+00 4.842660974981e+01 8.040515899658e+00 -2.909181594849e+00
G1-1 1004 4 1.075901524641e+01 1.956154432547e+00 4.377439860303e+01 5.298975467682e+00 -1.665628314018e+00
G1-1 1005 1 -6.835827710427e+00 3.943777147473e+00 3.555736991484e+01 6.508650779724e+00 -2.090945243835e+00
G1-1 1005 2 -8.991478043153e+00 1.555183497302e+00 3.662545950196e+01 6.944849014282e+00 -2.259241342545e+00
G1-1 1005 3 -1.018224369473e+01 4.418621720602e+00 3.312549377522e+01 7.187099456787e+00 -2.341940164566e+00
G1-1 1005 4 -8.818172624290e+00 1.199003363895e+00 3.201444788037e+01 6.891774654388e+00 -2.249373435974e+00
G1-1 1006 1 3.043744752467e+00 1.345571158964e+00 4.024485985983e+01 8.531133651733e+00 -2.816541671753e+00
G1-1 1006 2 5.038552372782e+00 3.791567698838e+00 3.919217796160e+01 8.584259986877e+00 -2.831564188004e+00
G1-1 1006 3 6.135163461425e+00 3.654665643046e+00 4.301693204412e+01 8.392488479614e+00 -2.765018224716e+00
G1-1 1006 4 7.721066583894e+00 1.232362844616e+00 4.072937745501e+01 7.328159332275e+00 -2.394793272018e+00
G1-1 1007 1 1.440448556298e+01 1.884963775836e+00 4.882824573054e+01 6.927596569061e+00 -2.294933319092e+00
G1-1 1007 2 1.685165120703e+01 2.746434865277e+00 4.757185563753e+01 4.123376846313e+00 -1.278255343437e+00
G1-1 1007 3 1.685165120703e+01 -7.971204387774e-01 4.754746252839e+01 4.242869377136e+00 -1.306962609291e+00
G1-1 1007 4 1.315563308161e+01 4.373865303596e-01 4.417603458376e+01 5.865311622620e+00 -1.893709540367e+00
G1-1 1008 1 9.077794069568e+00 3.362977563214e+00 5.298446359599e+01 8.311749458313e+00 -3.376804113388e+00
G1-1 1008 2 1.140315028927e+01 3.891336938989e+00 5.149481330199e+01 7.593334674835e+00 -2.598399400711e+00
G1-1 1008 3 8.568394449670e+00 4.866062580353e+00 4.913015674432e+01 8.250411987305e+00 -3.499478816986e+00
G1-1 1008 4 1.049621373131e+01 6.669540720255e+00 5.380962611112e+01 2.470949172974e+00 -4.119062423706e-01
G1-1 1009 1 9.042365364015e+00 4.926700721575e+00 4.440176168733e+01 7.804111003876e+00 -2.569548368454e+00
G1-1 1009 2 1.185058864423e+01 6.071472605078e+00 4.529417828557e+01 6.447547435760e+00 -2.100667953491e+00
G1-1 1009 3 1.062826825072e+01 2.504397864204e+00 4.211420709823e+01 7.702374935150e+00 -2.537581205368e+00
G1-1 1009 4 1.145401530130e+01 5.726128034330e+00 4.139392168498e+01 6.882176399231e+00 -2.234635353088e+00
G1-1 1010 1 1.447541281293e+01 9.596186601946e+00 4.696474827061e+01 4.381666660309e+00 -1.381494164467e+00
G1-1 1010 2 1.694911078060e+01 1.031538170037e+01 4.429339494109e+01 7.205474376678e+00 -2.389221191406e+00
G1-1 1010 3 1.359500881435e+01 1.241110151092e+01 4.701713734800e+01 1.788110017776e+00 3.789029419422e-01
G1-1 1010 4 1.694911078060e+01 1.241110151092e+01 4.701713734800e+01 6.483474731445e+00 -2.439611673355e+00
G1-1 1011 1 1.462492486223e+01 7.361005045763e+00 4.579382243632e+01 6.187381744385e+00 -2.022183895111e+00
G1-1 1011 2 1.422835151929e+01 7.015660475015e+00 4.189356394964e+01 5.593031406403e+00 -1.771770358086e+00
G1-1 1011 3 1.709862282990e+01 8.080199790548e+00 4.312246910680e+01 2.211471796036e+00 -2.986068725586e-01
G1-1 1011 4 1.709862282990e+01 6.102978610336e+00 4.600967041666e+01 4.258935928345e+00 -1.321161627769e+00
G1-1 1012 1 5.456379544528e-01 4.799392291052e-01 1.338547529184e+02 4.899342060089e+00 -1.537937879562e+00
G1-1 1012 2 -7.422994765202e-01 8.629107599301e-01 1.287888828246e+02 5.606576442719e+00 -1.799589395523e+00
G1-1 1012 3 -5.463519858329e+00 1.865511388016e+00 1.317558794923e+02 5.159275531769e+00 -1.637845158577e+00
G1-1 1012 4 -9.701481987190e-01 5.273915062616e+00 1.297730311514e+02 5.443665027618e+00 -1.754171252251e+00
G1-1 1013 1 3.580092508341e+00 2.095180084875e+00 1.352967126138e+02 5.290265083313e+00 -1.691826820374e+00
G1-1 1013 2 3.479444891323e+00 8.098720291017e+00 1.351460946561e+02 5.435030460358e+00 -1.763925671577e+00
G1-1 1013 3 6.203346186250e+00 3.087212726205e+00 1.329488784089e+02 5.379319667816e+00 -1.724746584892e+00
G1-1 1013 4 2.064306366221e+00 6.889155969959e+00 1.312149946190e+02 5.270231246948e+00 -1.696778655052e+00
G1-1 1014 1 -1.813135572829e+00 -9.189537938292e+00 1.405494864173e+02 4.990369319916e+00 -1.568437337875e+00
G1-1 1014 2 6.024068084494e-01 -9.649934837476e+00 1.352556831492e+02 5.365856170654e+00 -1.702748179436e+00
G1-1 1014 3 2.002044009883e+00 -6.023957090325e+00 1.378526661515e+02 5.247991561890e+00 -1.664400219917e+00
G1-1 1014 4 3.117008748775e+00 -1.371692956899e+01 1.394439098875e+02 5.281302928925e+00 -1.676877260208e+00
G1-1 1015 1 9.213004882778e+00 5.835996107299e+00 1.406286300695e+02 5.099207878113e+00 -1.628726840019e+00
G1-1 1015 2 1.049554567544e+01 3.355771825135e+00 1.355200663684e+02 5.240324974060e+00 -1.668729305267e+00
G1-1 1015 3 1.188166605090e+01 7.289942918351e+00 1.375110457915e+02 5.411093235016e+00 -1.743919610977e+00
G1-1 1015 4 1.479561999214e+01 5.631869674136e+00 1.395522054024e+02 4.956130504608e+00 -1.564334869385e+00
G1-1 1016 1 1.276203701892e+01 1.054748162605e+01 1.335650089066e+02 5.778505325317e+00 -1.887619495392e+00
G1-1 1016 2 1.283486890833e+01 9.321651264838e+00 1.279343100697e+02 5.824884891510e+00 -1.899269938469e+00
G1-1 1016 3 1.148336326658e+01 1.469881506727e+01 1.308243516636e+02 6.129261016846e+00 -2.026183843613e+00
G1-1 1016 4 1.567599072439e+01 1.111740369971e+01 1.323345095970e+02 6.020564079285e+00 -1.972788333893e+00
G1-1 1017 1 3.727697999053e+00 1.335965794657e+01 1.283593271709e+02 5.062578201294e+00 -1.639139413834e+00
G1-1 1017 2 1.134770966961e+00 1.145706728528e+01 1.294003241986e+02 4.877375125885e+00 -1.566948056221e+00
G1-1 1017 3 2.549909451542e+00 1.266663160633e+01 1.333314242357e+02 5.641924381256e+00 -1.854525446892e+00
G1-1 1017 4 1.188630158599e+00 1.574062883382e+01 1.303845301687e+02 4.887872695923e+00 -1.590682148933e+00
G1-1 1018 1 -1.356249775319e+01 -1.353517054152e+01 3.824023103701e+00 4.983747482300e+00 -2.722113370895e+00
G1-1 1018 2 -1.234302441201e+01 -1.652920079023e+01 9.027294000032e-01 4.289030551910e+00 -4.730560779572e+00
G1-1 1018 3 -1.653565186982e+01 -1.652920079023e+01 9.027294000032e-01 5.061241149902e+00 -5.784649372101e+00
G1-1 1018 4 -1.653565186982e+01 -1.233657333242e+01 9.027294000032e-01 4.318297863007e+00 -4.442153930664e+00
G1-1 1019 1 1.460974285981e+01 -1.274758699041e+01 7.387015104737e+00 5.531258583069e+00 -1.920986056328e+00
G1-1 1019 2 1.417454432227e+01 -1.181299111534e+01 1.076537221394e+01 5.393669128418e+00 -1.789828896523e+00
G1-1 1019 3 1.708544687450e+01 -1.516881953789e+01 9.445057277171e+00 5.454795360565e+00 -2.308937072754e+00
G1-1 1019 4 1.708544687450e+01 -9.356936108033e+00 9.040391478977e+00 5.635559082031e+00 -2.311864614487e+00
G1-1 1020 1 6.169847950916e+00 -6.807829240938e+00 4.750827079102e+00 3.488204956055e+00 -3.396178960800e+00
G1-1 1020 2 5.819310789908e+00 -1.047307870180e+01 4.734463062722e+00 3.778070211411e+00 -3.263211727142e+00
G1-1 1020 3 3.090446164598e+00 -9.094428478733e+00 1.811529209255e+00 2.314827203751e+00 -3.485722541809e+00
G1-1 1020 4 7.283073622410e+00 -9.094428478733e+00 1.811529209255e+00 2.559439182281e+00 -3.596524477005e+00
G1-1 1021 1 -1.013426187312e+01 -1.262861373244e+01 4.726948075559e+00 4.586835384369e+00 -2.835882186890e+00
G1-1 1021 2 -6.206039596137e+00 -1.268896502087e+01 4.727581209049e+00 4.308580398560e+00 -2.598847866058e+00
G1-1 1021 3 -8.914788649830e+00 -1.562264398116e+01 1.805654430801e+00 3.909381628036e+00 -3.923333406448e+00
G1-1 1021 4 -8.914788649830e+00 -1.143001652335e+01 1.805654430801e+00 3.115794897079e+00 -3.303903102875e+00
G1-1 1022 1 -1.197383355828e+01 -9.833675224966e+00 5.918681977678e+00 4.588509082794e+00 -3.087811231613e+00
G1-1 1022 2 -9.805962596470e+00 -6.804189147160e+00 5.758863645616e+00 4.169985294342e+00 -2.776873588562e+00
G1-1 1022 3 -1.075436021711e+01 -8.635078369514e+00 2.997388273980e+00 3.224954366684e+00 -3.372902393341e+00
G1-1 1022 4 -1.494698767492e+01 -6.872933189147e+00 7.014371408206e+00 5.038524627686e+00 -4.312923908234e+00
G1-1 1023 1 -1.234302441201e+01 -1.669270553967e+01 1.023931239136e+01 5.076483726501e+00 -2.040186166763e+00
G1-1 1023 2 -1.653565186982e+01 -1.669270553967e+01 1.023931239136e+01 4.819621086121e+00 -1.601732611656e+00
G1-1 1023 3 -1.653565186982e+01 -1.302919106502e+01 1.312772068523e+01 5.179099082947e+00 -1.709887266159e+00
G1-1 1023 4 -1.356249775319e+01 -1.369867529095e+01 8.778773016536e+00 5.269167900085e+00 -1.876126289368e+00
G1-1 1024 1 -3.429833663600e+00 -5.288453067835e+00 1.342769583103e+01 5.815802097321e+00 -2.315424203873e+00
G1-1 1024 2 -8.627441180292e+00 -6.997265666024e+00 1.470735137743e+01 5.941521167755e+00 -2.083576679230e+00
G1-1 1024 3 -3.842052834901e+00 -7.103228935648e+00 1.766231822929e+01 6.065303802490e+00 -2.017296314240e+00
G1-1 1024 4 -8.188336982018e+00 -4.049938758372e+00 1.831572431444e+01 5.958351612091e+00 -1.970617413521e+00
G1-1 1025 1 -1.037604651230e+01 -1.029332160481e+01 2.766028927890e+01 5.575114250183e+00 -1.822859764099e+00
G1-1 1025 2 -7.397130837066e+00 -1.057244625549e+01 2.592153283713e+01 5.457042217255e+00 -1.784894347191e+00
G1-1 1025 3 -8.718871101360e+00 -5.438466797574e+00 2.854818169635e+01 6.181755542755e+00 -2.024752616882e+00
G1-1 1025 4 -7.617122653703e+00 -1.060836490572e+01 3.011062805408e+01 5.438713550568e+00 -1.768026947975e+00
G1-1 1026 1 -5.705340977196e+00 -1.404614145186e+01 2.626301941221e+01 4.599011421204e+00 -1.481886267662e+00
G1-1 1026 2 -3.021981627595e+00 -1.696014567461e+01 2.899825844853e+01 3.743644714355e+00 -1.159560918808e+00
G1-1 1026 3 -5.925332793833e+00 -1.408205963057e+01 3.045211415764e+01 4.263699054718e+00 -1.341792225838e+00
G1-1 1026 4 -7.214608967526e+00 -1.696014567461e+01 2.899825844853e+01 3.825703144073e+00 -1.193228363991e+00
G1-1 1027 1 3.535110647265e-01 -9.527731669597e+00 3.217591660985e+00 2.860826969147e+00 -3.253819465637e+00
G1-1 1027 2 -1.130367448064e+00 -1.078668016712e+01 6.139518557114e+00 4.153391361237e+00 -2.971783876419e+00
G1-1 1027 3 3.082375699246e+00 -1.090638165691e+01 6.140525396573e+00 4.252727031708e+00 -3.052199363708e+00
G1-1 1027 4 2.525107976693e-01 -7.384382764459e+00 7.785076368055e+00 4.475717067719e+00 -3.026154994965e+00
G1-1 1028 1 -2.220964784420e+00 -5.873216581555e+00 1.902613136401e+01 6.404767990112e+00 -2.132570028305e+00
G1-1 1028 2 -1.808745602068e+00 -4.058440772683e+00 1.479150920151e+01 6.027501583099e+00 -2.175726890564e+00
G1-1 1028 3 -6.567248872596e+00 -2.819926477955e+00 1.967953744916e+01 6.718221664429e+00 -2.234780788422e+00
G1-1 1028 4 -1.760401919016e+00 -1.786850220274e+00 2.048455702407e+01 6.924573898315e+00 -2.304929733276e+00
G1-1 1029 1 -5.085401130642e+00 -1.411660205260e+01 1.142354068934e+01 5.095099925995e+00 -2.144133329391e+00
G1-1 1029 2 -4.024420108666e+00 -1.402997661641e+01 8.377253200876e+00 4.725793838501e+00 -2.115555047989e+00
G1-1 1029 3 -2.540541645606e+00 -1.696365534094e+01 9.837159560093e+00 4.490221977234e+00 -2.189850330353e+00
G1-1 1029 4 -6.733169162358e+00 -1.696365534094e+01 9.837159560093e+00 4.892468452454e+00 -2.593096494675e+00
G1-1 1030 1 -1.745440686445e+01 -1.395439713924e+01 1.493311275217e+01 5.353894233704e+00 -1.769232869148e+00
G1-1 1030 2 -1.326177940664e+01 -1.761791161389e+01 1.204470469406e+01 5.162831783295e+00 -1.795955300331e+00
G1-1 1030 3 -1.745440686445e+01 -1.761791161389e+01 1.642653753683e+01 3.500298261642e+00 -1.106627941132e+00
G1-1 1030 4 -1.745440686445e+01 -1.761791161389e+01 1.204470469406e+01 2.635764122009e+00 -7.901830077171e-01
G1-1 1031 1 -1.099156658317e+00 -1.274460446208e+01 4.728088102141e+00 4.166518688202e+00 -2.909944534302e+00
G1-1 1031 2 3.113586488994e+00 -1.286430618763e+01 4.729095059481e+00 4.244992256165e+00 -2.598200082779e+00
G1-1 1031 3 3.847218636835e-01 -1.567828342237e+01 1.806161264953e+00 3.691605329514e+00 -4.095211029053e+00
G1-1 1031 4 3.847218636835e-01 -1.148565596455e+01 1.806161264953e+00 2.749056577682e+00 -3.564720153809e+00
G1-1 1032 1 -4.533608473980e+00 -1.361417109509e+01 3.824851886200e+00 4.030950546265e+00 -3.228965282440e+00
G1-1 1032 2 -3.049729951980e+00 -1.654785005538e+01 9.029250490114e-01 3.743595838547e+00 -4.659408569336e+00
G1-1 1032 3 -7.242357409792e+00 -1.654785005538e+01 9.029250490114e-01 3.904938220978e+00 -5.170096397400e+00
G1-1 1032 4 -7.242357409792e+00 -1.235522259756e+01 9.029250490114e-01 2.860012769699e+00 -4.164914608002e+00
G1-1 1033 1 -4.533608473980e+00 -1.490976423064e+01 5.178912696824e+00 4.927338600159e+00 -2.912296056747e+00
G1-1 1033 2 -3.049729951980e+00 -1.784344319092e+01 2.256985918576e+00 5.323635101318e+00 -3.555201768875e+00
G1-1 1033 3 -7.242357409792e+00 -1.784344319092e+01 6.638818938161e+00 4.051362991333e+00 -1.320229291916e+00
G1-1 1033 4 -7.242357409792e+00 -1.784344319092e+01 2.256985918576e+00 5.383993625641e+00 -3.874774456024e+00
G1-1 1034 1 8.980453109291e+00 -8.579021398446e+00 3.537819584807e+01 5.585877895355e+00 -1.804165482521e+00
G1-1 1034 2 1.031106129416e+01 -3.306185318253e+00 3.235105983674e+01 6.622010231018e+00 -2.166653394699e+00
G1-1 1034 3 1.087059349585e+01 -3.287747873105e+00 3.750670321010e+01 6.840126037598e+00 -2.240596055984e+00
G1-1 1034 4 1.456661162127e+01 -7.510705768386e+00 3.462789951879e+01 6.014205455780e+00 -1.964911818504e+00
G1-1 1035 1 6.335624739405e+00 -8.328300431246e+00 3.502483276682e+01 5.285737037659e+00 -1.688238978386e+00
G1-1 1035 2 7.666232865333e+00 -3.055464233173e+00 3.199769722701e+01 7.301585674286e+00 -2.409175872803e+00
G1-1 1035 3 3.362938342656e+00 -6.448634458268e+00 3.313103048458e+01 6.605108261108e+00 -2.166118860245e+00
G1-1 1035 4 8.225765067020e+00 -3.037026788025e+00 3.715334107189e+01 6.260689735413e+00 -2.025525093079e+00
G1-1 1036 1 7.622019557289e+00 1.351119187654e+01 1.460864363520e+01 5.377415180206e+00 -1.762056469917e+00
G1-1 1036 2 6.775912030954e+00 1.615311763603e+01 1.090451014160e+01 5.995171546936e+00 -2.080703496933e+00
G1-1 1036 3 9.176631181299e+00 1.305639518002e+01 1.129735273224e+01 5.376429080963e+00 -1.775431752205e+00
G1-1 1036 4 5.001765746464e+00 1.348807578684e+01 1.208621189764e+01 5.810863494873e+00 -1.928881883621e+00
G1-1 1037 1 2.384719666247e+00 1.317496593249e+01 1.461847364602e+02 6.282453060150e+00 -2.127763509750e+00
G1-1 1037 2 1.453510352747e-01 1.580233343766e+01 1.485819957270e+02 6.105802536011e+00 -2.165320158005e+00
G1-1 1037 3 -1.623651764949e+00 1.308347976504e+01 1.463905085360e+02 6.245249748230e+00 -2.091398239136e+00
G1-1 1037 4 1.453510352747e-01 1.160970597985e+01 1.485819957270e+02 6.301685333252e+00 -2.099370718002e+00
G1-1 1038 1 1.349588445054e+01 -4.635154335083e+00 2.836878084835e+01 6.487750053406e+00 -2.130649805069e+00
G1-1 1038 2 1.650507218063e+01 -2.355856912521e+00 2.951954462087e+01 5.060469150543e+00 -1.591910719872e+00
G1-1 1038 3 1.224952138199e+01 -2.374998348456e+00 2.948696922870e+01 6.659807682037e+00 -2.180847167969e+00
G1-1 1038 4 1.650507218063e+01 -6.579518857529e+00 3.176380938228e+01 5.711986541748e+00 -1.856505870819e+00
G1-1 1039 1 -8.405600347755e+00 -1.603844919386e+01 9.385828072318e+00 4.856548786163e+00 -2.101480484009e+00
G1-1 1039 2 -5.696851176182e+00 -1.310477046934e+01 7.925921713100e+00 4.788928508759e+00 -2.210286855698e+00
G1-1 1039 3 -9.625073335288e+00 -1.304441870939e+01 7.925288697491e+00 4.976995468140e+00 -1.784535169601e+00
G1-1 1039 4 -6.757832139219e+00 -1.319139566977e+01 1.097220920157e+01 5.161865711212e+00 -2.166796684265e+00
G1-1 1040 1 1.035361195425e+01 -1.045835168115e+01 2.232243660324e+01 6.055694103241e+00 -2.004296541214e+00
G1-1 1040 2 1.304832106429e+01 -7.667635213669e+00 2.427984604529e+01 5.989316940308e+00 -1.968892693520e+00
G1-1 1040 3 1.605750879438e+01 -9.719187652920e+00 2.331895369895e+01 5.584819316864e+00 -1.829378485680e+00
G1-1 1040 4 1.605750879438e+01 -1.004359145491e+01 1.963005607196e+01 5.466403007507e+00 -1.793983101845e+00
G1-1 1041 1 1.100305724605e+01 -1.340981038149e+00 2.224422546337e+01 5.670784950256e+00 -1.844072461128e+00
G1-1 1041 2 1.095067196209e+01 -1.138347276173e+00 2.723970030632e+01 6.773241043091e+00 -2.222270011902e+00
G1-1 1041 3 1.219703503064e+01 -3.398503262800e+00 2.612151192598e+01 6.528842449188e+00 -2.145759582520e+00
G1-1 1041 4 1.520622276073e+01 -1.119205899179e+00 2.727227569850e+01 6.245912551880e+00 -2.031970739365e+00
G1-1 1042 1 -1.740899762779e+00 1.015793909645e+01 4.952726601242e+01 8.204686164856e+00 -3.592700481415e+00
G1-1 1042 2 -4.462064662087e+00 1.114180081783e+01 5.153242557859e+01 5.646783828735e+00 -8.713373184204e+00
G1-1 1042 3 -4.388021523690e+00 1.127880501944e+01 5.382455656112e+01 7.393942356110e+00 -5.222493171692e+00
G1-1 1042 4 -1.698343566842e+00 1.300812670477e+01 5.183106327975e+01 6.056791305542e+00 -7.892087936401e+00
G1-1 1043 1 -6.611311621648e+00 6.812014408529e+00 3.622792916288e+01 6.642017841339e+00 -2.121274948120e+00
G1-1 1043 2 -9.877131971903e+00 7.430041406064e+00 3.698211931168e+01 5.855181217194e+00 -1.833691120148e+00
G1-1 1043 3 -6.756937442325e+00 1.034243072377e+01 3.516887693850e+01 6.071833610535e+00 -1.900862097740e+00
G1-1 1043 4 -9.957727370191e+00 7.286858981658e+00 3.379605208022e+01 6.745203971863e+00 -2.172202825546e+00
G1-1 1044 1 7.996696924099e+00 6.254903238609e-02 6.186894946657e+01 8.599057197571e+00 -2.802551746368e+00
G1-1 1044 2 9.563713187758e+00 3.271203938773e+00 6.267522767656e+01 7.726559162140e+00 -2.232372760773e+00
G1-1 1044 3 8.145293290252e+00 2.120848948871e+00 5.811540147026e+01 8.590956687927e+00 -2.818583488464e+00
G1-1 1044 4 7.092211579734e+00 4.347189461806e+00 6.188729638661e+01 8.603764533997e+00 -2.794457197189e+00
G1-1 1045 1 -7.718833137534e+00 4.375416946256e+00 6.176378940406e+01 7.275697708130e+00 -2.037293672562e+00
G1-1 1045 2 -3.543316461337e+00 3.159411230456e+00 6.073497499164e+01 8.606661796570e+00 -2.787309885025e+00
G1-1 1045 3 -2.808728270244e+00 2.819454632876e+00 5.731157593582e+01 8.543535232544e+00 -2.915563344955e+00
G1-1 1045 4 -5.377358077778e+00 7.437669323591e+00 5.814131219534e+01 8.619676589966e+00 -2.761778593063e+00
G1-1 1046 1 6.339437234877e+00 -7.981057092686e+00 6.043979889410e+01 6.622889041901e+00 -2.105440139771e+00
G1-1 1046 2 1.006219977038e+01 -9.301000006963e+00 6.244256590710e+01 4.549717903137e+00 -1.321433305740e+00
G1-1 1046 3 7.953342364086e+00 -5.334003615367e+00 6.275203831569e+01 7.523713588715e+00 -2.427572488785e+00
G1-1 1046 4 8.129218819442e+00 -6.631969279949e+00 6.530256282549e+01 8.594630241394e+00 -2.811093807220e+00
G1-1 1047 1 -4.339624857231e+00 -6.076252680751e+00 4.295930667385e+01 5.673830509186e+00 -1.800743818283e+00
G1-1 1047 2 -2.929993364850e+00 -7.958480711290e+00 3.974335097577e+01 5.227519512177e+00 -1.646392583847e+00
G1-1 1047 3 -5.627974497573e+00 -9.660689847540e+00 4.165991288701e+01 4.698305606842e+00 -1.448946475983e+00
G1-1 1047 4 -8.238238228849e+00 -7.194938450940e+00 3.886225017259e+01 5.771653652191e+00 -1.860221624374e+00
G1-1 1048 1 -2.559000097947e+00 -1.272621804589e+01 4.500608197825e+01 3.766122102737e+00 -1.054296970367e+00
G1-1 1048 2 3.114361325973e+00 -1.301202631727e+01 4.634725873697e+01 3.719871044159e+00 -1.030209660530e+00
G1-1 1048 3 3.680408059950e-01 -1.161476020082e+01 4.827213637951e+01 3.991400003433e+00 -1.119349837303e+00
G1-1 1048 4 1.480743956794e-01 -1.571972607262e+01 4.781244862549e+01 3.390305042267e+00 -8.827654123306e-01
G1-1 1049 1 -5.671634190200e+00 -7.641195335963e+00 1.461130836286e+02 5.217397689819e+00 -1.658899545670e+00
G1-1 1049 2 -7.511008897903e+00 -3.783331697393e+00 1.490824216274e+02 4.715786457062e+00 -1.469848275185e+00
G1-1 1049 3 -7.511008897903e+00 -7.975959273086e+00 1.490824216274e+02 5.047369003296e+00 -1.597980976105e+00
G1-1 1049 4 -3.318381381151e+00 -7.975959273086e+00 1.490824216274e+02 4.890521526337e+00 -1.536102890968e+00
G1-1 1050 1 -1.118999096653e+01 -9.506794697459e+00 2.948190566413e+01 5.703740119934e+00 -1.864064455032e+00
G1-1 1050 2 -8.431066990055e+00 -9.821837998370e+00 3.193224491083e+01 5.361490726471e+00 -1.733264803886e+00
G1-1 1050 3 -9.532815319831e+00 -4.651939831282e+00 3.036979855310e+01 6.363462924957e+00 -2.084287166595e+00
G1-1 1050 4 -1.084505412608e+01 -7.240664560139e+00 3.363802467260e+01 5.946843624115e+00 -1.936723232269e+00
G1-1 1051 1 -1.546549347875e+01 -2.257258394319e+00 2.762586323871e+01 6.048791885376e+00 -1.969800949097e+00
G1-1 1051 2 -1.274251364690e+01 -7.221701225276e+00 2.684833133873e+01 6.103672027588e+00 -2.006785154343e+00
G1-1 1051 3 -1.193974217807e+01 -2.840339720994e+00 2.415482968424e+01 5.928614616394e+00 -1.937871575356e+00
G1-1 1051 4 -1.108533823596e+01 -2.366846418039e+00 2.773622422770e+01 6.398216247559e+00 -2.094739913940e+00
G1-1 1052 1 3.975810432731e+00 7.002045749780e+00 4.030971953295e+01 8.061038970947e+00 -2.624274730682e+00
G1-1 1052 2 5.072421521375e+00 6.865143811869e+00 4.413447267243e+01 7.911265373230e+00 -2.560943603516e+00
G1-1 1052 3 3.273690845879e+00 1.093441537040e+01 4.219692297717e+01 7.931993961334e+00 -2.539009571075e+00
G1-1 1052 4 1.926531805058e+00 8.453799826399e+00 4.462883797297e+01 8.604210853577e+00 -2.791604995728e+00
G1-1 1053 1 -1.378965449544e+01 -1.759894990030e+01 1.340786041987e+02 7.029062747955e+00 -2.315239429474e+00
G1-1 1053 2 -1.757902115116e+01 -1.759894990030e+01 1.369715103207e+02 8.127283096313e+00 -2.708370685577e+00
G1-1 1053 3 -1.757902115116e+01 -1.387407353214e+01 1.340978954712e+02 6.427880287170e+00 -2.103598594666e+00
G1-1 1053 4 -1.757902115116e+01 -1.759894990030e+01 1.325525912057e+02 7.965992450714e+00 -2.649565219879e+00
G1-1 1054 1 -1.076827587174e+01 -1.410190523622e+00 3.155212774456e+01 6.403387546539e+00 -2.083138942719e+00
G1-1 1054 2 -1.208051444223e+01 -3.998915134598e+00 3.482035480711e+01 6.294497013092e+00 -2.049649477005e+00
G1-1 1054 3 -1.094158129061e+01 -1.054010390215e+00 3.616313936615e+01 6.760739326477e+00 -2.204934358597e+00
G1-1 1054 4 -1.514843111453e+01 -1.300602558842e+00 3.144176722709e+01 5.353596210480e+00 -1.697032809258e+00
G1-1 1055 1 -6.734970129023e+00 -9.318889713872e+00 3.255233931874e+01 5.322667121887e+00 -1.713915348053e+00
G1-1 1055 2 -9.148957147165e+00 -6.737716157760e+00 3.425811908051e+01 5.930734634399e+00 -1.926397681236e+00
G1-1 1055 3 -4.005209132710e+00 -7.376271325481e+00 3.210866772849e+01 5.940493106842e+00 -1.932477712631e+00
G1-1 1055 4 -7.836718458799e+00 -4.148991546783e+00 3.098989296101e+01 6.514660835266e+00 -2.135955333710e+00
G1-1 1056 1 -1.536762229689e+01 2.181158619025e-01 2.687726492799e+01 4.966325283051e+00 -1.558165907860e+00
G1-1 1056 2 -1.184187099621e+01 -3.649653468917e-01 2.340623137352e+01 6.193336009979e+00 -2.028207302094e+00
G1-1 1056 3 -1.232792516686e+01 3.264152643508e+00 2.367721800671e+01 6.276997566223e+00 -2.048601627350e+00
G1-1 1056 4 -1.098746728986e+01 1.085278971228e-01 2.698762591699e+01 5.801572322845e+00 -1.870120048523e+00
G1-1 1057 1 1.113030950636e+01 -1.567649830393e+01 1.178310183161e+02 4.621448040009e+00 -1.394012689590e+00
G1-1 1057 2 8.787876382008e+00 -1.802444455289e+01 1.171133826569e+02 4.459879398346e+00 -1.313665151596e+00
G1-1 1057 3 1.163079587921e+01 -1.802444455289e+01 1.173577903433e+02 6.924061298370e+00 -2.273992300034e+00
G1-1 1057 4 1.023940133484e+01 -1.802444455289e+01 1.208666319259e+02 5.845399379730e+00 -1.870395302773e+00
G1-1 1058 1 -1.650197352256e+01 -1.208789395917e+00 3.284187469580e+01 5.331493854523e+00 -1.689078927040e+00
G1-1 1058 2 -1.343405708601e+01 -3.907101979040e+00 3.622046321886e+01 6.005653381348e+00 -1.944816470146e+00
G1-1 1058 3 -1.229512346287e+01 -9.621972249872e-01 3.756324777790e+01 6.581041336060e+00 -2.139438867569e+00
G1-1 1058 4 -1.650197352256e+01 -1.021263720340e+00 3.748308015522e+01 6.009759902954e+00 -1.939574718475e+00
G1-1 1059 1 -7.559810677578e+00 -1.359328627757e+01 1.368154226706e+01 5.467529773712e+00 -2.044454813004e+00
G1-1 1059 2 -1.031355888788e+01 -1.181317591902e+01 1.356046854852e+01 5.685711860657e+00 -2.041006326675e+00
G1-1 1059 3 -9.207578532472e+00 -1.644033980167e+01 1.209516137357e+01 5.130112648010e+00 -1.738830089569e+00
G1-1 1059 4 -9.207578532472e+00 -1.644033980167e+01 1.647699445209e+01 4.344968795776e+00 -1.417859792709e+00
G1-1 1060 1 -5.831160747329e+00 -1.286621532090e+01 1.305369728840e+02 5.233579158783e+00 -1.646713733673e+00
G1-1 1060 2 -6.745236768884e+00 -1.290666805139e+01 1.347867439979e+02 5.219733715057e+00 -1.650840401649e+00
G1-1 1060 3 -2.210511767870e+00 -1.573359309110e+01 1.318700155087e+02 5.737580299377e+00 -1.838196873665e+00
G1-1 1060 4 -2.298912824305e+00 -1.166659883111e+01 1.319439324043e+02 5.568564414978e+00 -1.775099039078e+00
G1-1 1061 1 -1.195298438795e+01 3.772195118716e+00 1.997126756945e+01 5.922753334045e+00 -1.939645886421e+00
G1-1 1061 2 -1.146693021730e+01 1.430770841116e-01 1.970028046474e+01 6.366041660309e+00 -2.104988336563e+00
G1-1 1061 3 -1.499268151798e+01 8.963424355123e-01 1.845198944299e+01 5.441645622253e+00 -1.776650905609e+00
G1-1 1061 4 -9.399192912557e+00 2.090446159471e+00 1.600829102166e+01 6.065411567688e+00 -2.013782739639e+00
G1-1 1062 1 4.733426282988e+00 1.465733524241e+01 7.482675761124e+01 5.887907505035e+00 -1.748799800873e+00
G1-1 1062 2 6.299782970397e+00 1.778385290809e+01 7.340790055521e+01 5.851576805115e+00 -1.746107339859e+00
G1-1 1062 3 2.107155453645e+00 1.778385290809e+01 7.340790055521e+01 5.150526046753e+00 -1.461638092995e+00
G1-1 1062 4 2.107155453645e+00 1.778385290809e+01 7.778973345363e+01 3.876314878464e+00 -8.721601963043e-01
G1-1 1063 1 1.325738463786e+01 -7.376181529913e-01 1.046138790188e+02 6.468365669250e+00 -2.133071422577e+00
G1-1 1063 2 1.745336928240e+01 1.086489062671e+00 1.033590027168e+02 6.192162513733e+00 -2.041582584381e+00
G1-1 1063 3 1.745336928240e+01 -2.682378511319e-01 1.070890047153e+02 5.980597496033e+00 -1.960346579552e+00
G1-1 1063 4 1.745336928240e+01 -2.443697845340e+00 1.033398820428e+02 6.516866683960e+00 -2.165294647217e+00
G1-1 1064 1 7.292470617054e+00 -4.074836175940e+00 9.052937618200e+01 3.801170110703e+00 -6.720444560051e-01
G1-1 1064 2 8.378815186464e+00 -2.613933295953e+00 9.337220636141e+01 8.577074050903e+00 -2.846608638763e+00
G1-1 1064 3 9.945831450124e+00 -6.494165638788e+00 9.236436038434e+01 5.973719120026e+00 -1.578918814659e+00
G1-1 1064 4 9.945831450124e+00 -4.337957294829e+00 8.862969763622e+01 5.408874034882e+00 -1.462923407555e+00
G1-1 1065 1 4.918546861475e+00 -2.423934970093e+00 8.350002861975e+01 4.096578121185e+00 7.753986716270e-01
G1-1 1065 2 8.963552283520e+00 -4.242105277150e+00 8.438794577397e+01 8.448423385620e+00 -3.124043464661e+00
G1-1 1065 3 5.609456975644e+00 -5.439997524584e+00 8.377947570150e+01 6.609059333801e+00 -1.217909812927e+00
G1-1 1065 4 8.963552283520e+00 -4.721262851232e+00 8.253459153076e+01 8.610409736633e+00 -2.785562515259e+00
G1-1 1066 1 1.386086873363e+01 7.868467477686e+00 9.382824994141e+01 5.853631019592e+00 -1.889053702354e+00
G1-1 1066 2 1.672341515578e+01 8.411046553972e+00 8.903089875304e+01 5.257823944092e+00 -1.672430634499e+00
G1-1 1066 3 1.302779575920e+01 1.018261419524e+01 8.881309571449e+01 5.792530536652e+00 -1.851753115654e+00
G1-1 1066 4 1.672341515578e+01 9.344735462527e+00 9.378581375758e+01 5.664623737335e+00 -1.827391266823e+00
G1-1 1067 1 1.116616309882e+01 7.735523467791e+00 8.208012664286e+01 5.662010192871e+00 -1.745329380035e+00
G1-1 1067 2 1.239166216791e+01 1.019309936027e+01 8.395098240075e+01 5.997454166412e+00 -1.910517930984e+00
G1-1 1067 3 1.608728132873e+01 8.421531719002e+00 8.416878732539e+01 7.060149669647e+00 -2.326643466949e+00
G1-1 1067 4 1.608728132873e+01 9.532579274810e+00 8.007558123110e+01 6.122413635254e+00 -1.994321107864e+00
G1-1 1068 1 1.317501491942e+00 3.145879507050e+00 8.561062735764e+01 6.673249721527e+00 -2.039892673492e+00
G1-1 1068 2 2.103305742788e+00 7.218580115252e+00 8.964544442712e+01 7.250778675079e+00 -2.342380762100e+00
G1-1 1068 3 4.350865403196e-01 5.913458912017e+00 8.472355637172e+01 8.399467468262e+00 -2.722881078720e+00
G1-1 1068 4 -1.458193870608e+00 7.198336903413e+00 8.949484541530e+01 7.796675205231e+00 -2.538147926331e+00
G1-1 1069 1 6.837743860617e+00 -2.390351874362e+00 8.961746737514e+01 8.607661247253e+00 -2.785244464874e+00
G1-1 1069 2 8.019577499322e+00 6.414243697275e-01 8.850145668398e+01 8.502594947815e+00 -2.777120113373e+00
G1-1 1069 3 7.924088430028e+00 -9.294489354348e-01 9.246029944063e+01 8.576636314392e+00 -2.847134828568e+00
G1-1 1069 4 9.491104457926e+00 -2.653473111132e+00 8.771778882935e+01 8.613109588623e+00 -2.774005889893e+00
G1-1 1070 1 5.103917031682e+00 3.435783549781e+00 1.138554876246e+02 5.917349815369e+00 -1.902902960777e+00
G1-1 1070 2 5.544487369310e+00 8.507724002437e+00 1.161952589867e+02 5.028391361237e+00 -1.590657234192e+00
G1-1 1070 3 2.343510482500e+00 6.976908302945e+00 1.176823656578e+02 5.125317573547e+00 -1.620554089546e+00
G1-1 1070 4 6.873922630908e+00 3.247023623474e+00 1.184999962514e+02 6.238042354584e+00 -2.029636383057e+00
G1-1 1071 1 -5.789800269440e+00 -7.028832648786e+00 9.069634001280e+01 8.576905250549e+00 -2.853338479996e+00
G1-1 1071 2 -7.283239437082e+00 -1.419209908389e+00 8.779192684543e+01 8.622618675232e+00 -2.755295276642e+00
G1-1 1071 3 -5.711992449793e+00 -6.542774213174e+00 8.752532430094e+01 8.648667335510e+00 -2.703710317612e+00
G1-1 1071 4 -8.850255700741e+00 -4.627864755835e+00 8.698565658253e+01 8.634257316589e+00 -2.733801126480e+00
G1-1 1072 1 5.016057443519e+00 1.229089801544e+00 8.280339466659e+01 8.331435203552e+00 -2.570915937424e+00
G1-1 1072 2 9.061062747684e+00 1.567127685468e+00 7.995665095878e+01 5.290266513824e+00 -1.218028426170e+00
G1-1 1072 3 7.494046484025e+00 4.104200548060e+00 8.192613156554e+01 6.152061462402e+00 -1.811259388924e+00
G1-1 1072 4 7.589535553318e+00 2.705816798526e+00 8.447498156153e+01 6.444994449615e+00 -1.946726322174e+00
G1-1 1073 1 -1.293487381719e+01 -1.256867198546e+01 1.473736756355e+02 5.948895931244e+00 -1.938876986504e+00
G1-1 1073 2 -1.120511729656e+01 -1.531129622859e+01 1.493800089190e+02 6.524152755737e+00 -2.146209001541e+00
G1-1 1073 3 -1.120511729656e+01 -1.111866877078e+01 1.493800089190e+02 5.689696311951e+00 -1.842591285706e+00
G1-1 1073 4 -1.539774475437e+01 -1.111866877078e+01 1.493800089190e+02 5.995968818665e+00 -1.955419540405e+00
G1-1 1074 1 9.025120707917e-01 1.689120183726e+01 8.335871295790e+01 3.830090761185e+00 -9.279004335403e-01
G1-1 1074 2 -8.665332724197e-01 1.402703217088e+01 8.337299887194e+01 4.724442958832e+00 -1.321844935417e+00
G1-1 1074 3 5.592147825599e+00 1.374017429255e+01 8.525753851145e+01 4.967773437500e+00 -1.461125493050e+00
G1-1 1074 4 9.025120707917e-01 1.689120183726e+01 8.774054244435e+01 3.315892696381e+00 -7.141018509865e-01
G1-1 1075 1 -3.638141702675e+00 1.169240495442e+01 9.569449896215e+01 4.001100540161e+00 -1.107594966888e+00
G1-1 1075 2 -1.848593837984e+00 1.205591081871e+01 9.930366078190e+01 4.331095218658e+00 -1.256599664688e+00
G1-1 1075 3 -1.848593837984e+00 1.612366191858e+01 9.966871416484e+01 3.235776424408e+00 -7.807576060295e-01
G1-1 1075 4 -6.041221295796e+00 1.612366191858e+01 9.966871416484e+01 3.773459196091e+00 -1.058746933937e+00
G1-1 1076 1 -1.912276465461e+00 -3.495748642101e+00 1.059662942729e+02 3.778996944427e+00 -9.530370235443e-01
G1-1 1076 2 -1.070909153098e+00 -3.186144446208e+00 9.967065503088e+01 8.532006263733e+00 -2.936435699463e+00
G1-1 1076 3 -1.070909153098e+00 -6.862926168452e+00 1.028865093129e+02 8.356246948242e+00 -3.288604259491e+00
G1-1 1076 4 -3.695076628414e+00 -8.116631558440e+00 1.019481905532e+02 7.900933265686e+00 -4.199546337128e+00
G1-1 1077 1 9.932395313439e+00 1.135263799813e+00 9.468105540584e+01 6.294153213501e+00 -2.041057586670e+00
G1-1 1077 2 1.199096712120e+01 4.247949764203e+00 9.505937452411e+01 5.514137268066e+00 -1.773584008217e+00
G1-1 1077 3 1.485351354335e+01 1.519201577962e+00 9.390390099996e+01 4.785705089569e+00 -1.532561421394e+00
G1-1 1077 4 1.002788438273e+01 2.706137075506e+00 9.072221264919e+01 7.210766315460e+00 -2.359451532364e+00
G1-1 1078 1 3.740873190607e+00 8.791574613307e+00 9.669628258148e+01 5.509875297546e+00 -1.715271949768e+00
G1-1 1078 2 3.730572959968e+00 6.547770066388e+00 1.017380535783e+02 5.031680583954e+00 -1.550909996033e+00
G1-1 1078 3 4.806881127316e+00 1.038437000844e+01 1.019056441955e+02 4.079436302185e+00 -1.170053362846e+00
G1-1 1078 4 1.968921324022e+00 9.134837147877e+00 1.001548453894e+02 4.995903968811e+00 -1.527404546738e+00
G1-1 1079 1 -1.596649334640e+01 3.418347137973e-01 1.203118347430e+02 4.898749351501e+00 -1.533976435661e+00
G1-1 1079 2 -1.319219536892e+01 -2.313091565250e+00 1.196985352086e+02 5.084706306458e+00 -1.587297081947e+00
G1-1 1079 3 -1.320924327183e+01 2.879085266410e+00 1.171130558397e+02 7.065204620361e+00 -2.336384773254e+00
G1-1 1079 4 -1.249042391648e+01 -4.233549123221e-01 1.214200968527e+02 5.002527713776e+00 -1.566984295845e+00
G1-1 1080 1 1.800155208689e+00 3.001471384270e+00 1.250639808637e+02 5.680838584900e+00 -1.827352523804e+00
G1-1 1080 2 7.170298715071e+00 6.318873359396e+00 1.241422973388e+02 5.672987937927e+00 -1.835042834282e+00
G1-1 1080 3 1.224284867107e+00 7.224225888253e+00 1.219644951950e+02 5.111761569977e+00 -1.624123096466e+00
G1-1 1080 4 1.572306486490e+00 7.412475495400e+00 1.260481291905e+02 5.214933395386e+00 -1.669873714447e+00
G1-1 1081 1 -1.404423258116e+01 -4.435344329870e+00 1.213189126901e+02 6.511871337891e+00 -2.107321262360e+00
G1-1 1081 2 -1.681853032288e+01 -6.110921709960e+00 1.239770889955e+02 4.770826816559e+00 -1.454709529877e+00
G1-1 1081 3 -1.334246089296e+01 -2.545607735883e+00 1.230404762203e+02 6.492680072784e+00 -2.107804298401e+00
G1-1 1081 4 -1.681853032288e+01 -1.780417991883e+00 1.219322141107e+02 5.132201671600e+00 -1.606853246689e+00
G1-1 1082 1 -1.391543683980e+01 -5.636603795140e+00 1.136161605329e+02 6.272779464722e+00 -2.016545295715e+00
G1-1 1082 2 -1.417949385408e+01 -5.045495798902e+00 1.171519907899e+02 5.700706481934e+00 -1.802902102470e+00
G1-1 1082 3 -1.695379159581e+01 -2.583684755251e+00 1.131180437725e+02 5.089129447937e+00 -1.601742148399e+00
G1-1 1082 4 -1.695379159581e+01 -6.021604401619e+00 1.162303667943e+02 4.214147567749e+00 -1.212219119072e+00
G1-1 1083 1 -1.251859738182e+01 -1.493931771476e+01 1.162078795685e+02 5.813295364380e+00 -1.847507357597e+00
G1-1 1083 2 -1.004479449610e+01 -1.785042005791e+01 1.162628683861e+02 5.295767784119e+00 -1.657281160355e+00
G1-1 1083 3 -1.525678521231e+01 -1.785042005791e+01 1.179387168303e+02 4.666868209839e+00 -1.465930461884e+00
G1-1 1083 4 -1.190268324607e+01 -1.785042005791e+01 1.135197939432e+02 5.727263450623e+00 -1.864356279373e+00
G1-1 1084 1 -3.766714251310e+00 -2.047286309517e+00 1.269189905995e+02 5.138377666473e+00 -1.610354781151e+00
G1-1 1084 2 -8.849889680157e+00 -2.228282810066e+00 1.258559833202e+02 5.275654792786e+00 -1.659232854843e+00
G1-1 1084 3 -7.410661926376e+00 -7.255852548811e+00 1.279809219428e+02 5.241412162781e+00 -1.645186662674e+00
G1-1 1084 4 -8.487934673640e+00 -1.044685666696e+00 1.298859910393e+02 5.456355571747e+00 -1.736891388893e+00
G1-1 1085 1 6.738246010387e-01 -3.439299277627e+00 6.959609510307e+01 8.620322227478e+00 -2.759772062302e+00
G1-1 1085 2 2.403351948227e+00 -1.514544693956e+00 7.289966239706e+01 8.666314125061e+00 -2.667619228363e+00
G1-1 1085 3 3.392813883528e+00 7.863870967793e-01 6.975035021975e+01 8.675868988037e+00 -2.648534059525e+00
G1-1 1085 4 -1.214475676949e+00 1.425415849247e-01 7.025311408188e+01 8.669385910034e+00 -2.661514759064e+00
G1-1 1086 1 -1.282434478333e+01 2.630075073266e+00 5.036324871182e+01 7.786099910736e+00 -3.137768507004e+00
G1-1 1086 2 -1.539762788903e+01 1.430249443173e+00 5.427880552426e+01 6.263305187225e+00 -2.070261240005e+00
G1-1 1086 3 -1.047650942336e+01 1.782690778891e+00 5.353408529531e+01 8.221249580383e+00 -3.035740137100e+00
G1-1 1086 4 -1.204352592278e+01 5.662919002708e+00 5.454193145249e+01 4.106624126434e+00 -1.199939250946e+00
G1-1 1087 1 6.688296320899e+00 5.869873703231e-01 7.020458171478e+01 8.671497344971e+00 -2.657448291779e+00
G1-1 1087 2 7.661789826229e+00 -3.345620194410e+00 7.011858797500e+01 8.597866058350e+00 -2.805387973785e+00
G1-1 1087 3 9.052929752414e+00 -9.952080207122e-01 7.210900630939e+01 3.522921085358e+00 1.074094414711e+00
G1-1 1087 4 5.698834562418e+00 -1.713944346737e+00 7.335389577818e+01 8.657114028931e+00 -2.686143636703e+00
G1-1 1088 1 -9.073534057135e+00 -1.194910450097e+01 4.152054902331e+01 4.596639633179e+00 -1.432467103004e+00
G1-1 1088 2 -1.168379790629e+01 -9.483353104369e+00 3.872288630889e+01 5.429568767548e+00 -1.751808285713e+00
G1-1 1088 3 -1.055908700290e+01 -1.494261252770e+01 3.994508429801e+01 4.420997142792e+00 -1.387348651886e+00
G1-1 1088 4 -1.475171457859e+01 -1.107441555040e+01 4.202785762810e+01 6.050119400024e+00 -1.986227989197e+00
G1-1 1089 1 5.149641018118e+00 9.955655342544e+00 6.780532440958e+01 8.649204254150e+00 -2.701652526855e+00
G1-1 1089 2 2.770106818807e+00 8.036373542350e+00 6.987900996034e+01 8.130914688110e+00 -2.463403940201e+00
G1-1 1089 3 5.189889883456e+00 6.039534867791e+00 6.925802325984e+01 8.711633682251e+00 -2.576959371567e+00
G1-1 1089 4 5.149641018118e+00 9.955655342544e+00 7.199433518029e+01 8.606702804565e+00 -2.787433862686e+00
G1-1 1090 1 -6.727181550158e+00 1.288760693192e+01 5.022641607477e+01 7.972384452820e+00 -4.056579113007e+00
G1-1 1090 2 -8.994613353636e+00 1.427477551697e+01 4.867169782673e+01 8.182424545288e+00 -3.637476921082e+00
G1-1 1090 3 -8.994613353636e+00 1.552852910102e+01 4.918341298943e+01 7.888065338135e+00 -4.226026058197e+00
G1-1 1090 4 -3.963460345322e+00 1.552852910102e+01 4.918341298943e+01 5.777734756470e+00 -1.761279821396e+00
G1-1 1091 1 -1.052644454642e+01 8.868888075991e+00 5.798742677055e+01 9.177783012390e+00 -1.645076394081e+00
G1-1 1091 2 -8.184969663490e+00 9.774932521949e+00 5.809961230995e+01 9.041449546814e+00 -1.918539404869e+00
G1-1 1091 3 -1.052644454642e+01 9.348046040143e+00 5.984078271975e+01 9.075976371765e+00 -1.850772023201e+00
G1-1 1091 4 -1.052644454642e+01 6.712679908853e+00 6.172209046171e+01 9.047912597656e+00 -1.905652880669e+00
G1-1 1092 1 -8.281893389968e+00 1.264824320834e+01 5.064100587815e+01 8.161672592163e+00 -1.660175323486e+00
G1-1 1092 2 -1.054932513451e+01 1.403541202915e+01 4.908628763011e+01 7.213540554047e+00 5.132007598877e-01
G1-1 1092 3 -1.054932513451e+01 1.451456909529e+01 5.093964357931e+01 8.872933387756e+00 -2.262201786041e+00
G1-1 1092 4 -1.054932513451e+01 1.528916561320e+01 4.959800279281e+01 6.703011989594e+00 -6.682951450348e+00
G1-1 1093 1 -8.281893389968e+00 1.159450675453e+01 5.163695236267e+01 4.694281578064e+00 -1.062877368927e+01
G1-1 1093 2 -1.054932513451e+01 1.082546686382e+01 5.381689780579e+01 8.791659355164e+00 -2.417902469635e+00
G1-1 1093 3 -1.054932513451e+01 1.346083287723e+01 5.193559006383e+01 8.220969200134e+00 -3.605799198151e+00
G1-1 1093 4 -1.054932513451e+01 1.298167557534e+01 5.008223411463e+01 8.581324577332e+00 -2.844115257263e+00
G1-1 1094 1 6.163080090618e-01 9.772171675782e+00 6.732425679430e+01 8.635610580444e+00 -2.729546308517e+00
G1-1 1094 2 -1.307477754648e+00 1.026597646505e+01 6.423661160092e+01 8.672520637512e+00 -2.655206441879e+00
G1-1 1094 3 3.695714085003e-01 1.481797125954e+01 6.363889452873e+01 7.138459682465e+00 -2.244479656219e+00
G1-1 1094 4 2.995842156800e+00 1.169145359386e+01 6.525057124353e+01 8.073975563049e+00 -2.496252298355e+00
G1-1 1095 1 -4.798658455648e+00 6.271900761384e+00 1.024069802111e+02 5.316768169403e+00 -1.671837925911e+00
G1-1 1095 2 -5.491433939008e+00 1.034227711043e+01 1.029203245890e+02 4.454904556274e+00 -1.339762449265e+00
G1-1 1095 3 -3.048386416654e+00 8.858968078635e+00 1.008237720222e+02 3.918415784836e+00 -1.095714330673e+00
G1-1 1095 4 -8.719852344466e+00 7.389197313172e+00 9.918414351465e+01 6.037331104279e+00 -1.953464865685e+00
G1-1 1096 1 3.924072267228e+00 3.374242382524e+00 1.000456574516e+02 5.722753047943e+00 -1.815121412277e+00
G1-1 1096 2 5.626557346467e+00 1.451200160412e+00 9.659949715082e+01 7.050643920898e+00 -2.307827472687e+00
G1-1 1096 3 2.162420631282e+00 1.451200160412e+00 9.659949715082e+01 6.043669700623e+00 -1.924089312553e+00
G1-1 1096 4 3.934372497867e+00 5.618047047324e+00 9.500388645480e+01 5.473643779755e+00 -1.700973749161e+00
G1-1 1097 1 -3.238015338433e+00 -1.231857795954e+01 3.824851886200e+00 3.751002788544e+00 -2.902298212051e+00
G1-1 1097 2 -1.754136816433e+00 -1.105962946202e+01 9.029250490114e-01 2.439722776413e+00 -3.944464921951e+00
G1-1 1097 3 -1.754136816433e+00 -1.525225691983e+01 9.029250490114e-01 3.405521392822e+00 -4.362971782684e+00
G1-1 1097 4 -5.946764274245e+00 -1.105962946202e+01 9.029250490114e-01 2.515440702438e+00 -3.868473768234e+00
G1-1 1098 1 -5.390721102921e+00 9.981216782046e+00 9.507501818966e+01 5.329020977020e+00 -1.650967836380e+00
G1-1 1098 2 -3.601173238230e+00 1.034472264634e+01 9.868418000941e+01 4.550120830536e+00 -1.349656701088e+00
G1-1 1098 3 -7.793800696042e+00 1.441247374620e+01 9.904923339236e+01 3.463135242462e+00 -9.312091469765e-01
G1-1 1098 4 -9.272639313393e+00 8.874951998754e+00 9.704455150184e+01 5.133651733398e+00 -1.611796617508e+00
G1-1 1099 1 1.029043192659e+01 -1.284205647843e+01 8.316824462385e+01 5.312190055847e+00 -1.517152547836e+00
G1-1 1099 2 6.582099438296e+00 -1.235376320315e+01 8.045857829489e+01 7.195847988129e+00 -2.251718759537e+00
G1-1 1099 3 8.536004311391e+00 -1.539349042366e+01 8.539793410549e+01 4.385197639465e+00 -1.164024710655e+00
G1-1 1099 4 6.020434612957e+00 -1.012275721273e+01 8.355532567841e+01 8.643717765808e+00 -2.712634325027e+00
G1-1 1100 1 -9.886321710568e+00 7.511747632610e+00 1.072638829909e+02 4.615865230560e+00 -1.444374680519e+00
G1-1 1100 2 -6.679485288269e+00 1.048250431919e+01 1.071210238506e+02 4.617200851440e+00 -1.429164052010e+00
G1-1 1100 3 -9.864442459613e+00 7.493824133168e+00 1.111966173611e+02 5.980790138245e+00 -1.953177332878e+00
G1-1 1100 4 -4.224900849637e+00 8.388961535576e+00 1.101502415444e+02 5.539853096008e+00 -1.772040367126e+00
G1-1 1101 1 -2.490368449220e+00 -3.228976129560e+00 9.641259215600e+01 6.418041229248e+00 -2.086394071579e+00
G1-1 1101 2 -5.954505134935e+00 -3.228976129560e+00 9.641259215600e+01 6.426030635834e+00 -2.089397192001e+00
G1-1 1101 3 -4.461065849413e+00 -7.353968286618e+00 9.538076686107e+01 8.169147491455e+00 -3.664852857590e+00
G1-1 1101 4 -5.114535954006e+00 -8.159463359673e+00 9.869012579226e+01 7.874092578888e+00 -4.253017425537e+00
G1-1 1102 1 -6.865816283321e+00 6.402724840381e+00 7.711056100272e+01 7.252239227295e+00 -2.226274013519e+00
G1-1 1102 2 -6.077445338098e+00 1.031284522467e+01 7.966809787167e+01 6.392968177795e+00 -1.965748906136e+00
G1-1 1102 3 -1.025378948267e+01 1.001930732835e+01 7.661216104888e+01 7.607522964478e+00 -2.444452762604e+00
G1-1 1102 4 -7.978824750408e+00 7.938622667639e+00 7.953006325544e+01 6.050044536591e+00 -1.832463026047e+00
G1-1 1103 1 -9.335797604293e+00 -3.503372420750e+00 8.828440399220e+01 6.366702556610e+00 -1.773284196854e+00
G1-1 1103 2 -7.768781458514e+00 -1.779348303993e+00 9.302691460348e+01 8.579337120056e+00 -2.841998577118e+00
G1-1 1103 3 -6.275342290873e+00 -5.904340490521e+00 9.199508930856e+01 8.609061241150e+00 -2.782605409622e+00
G1-1 1103 4 -7.768781458514e+00 -2.947175733030e-01 8.909067614118e+01 7.352093696594e+00 -2.332906007767e+00
G1-1 1104 1 -8.655987910996e+00 1.256481640195e+01 1.289475570709e+02 5.503030300140e+00 -1.795598864555e+00
G1-1 1104 2 -4.089465361292e+00 1.199510307562e+01 1.278091058599e+02 5.156568527222e+00 -1.667654514313e+00
G1-1 1104 3 -8.228233627466e+00 1.627866462416e+01 1.244114827037e+02 5.179423809052e+00 -1.684655308723e+00
G1-1 1104 4 -8.228233627466e+00 1.627866462416e+01 1.287933137160e+02 5.405117034912e+00 -1.771911025047e+00
G1-1 1105 1 9.198240481230e+00 7.305586402820e+00 9.821143433586e+01 6.223104953766e+00 -2.019402027130e+00
G1-1 1105 2 5.447483854340e+00 8.359747148522e+00 9.623750452157e+01 5.064072608948e+00 -1.547326445580e+00
G1-1 1105 3 5.437183712110e+00 6.115942483722e+00 1.012792755183e+02 4.923345088959e+00 -1.514866471291e+00
G1-1 1105 4 6.513491879459e+00 9.952542543657e+00 1.014468680217e+02 4.615116596222e+00 -1.399987936020e+00
G1-1 1106 1 2.951797742833e+00 2.633350699695e-01 1.137802916896e+02 6.047021865845e+00 -1.934895396233e+00
G1-1 1106 2 -1.436077932720e+00 -2.408436664161e+00 1.171711663314e+02 7.111045360565e+00 -2.320294380188e+00
G1-1 1106 3 2.585844423602e+00 -2.447971574995e+00 1.171303538846e+02 7.254871368408e+00 -2.372319936752e+00
G1-1 1106 4 1.913911052403e-01 3.804459837869e+00 1.176071697228e+02 5.305062770844e+00 -1.675648689270e+00
G1-1 1107 1 1.261677811528e+01 1.339261155694e+01 8.873060686511e+01 4.969215869904e+00 -1.541666865349e+00
G1-1 1107 2 1.631239751186e+01 1.255473329576e+01 9.370332113602e+01 6.292313575745e+00 -2.060014963150e+00
G1-1 1107 3 1.631239751186e+01 1.654363933741e+01 9.121361079802e+01 5.774358749390e+00 -1.873988151550e+00
G1-1 1107 4 1.211977005405e+01 1.654363933741e+01 9.121361079802e+01 4.151314258575e+00 -1.234152436256e+00
G1-1 1108 1 6.912761662283e+00 1.651604434043e+01 1.002562759347e+02 3.494101285934e+00 -9.429257512093e-01
G1-1 1108 2 4.492086041586e+00 1.210503058811e+01 9.643265974386e+01 4.245412826538e+00 -1.218452572823e+00
G1-1 1108 3 5.558093978294e+00 1.369782621901e+01 1.016420213579e+02 3.973703622818e+00 -1.139527797699e+00
G1-1 1108 4 2.720134175000e+00 1.651604434043e+01 1.002562759347e+02 3.469903230667e+00 -9.034710526466e-01
G1-1 1109 1 -8.685786148677e+00 -3.424256277052e+00 9.715624676969e+01 8.269685745239e+00 -3.164823532104e+00
G1-1 1109 2 -1.025280229446e+01 -7.304488619887e+00 9.614839890653e+01 7.899199962616e+00 -2.813490629196e+00
G1-1 1109 3 -7.845816967748e+00 -8.354743300873e+00 9.943378040596e+01 8.191113471985e+00 -3.618441104889e+00
G1-1 1109 4 -1.099980555714e+01 -4.300956015102e+00 9.953878033873e+01 7.155604362488e+00 -2.680752992630e+00
G1-1 1110 1 -6.500012268002e+00 -1.056645670918e+01 9.533923903714e+01 8.750192642212e+00 -2.500070571899e+00
G1-1 1110 2 -9.560467817183e+00 -1.295706299677e+01 9.724452344793e+01 8.679555892944e+00 -2.644383430481e+00
G1-1 1110 3 -7.153482372595e+00 -1.137195154647e+01 9.864860174051e+01 6.859210491180e+00 -6.289182662964e+00
G1-1 1110 4 -9.560467817183e+00 -1.032169698336e+01 9.536321835499e+01 8.089985847473e+00 -1.732202649117e+00
G1-1 1111 1 9.292676345224e-01 -3.642755303905e+00 9.449752897163e+01 8.216732025146e+00 -3.568834066391e+00
G1-1 1111 2 3.307059691886e+00 -5.103658124951e+00 9.165469690613e+01 8.599455833435e+00 -2.802226066589e+00
G1-1 1111 3 3.529346270897e+00 -8.451357281773e+00 9.342061603279e+01 8.348373413086e+00 -2.597534179688e+00
G1-1 1111 4 -1.041429765671e+00 -7.767747549373e+00 9.346570179062e+01 8.247458457947e+00 -3.509934425354e+00
G1-1 1112 1 3.006181978461e+00 -1.082314930324e+01 9.814364651216e+01 7.010462284088e+00 -5.981969833374e+00
G1-1 1112 2 3.458318618673e+00 -1.133967022422e+01 9.515864452404e+01 8.607270240784e+00 -2.787322759628e+00
G1-1 1112 3 8.582400412392e-01 -1.304666677942e+01 9.710901469266e+01 7.852151870728e+00 -4.299672126770e+00
G1-1 1112 4 -1.112457358954e+00 -1.065606049182e+01 9.520373028188e+01 8.600690841675e+00 -2.800034523010e+00
G1-1 1113 1 2.718025198625e+00 1.342374046081e+00 9.431122841444e+01 7.472240447998e+00 -2.438523054123e+00
G1-1 1113 2 4.489977065211e+00 5.509220874053e+00 9.271561583233e+01 6.172792434692e+00 -1.959920048714e+00
G1-1 1113 3 6.182161913811e+00 1.342374046081e+00 9.431122841444e+01 7.671333789825e+00 -2.523182392120e+00
G1-1 1113 4 6.277650983104e+00 2.913247439654e+00 9.035238754387e+01 7.313157558441e+00 -2.373077392578e+00
G1-1 1114 1 -7.774518261989e+00 4.545487425081e+00 5.426770638341e+01 8.402434349060e+00 -3.197588682175e+00
G1-1 1114 2 -7.000059760594e+00 9.331759601231e+00 5.538773807999e+01 6.782678127289e+00 -6.448386669159e+00
G1-1 1114 3 -7.074102898991e+00 9.194755399619e+00 5.309560898356e+01 8.448088645935e+00 -3.107870817184e+00
G1-1 1114 4 -9.341534761410e+00 8.425715508915e+00 5.527555254059e+01 6.232597827911e+00 -7.550601959229e+00
G1-1 1115 1 -1.059556803849e+01 -1.463884162242e+00 6.150504639592e+01 8.575433731079e+00 -2.850034952164e+00
G1-1 1115 2 -1.151738310433e+01 2.031246209759e+00 6.178844965568e+01 8.508673667908e+00 -2.984814882278e+00
G1-1 1115 3 -9.950366604907e+00 3.072263004309e-01 5.704594169343e+01 7.716627120972e+00 -2.535860538483e+00
G1-1 1115 4 -1.487148507058e+01 -4.521497634687e-02 5.779066097933e+01 5.744108676910e+00 -1.866941452026e+00
G1-1 1116 1 9.417302029215e+00 -8.921512298503e+00 5.302632476417e+01 4.692781448364e+00 -1.431878209114e+00
G1-1 1116 2 5.551807390272e+00 -9.964982206359e+00 5.481298866210e+01 5.119215011597e+00 -1.561904072762e+00
G1-1 1116 3 3.921542244081e+00 -1.030619232372e+01 5.142067605547e+01 4.568768501282e+00 -1.349512934685e+00
G1-1 1116 4 7.894203350518e+00 -1.441115819553e+01 5.096098830145e+01 3.660917758942e+00 -1.024226665497e+00
G1-1 1117 1 1.017387092787e+01 1.236591612925e+01 1.362561197649e+02 6.083776473999e+00 -2.008155822754e+00
G1-1 1117 2 6.063848992240e+00 1.344325281450e+01 1.364623528167e+02 5.631391525269e+00 -1.854872941971e+00
G1-1 1117 3 8.895197175528e+00 1.651724980623e+01 1.378972904824e+02 6.273587703705e+00 -2.089300870895e+00
G1-1 1117 4 8.895197175528e+00 1.651724980623e+01 1.335154625219e+02 5.868230342865e+00 -1.943237304688e+00
G1-1 1118 1 1.317658508445e-01 -1.639631426435e+01 5.682814480401e+01 3.705284833908e+00 -9.589414000511e-01
G1-1 1118 2 1.317658508445e-01 -1.639631426435e+01 5.244631266853e+01 3.302650451660e+00 -8.093591332436e-01
G1-1 1118 3 -1.292062337335e+00 -1.322580371462e+01 5.539611242984e+01 3.835916757584e+00 -1.002166390419e+00
G1-1 1118 4 1.981997289470e+00 -1.195013827518e+01 5.629831208614e+01 3.773262023926e+00 -9.643128514290e-01
G1-1 1119 1 1.188138489685e+01 -1.227415311085e+01 1.548776997718e+01 4.867650508881e+00 -1.594418048859e+00
G1-1 1119 2 9.088390608958e+00 -1.246697944786e+01 1.973237432640e+01 5.581490516663e+00 -1.843826532364e+00
G1-1 1119 3 1.059965999127e+01 -1.562998153340e+01 1.854928811893e+01 5.476339817047e+00 -1.814783215523e+00
G1-1 1119 4 1.479228744908e+01 -1.205221945738e+01 1.703999426664e+01 5.191028594971e+00 -1.705291509628e+00
G1-1 1120 1 6.163316440974e+00 -1.247526986115e+01 3.826170010469e+00 3.896384000778e+00 -2.908924102783e+00
G1-1 1120 2 7.627079273476e+00 -1.528924709589e+01 9.032362159418e-01 3.629114151001e+00 -4.582279205322e+00
G1-1 1120 3 3.434451815664e+00 -1.109661963808e+01 9.032362159418e-01 2.440089941025e+00 -3.756558418274e+00
G1-1 1120 4 7.627079273476e+00 -1.109661963808e+01 9.032362159418e-01 2.693894624710e+00 -4.169204711914e+00
G1-1 1121 1 4.867723305427e+00 -1.377086299670e+01 3.826170010469e+00 4.116470813751e+00 -3.285889387131e+00
G1-1 1121 2 2.138858680117e+00 -1.658484023144e+01 9.032362159418e-01 3.865655899048e+00 -4.932007789612e+00
G1-1 1121 3 2.138858680117e+00 -1.239221277363e+01 9.032362159418e-01 2.728941440582e+00 -3.974220991135e+00
G1-1 1121 4 6.331486137929e+00 -1.658484023144e+01 9.032362159418e-01 3.909051179886e+00 -4.799938201904e+00
G1-1 1122 1 -1.099156658317e+00 -1.404019759762e+01 6.082148930979e+00 4.969876289368e+00 -3.353051662445e+00
G1-1 1122 2 3.847218636835e-01 -1.697387655791e+01 3.160222152732e+00 5.135102272034e+00 -3.498756647110e+00
G1-1 1122 3 3.113586488994e+00 -1.415989932317e+01 6.083156006199e+00 4.933387756348e+00 -2.965574979782e+00
G1-1 1122 4 3.847218636835e-01 -1.697387655791e+01 7.542055231256e+00 4.963604450226e+00 -1.793177962303e+00
G1-1 1123 1 -3.893928193045e+00 -3.690865587214e+00 1.112476624880e+02 7.968984127045e+00 -2.619837760925e+00
G1-1 1123 2 -4.713237688674e+00 -7.734548362009e+00 1.105818868710e+02 6.229050636292e+00 -1.959929347038e+00
G1-1 1123 3 -5.081910696508e+00 -5.488108792923e+00 1.148216863255e+02 5.973619937897e+00 -1.886674284935e+00
G1-1 1123 4 -8.399461305532e+00 -6.159807922488e+00 1.120367724331e+02 6.359580516815e+00 -2.034954071045e+00
G1-1 1124 1 -7.915551604568e+00 -1.404697503652e+01 8.250615198017e+01 6.681874275208e+00 -2.034096956253e+00
G1-1 1124 2 -9.289472934029e+00 -1.698384906997e+01 8.530248573268e+01 2.944668292999e+00 -4.431374669075e-01
G1-1 1124 3 -1.038662311377e+01 -1.420533986980e+01 8.316012748267e+01 3.737301826477e+00 -7.810630202293e-01
G1-1 1124 4 -9.289472934029e+00 -1.698384906997e+01 8.092065436014e+01 5.203430652618e+00 -1.502940416336e+00
G1-1 1125 1 -1.110869009504e+01 -8.250662587171e+00 1.027679027174e+02 6.595991134644e+00 -2.161124467850e+00
G1-1 1125 2 -1.077611415586e+01 -5.551988864569e+00 1.024304623992e+02 7.438786029816e+00 -2.459031105042e+00
G1-1 1125 3 -6.658634840211e+00 -9.028576156147e+00 1.056777867969e+02 5.391909122467e+00 -1.622811794281e+00
G1-1 1125 4 -7.622125684356e+00 -9.605776386101e+00 1.023254624664e+02 8.068437576294e+00 -3.865976095200e+00
G1-1 1126 1 5.515123784424e+00 -1.601780489038e+01 1.061391596721e+02 8.578690528870e+00 -2.843128681183e+00
G1-1 1126 2 5.474109998294e+00 -1.211723595955e+01 1.027579973801e+02 2.739400386810e+00 1.305424124002e-01
G1-1 1126 3 4.721823893740e+00 -1.323301079836e+01 1.065309083002e+02 6.069578170776e+00 -1.843823790550e+00
G1-1 1126 4 8.357321010447e+00 -1.386159636960e+01 1.035767213297e+02 3.623562097549e+00 -6.962727308273e-01
G1-1 1127 1 -4.945300505346e+00 -1.138082943941e+01 9.592059428246e+01 8.653042793274e+00 -2.695236682892e+00
G1-1 1127 2 -2.974603105152e+00 -1.377143572701e+01 9.782587869325e+01 5.591687679291e+00 -8.833911895752e+00
G1-1 1127 3 -5.598770609939e+00 -1.218632451246e+01 9.922995698583e+01 5.370052337646e+00 -9.272076606750e+00
G1-1 1127 4 -8.005756054527e+00 -1.377143572701e+01 9.782587869325e+01 4.413885593414e+00 -1.122328186035e+01
G1-1 1128 1 1.351532898650e+01 -8.511687308108e+00 2.775429810664e+01 5.912847042084e+00 -1.940042853355e+00
G1-1 1128 2 1.233188925878e+01 -1.446540562536e+01 2.899563421113e+01 5.037168025970e+00 -1.639074325562e+00
G1-1 1128 3 1.652451671659e+01 -1.056323951160e+01 2.679340576030e+01 5.497203350067e+00 -1.798486232758e+00
G1-1 1128 4 1.652451671659e+01 -1.045605188949e+01 3.114932664056e+01 5.773801326752e+00 -1.895432353020e+00
G1-1 1129 1 -3.238015338433e+00 -1.490976423064e+01 6.532973507449e+00 4.989558219910e+00 -2.822744131088e+00
G1-1 1129 2 -1.754136816433e+00 -1.784344319092e+01 7.992879807726e+00 4.083442211151e+00 -1.335678458214e+00
G1-1 1129 3 -5.946764274245e+00 -1.784344319092e+01 7.992879807726e+00 2.659042358398e+00 -7.820805311203e-01
G1-1 1129 4 -1.754136816433e+00 -1.784344319092e+01 3.611046788141e+00 5.039501667023e+00 -2.647657871246e+00
G1-1 1130 1 -2.408116635512e+00 -1.258478686801e+01 1.074870665844e+02 8.199710845947e+00 -2.633896827698e+00
G1-1 1130 2 -7.474398275195e-01 -1.552169435890e+01 1.040723066340e+02 4.303789138794e+00 -1.042257308960e+00
G1-1 1130 3 6.482159462071e-01 -1.363935567513e+01 1.075382085872e+02 6.581968784332e+00 -2.025608778000e+00
G1-1 1130 4 -2.901184854727e+00 -1.642414905987e+01 1.071961041075e+02 4.372525691986e+00 -1.157556653023e+00
G1-1 1131 1 -4.989791622509e+00 -1.340378916641e+01 1.006479018546e+02 6.811040401459e+00 -6.397458076477e+00
G1-1 1131 2 -2.365624117722e+00 -1.576349642735e+01 1.005854643485e+02 8.648185729980e+00 -2.707069396973e+00
G1-1 1131 3 -7.396777067096e+00 -1.576349642735e+01 1.005854643485e+02 8.806097030640e+00 -2.389580249786e+00
G1-1 1131 4 -2.365624117722e+00 -1.498889990943e+01 9.924382356205e+01 8.646903038025e+00 -2.710953474045e+00
G1-1 1132 1 -1.516935356889e+01 6.913127855034e+00 1.037448722919e+02 6.042033195496e+00 -1.985493779182e+00
G1-1 1132 2 -1.790472415675e+01 5.500200658005e+00 1.023480667913e+02 6.804940223694e+00 -2.263280391693e+00
G1-1 1132 3 -1.790472415675e+01 8.645754599193e+00 1.041798846864e+02 7.045949459076e+00 -2.440668344498e+00
G1-1 1132 4 -1.790472415675e+01 8.486302200802e+00 9.999513735102e+01 6.631342411041e+00 -2.197751522064e+00
G1-1 1133 1 1.073085203646e+01 -8.897593917102e+00 1.036239350978e+02 6.373401641846e+00 -2.065866470337e+00
G1-1 1133 2 6.596617986300e+00 -9.685964626563e+00 1.028816221930e+02 8.597387313843e+00 -2.805882215500e+00
G1-1 1133 3 5.844331763865e+00 -1.080173922960e+01 1.066545312271e+02 8.593358039856e+00 -2.813291311264e+00
G1-1 1133 4 9.019120521341e+00 -8.251504518600e+00 1.067392538283e+02 8.422501564026e+00 -3.155927658081e+00
G1-1 1134 1 -7.204635908736e+00 2.173279491706e+00 6.935765745217e+01 8.826851844788e+00 -2.346935749054e+00
G1-1 1134 2 -1.029501902178e+01 3.391137611949e+00 6.702465543652e+01 9.004063606262e+00 -1.993310809135e+00
G1-1 1134 3 -1.029501902178e+01 1.234929332559e+00 7.075931818464e+01 9.013208389282e+00 -1.975026130676e+00
G1-1 1134 4 -1.029501902178e+01 3.870295392323e+00 6.887801156583e+01 8.974199295044e+00 -2.053070783615e+00
G1-1 1135 1 1.111346026072e+01 1.085622059960e+01 6.644957603437e+01 4.992972850800e+00 -1.298873782158e+00
G1-1 1135 2 8.245169693461e+00 1.070311190449e+01 6.547906723362e+01 6.483399391174e+00 -1.844406366348e+00
G1-1 1135 3 1.065005175455e+01 9.996370419915e+00 6.322022018841e+01 7.381840705872e+00 -2.220863103867e+00
G1-1 1135 4 1.065005175455e+01 7.840162039529e+00 6.695488028750e+01 6.416658401489e+00 -1.816544771194e+00
G1-1 1136 1 4.733426282988e+00 1.465733524241e+01 6.528108976943e+01 4.796284675598e+00 -1.267488479614e+00
G1-1 1136 2 2.107155453645e+00 1.778385290809e+01 6.805124537021e+01 4.402480125427e+00 -1.142064690590e+00
G1-1 1136 3 6.299782970397e+00 1.778385290809e+01 6.366941211158e+01 6.853661537170e+00 -2.180054426193e+00
G1-1 1136 4 2.107155453645e+00 1.778385290809e+01 6.366941211158e+01 8.581960678101e+00 -2.836582422256e+00
G1-1 1137 1 1.605559902382e+01 -2.386678716645e+00 4.689742861635e+01 4.531769752502e+00 -1.411126732826e+00
G1-1 1137 2 1.235958089840e+01 -1.152171776978e+00 4.352600067172e+01 8.096477508545e+00 -2.691106557846e+00
G1-1 1137 3 1.347952004532e+01 -3.987042178805e+00 4.481826779845e+01 7.338547706604e+00 -2.428251504898e+00
G1-1 1137 4 1.360843361553e+01 2.954054390278e-01 4.817821181850e+01 4.764363288879e+00 -1.504990458488e+00
G1-1 1138 1 1.395145228084e+00 1.504965167391e+01 5.769299206714e+01 7.331555843353e+00 -5.347285270691e+00
G1-1 1138 2 -3.055977211300e-01 1.499938161998e+01 5.486363898502e+01 8.733558654785e+00 -2.533007383347e+00
G1-1 1138 3 -2.995275669689e+00 1.327005946312e+01 5.685713226638e+01 8.691722869873e+00 -2.617831707001e+00
G1-1 1138 4 -3.055977211300e-01 1.667643260310e+01 5.924547206354e+01 7.469963073730e+00 -2.325529336929e+00
G1-1 1139 1 6.739094172328e+00 4.752153872485e+00 3.911932231632e+01 7.695895195007e+00 -2.511034965515e+00
G1-1 1139 2 7.835705260972e+00 4.615251757753e+00 4.294407639884e+01 8.579311370850e+00 -2.841731548309e+00
G1-1 1139 3 9.421608265560e+00 2.192948959324e+00 4.065652180974e+01 7.405641555786e+00 -2.423669815063e+00
G1-1 1139 4 1.024735508038e+01 5.414679188390e+00 3.993623639649e+01 7.677036285400e+00 -2.512086153030e+00
G1-1 1140 1 4.266422351980e+00 -1.084341086998e+01 4.977757452339e+01 4.184111595154e+00 -1.202941060066e+00
G1-1 1140 2 8.239083576298e+00 -1.494837697755e+01 4.931788676937e+01 4.167007446289e+00 -1.248263359070e+00
G1-1 1140 3 7.012742971420e+00 -1.224067698643e+01 4.785269688085e+01 4.085936069489e+00 -1.197104811668e+00
G1-1 1140 4 9.762182019234e+00 -9.458730844760e+00 5.138322228904e+01 5.777437210083e+00 -1.851442813873e+00
G1-1 1141 1 3.066258770154e-01 -6.125428394860e+00 7.228846145095e+01 8.610316276550e+00 -2.737695693970e+00
G1-1 1141 2 2.036153224203e+00 -4.200673678574e+00 7.559202874493e+01 8.641760826111e+00 -2.717080831528e+00
G1-1 1141 3 -2.342157500020e+00 -4.547938809034e+00 7.787094270275e+01 8.647930145264e+00 -2.704981803894e+00
G1-1 1141 4 2.597818226363e+00 -8.587886579156e+00 7.622994069756e+01 8.329529762268e+00 -2.629733562469e+00
G1-1 1142 1 1.374572905587e+01 5.266875037019e+00 5.202557505444e+01 4.060865402222e+00 -1.241277456284e+00
G1-1 1142 2 1.619289469992e+01 8.045078818286e+00 5.434038692052e+01 5.544918537140e+00 -1.829070329666e+00
G1-1 1142 3 1.371919696801e+01 7.386372620828e+00 5.055333509500e+01 7.028064727783e+00 -2.687573194504e+00
G1-1 1142 4 1.283879296943e+01 8.045078818286e+00 5.434038692052e+01 8.550539016724e+00 -2.899327993393e+00
G1-1 1143 1 1.799655481295e+01 -1.493230391703e+01 7.870611582327e+01 3.673467159271e+00 -1.022758483887e+00
G1-1 1143 2 1.555835497033e+01 -1.238087020755e+01 8.085826148636e+01 5.155054569244e+00 -1.626622557640e+00
G1-1 1143 3 1.799655481295e+01 -8.942836268497e+00 8.000045459799e+01 4.623038291931e+00 -1.511385917664e+00
G1-1 1143 4 1.799655481295e+01 -1.111888098342e+01 7.630003625644e+01 3.395822525024e+00 -9.494144320488e-01
G1-1 1144 1 1.489138958079e+01 -1.339027433150e+01 7.993061764479e+01 4.829359054565e+00 -1.478590011597e+00
G1-1 1144 2 1.517124458356e+01 -1.321874100402e+01 7.607089222621e+01 3.959762811661e+00 -1.164556503296e+00
G1-1 1144 3 1.732958942341e+01 -1.212828510738e+01 7.537239241488e+01 2.865468263626e+00 -7.710276246071e-01
G1-1 1144 4 1.732958942341e+01 -1.594170804098e+01 7.777847198171e+01 3.405922412872e+00 -9.904798269272e-01
G1-1 1145 1 -1.486202814527e+01 1.351971258947e+01 1.431880496389e+02 6.014955520630e+00 -1.984120130539e+00
G1-1 1145 2 -1.783217422980e+01 1.652555166276e+01 1.429756644468e+02 6.569564819336e+00 -2.185330152512e+00
G1-1 1145 3 -1.783217422980e+01 1.233292420495e+01 1.473575030035e+02 5.459112167358e+00 -1.776324987411e+00
G1-1 1145 4 -1.783217422980e+01 1.652555166276e+01 1.473575030035e+02 6.641150951385e+00 -2.211292982101e+00
G1-1 1146 1 1.555835497033e+01 -1.237474051592e+01 8.315582601153e+01 4.279606342316e+00 -1.315025210381e+00
G1-1 1146 2 1.799655481295e+01 -1.109291519302e+01 8.603268375737e+01 4.225405216217e+00 -1.400171995163e+00
G1-1 1146 3 1.799655481295e+01 -1.492617422540e+01 8.100368223454e+01 2.329217910767e+00 -4.913143813610e-01
G1-1 1146 4 1.799655481295e+01 -8.936706812633e+00 8.229802100926e+01 5.391560077667e+00 -1.791450858116e+00
G1-1 1147 1 1.322628732635e+01 -1.422558765657e+01 8.546397340324e+01 5.700318813324e+00 -1.775829553604e+00
G1-1 1147 2 1.147185971115e+01 -1.677702136605e+01 8.769366288487e+01 2.484998941422e+00 -2.371228635311e-01
G1-1 1147 3 1.566448716896e+01 -1.677702136605e+01 8.769366288487e+01 4.414454460144e+00 -1.445812582970e+00
G1-1 1147 4 1.231038520271e+01 -1.294376209790e+01 8.834083492126e+01 3.701812267303e+00 -7.774478197098e-01
G1-1 1148 1 1.555835497033e+01 -1.422558765657e+01 8.410991369426e+01 3.171508550644e+00 -8.386028409004e-01
G1-1 1148 2 1.799655481295e+01 -1.677702136605e+01 8.633960128981e+01 3.641368865967e+00 -1.854649782181e+00
G1-1 1148 3 1.799655481295e+01 -1.677702136605e+01 8.195776991727e+01 3.872480392456e+00 -1.210854649544e+00
G1-1 1148 4 1.799655481295e+01 -1.294376209790e+01 8.698677332620e+01 1.192636966705e+00 -1.472035050392e-01
G1-1 1149 1 1.272928790290e+01 -1.252568767501e+01 1.285105621149e+02 5.209888935089e+00 -1.639075875282e+00
G1-1 1149 2 1.555772998931e+01 -1.728063917811e+01 1.295011795348e+02 6.828056812286e+00 -2.243775129318e+00
G1-1 1149 3 1.197663484612e+01 -1.728063917811e+01 1.308753500334e+02 7.084767341614e+00 -2.331695318222e+00
G1-1 1149 4 1.163686396242e+01 -1.728063917811e+01 1.267332910073e+02 6.775370121002e+00 -2.218480348587e+00
G1-1 1150 1 4.483081572665e+00 -1.377368150336e+00 1.264164713301e+02 5.234375000000e+00 -1.648173570633e+00
G1-1 1150 2 9.865905107079e+00 -4.698360586732e+00 1.273200327223e+02 5.952317237854e+00 -1.909064888954e+00
G1-1 1150 3 8.437623648406e+00 -8.844982742515e-01 1.241346200273e+02 5.399450302124e+00 -1.708822846413e+00
G1-1 1150 4 8.394272876787e+00 -7.683069182673e-01 1.291345109911e+02 5.437488555908e+00 -1.728923797607e+00
G1-1 1151 1 1.278676580521e+01 -5.652413070096e+00 1.302740318657e+02 5.103859424591e+00 -1.593504548073e+00
G1-1 1151 2 1.131513369280e+01 -1.722359467939e+00 1.320885139068e+02 5.576131820679e+00 -1.780112981796e+00
G1-1 1151 3 1.259932308370e+01 -5.362312968265e+00 1.341148474319e+02 4.976592540741e+00 -1.552853107452e+00
G1-1 1151 4 1.561520789162e+01 -1.895037511011e+00 1.319035882409e+02 5.042562007904e+00 -1.572763562202e+00
G1-1 1152 1 1.006045397915e+01 -1.493076803334e+01 1.178548906508e+02 5.016347885132e+00 -1.541789174080e+00
G1-1 1152 2 7.718020854805e+00 -1.727871428230e+01 1.171372531056e+02 4.561741352081e+00 -1.346413612366e+00
G1-1 1152 3 9.169545807640e+00 -1.727871428230e+01 1.208905023745e+02 5.458856582642e+00 -1.719302177429e+00
G1-1 1152 4 7.098815639225e+00 -1.486547943509e+01 1.174589111812e+02 5.355458736420e+00 -1.648264765739e+00
G1-1 1153 1 -1.327168013337e+01 1.146824108644e-01 1.396993139116e+02 4.552194118500e+00 -1.402711033821e+00
G1-1 1153 2 -1.745674410899e+01 1.648429804658e-01 1.355575998546e+02 4.643743038177e+00 -1.430225133896e+00
G1-1 1153 3 -1.745674410899e+01 -2.379090795280e+00 1.397527385215e+02 4.436192989349e+00 -1.351650238037e+00
G1-1 1153 4 -1.745674410899e+01 2.535382198584e+00 1.397414555004e+02 4.418967247009e+00 -1.347576856613e+00
G1-1 1154 1 -1.332053670134e+00 -2.287806681208e+00 3.829975470803e+01 7.276545047760e+00 -2.383193492889e+00
G1-1 1154 2 -1.353061952972e+00 -5.937609683369e+00 3.779251434262e+01 5.855181217194e+00 -1.876179575920e+00
G1-1 1154 3 -5.522373680085e+00 -2.229162901044e+00 3.825419809848e+01 7.139048099518e+00 -2.336973190308e+00
G1-1 1154 4 -1.517558761995e+00 -5.812622708622e+00 3.476196218742e+01 6.015754222870e+00 -1.943925142288e+00
G1-1 1155 1 -1.303512139273e+01 1.028164647763e+01 2.845897593753e+01 5.719924926758e+00 -1.822469711304e+00
G1-1 1155 2 -1.293162699126e+01 7.563438901608e+00 2.465080743613e+01 4.725028038025e+00 -1.456601142883e+00
G1-1 1155 3 -1.295523994894e+01 7.627432629811e+00 2.907226029821e+01 5.034372806549e+00 -1.551834821701e+00
G1-1 1155 4 -1.597132412129e+01 8.863240963115e+00 2.581125390503e+01 4.323284626007e+00 -1.300310015678e+00
G1-1 1156 1 -1.490646119230e+01 1.388398437570e+01 3.272639626250e+01 4.617059707642e+00 -1.431529998779e+00
G1-1 1156 2 -1.784266368511e+01 1.305318206661e+01 3.683032920573e+01 2.410916328430e+00 -4.717011749744e-01
G1-1 1156 3 -1.784266368511e+01 1.673267820387e+01 3.686741901431e+01 3.751598119736e+00 -1.187830090523e+00
G1-1 1156 4 -1.784266368511e+01 1.673267820387e+01 3.244849612721e+01 4.095447063446e+00 -1.297011137009e+00
G1-1 1157 1 -1.105498115730e+01 1.380135918388e+01 2.309290904022e+01 4.694172859192e+00 -1.474190235138e+00
G1-1 1157 2 -1.599081862130e+01 1.230735995398e+01 2.361947053286e+01 4.046070098877e+00 -1.230913639069e+00
G1-1 1157 3 -1.199775831670e+01 1.657445894303e+01 2.385065398915e+01 4.845526695251e+00 -1.536250948906e+00
G1-1 1157 4 -1.599081862130e+01 1.657445894303e+01 2.157036907144e+01 5.248662471771e+00 -1.703071951866e+00
G1-1 1158 1 -5.467945398356e-01 1.313068302916e+01 3.418198060663e+01 4.756583690643e+00 -1.372069239616e+00
G1-1 1158 2 1.701014240589e-02 1.684572164707e+01 3.124109917060e+01 4.694721698761e+00 -1.401747345924e+00
G1-1 1158 3 -2.689887969288e+00 1.439838606683e+01 3.409444559992e+01 5.523328304291e+00 -1.687310218811e+00
G1-1 1158 4 -5.539899202790e-01 1.684572164707e+01 3.488279391302e+01 4.424214839935e+00 -1.255071043968e+00
G1-1 1159 1 -1.310012278433e+01 -3.208340975956e+00 4.689217974843e+01 6.000019073486e+00 -1.941578984261e+00
G1-1 1159 2 -1.345592840688e+01 -4.322735033569e+00 5.064858015079e+01 6.173043251038e+00 -2.010552167892e+00
G1-1 1159 3 -1.359515531553e+01 -4.621055424908e-01 4.769465437596e+01 6.031055927277e+00 -1.954703569412e+00
G1-1 1159 4 -1.616843842124e+01 -2.876113139070e+00 4.817252868747e+01 5.372395038605e+00 -1.713976740837e+00
G1-1 1160 1 -9.097435564285e-01 1.093169267380e+01 4.849665228970e+01 8.653380393982e+00 -2.694077253342e+00
G1-1 1160 2 -8.671873687807e-01 1.455647727155e+01 4.945880877054e+01 6.713276863098e+00 -6.591600418091e+00
G1-1 1160 3 -3.630908464025e+00 1.191555439517e+01 5.050181185587e+01 8.244065284729e+00 -3.523745775223e+00
G1-1 1160 4 -8.671873687807e-01 1.378188051788e+01 5.080044955704e+01 5.766434192657e+00 -8.509543418884e+00
G1-1 1161 1 -2.788210167206e-01 4.712361140153e+00 5.304495304073e+01 8.579319000244e+00 -2.841788768768e+00
G1-1 1161 2 2.184945835694e+00 9.236505478404e+00 5.058103718806e+01 7.783380508423e+00 -4.435826778412e+00
G1-1 1161 3 -2.003290421620e-01 8.209709790000e+00 4.957739969460e+01 7.698471546173e+00 -4.605673789978e+00
G1-1 1161 4 -2.847450776366e+00 9.330575712987e+00 5.387468930025e+01 7.865955829620e+00 -4.273065567017e+00
G1-1 1162 1 -1.066302622961e+01 1.373842912265e+01 3.976138928014e+01 3.918375730515e+00 -1.072718977928e+00
G1-1 1162 2 -1.200188327594e+01 1.602583187913e+01 3.859375891059e+01 4.588079452515e+00 -1.415576457977e+00
G1-1 1162 3 -1.241978251362e+01 1.317713805096e+01 3.445273615878e+01 3.013126611710e+00 -6.769956350327e-01
G1-1 1162 4 -1.535598524219e+01 1.234633574187e+01 3.855666910202e+01 5.079955577850e+00 -1.585392832756e+00
G1-1 1163 1 1.675357315556e+00 1.607093503259e+01 4.099847094922e+01 3.788258790970e+00 -8.589668273926e-01
G1-1 1163 2 2.473364289608e+00 1.811755855155e+01 4.146387110222e+01 3.051439523697e+00 -5.509307980537e-01
G1-1 1163 3 3.382718405683e-01 1.811755855155e+01 3.877959929528e+01 4.044734001160e+00 -1.059045314789e+00
G1-1 1163 4 -1.804189178624e+00 1.811755855155e+01 4.135592852633e+01 4.847522258759e+00 -1.411473631859e+00
G1-1 1164 1 -1.518808092308e+00 -2.108777611636e+00 2.455418569265e+01 7.040788650513e+00 -2.334616184235e+00
G1-1 1164 2 -5.471251166402e+00 -2.668360625302e+00 2.733056066121e+01 6.677621841431e+00 -2.198415756226e+00
G1-1 1164 3 -1.979370946659e+00 -6.195144046592e+00 2.309576003259e+01 6.120856285095e+00 -2.020943164825e+00
G1-1 1164 4 -1.639741663492e+00 -5.895640404000e+00 2.844933637174e+01 6.051241874695e+00 -1.978231310844e+00
G1-1 1165 1 -7.169203525573e+00 -3.121066572783e+00 3.782517711779e+01 6.749658107758e+00 -2.200973987579e+00
G1-1 1165 2 -2.999891743203e+00 -6.829513341755e+00 3.736349241889e+01 5.972785949707e+00 -1.926977634430e+00
G1-1 1165 3 -8.308136677194e+00 -6.065971258226e+00 3.648239067266e+01 5.924773693085e+00 -1.915173888206e+00
G1-1 1165 4 -3.164388622217e+00 -6.704526367008e+00 3.433294026369e+01 5.925665378571e+00 -1.916815519333e+00
G1-1 1166 1 -7.326955254220e-01 2.817445270957e+00 2.888494859265e+01 7.189108371735e+00 -2.361470222473e+00
G1-1 1166 2 -5.733452599976e+00 1.146141050860e+00 2.841349892863e+01 7.134876728058e+00 -2.347269296646e+00
G1-1 1166 3 -4.259321676268e+00 5.064760164388e+00 2.833048572384e+01 7.352455615997e+00 -2.415208339691e+00
G1-1 1166 4 -1.781009540616e+00 1.705724005586e+00 2.563712396007e+01 6.958129405975e+00 -2.293011188507e+00
G1-1 1167 1 -5.701034012462e+00 -1.006949800742e+01 2.654162724504e+01 5.434487819672e+00 -1.773064613342e+00
G1-1 1167 2 -5.921025829099e+00 -1.010541665765e+01 3.073072246199e+01 5.280606269836e+00 -1.705484986305e+00
G1-1 1167 3 -3.191264832785e+00 -8.162798387141e+00 3.028705134326e+01 5.531812667847e+00 -1.790072560310e+00
G1-1 1167 4 -7.022774276756e+00 -4.935518549503e+00 2.916827610425e+01 6.238375663757e+00 -2.042313337326e+00
G1-1 1168 1 6.868056527377e-02 -3.711215915036e+00 1.106964769567e+02 8.449773788452e+00 -2.785730600357e+00
G1-1 1168 2 2.305703695569e+00 -8.809467489584e+00 1.100818414563e+02 6.723114013672e+00 -2.125567436218e+00
G1-1 1168 3 3.268573811039e+00 -2.836687386614e+00 1.108796280385e+02 6.943237304688e+00 -2.246901512146e+00
G1-1 1168 4 9.422104194222e-01 -7.863215902053e+00 1.130416339317e+02 6.462266445160e+00 -2.041491508484e+00
G1-1 1169 1 5.777694712964e+00 1.168094989842e+01 1.232681144626e+02 5.108439922333e+00 -1.641464233398e+00
G1-1 1169 2 6.037723117752e+00 1.112092532947e+01 1.187383708237e+02 5.083106517792e+00 -1.623301267624e+00
G1-1 1169 3 8.782759990495e+00 8.684757219004e+00 1.224032758664e+02 5.840317249298e+00 -1.901809692383e+00
G1-1 1169 4 2.836746054121e+00 9.590109629980e+00 1.202254774948e+02 4.938795089722e+00 -1.563131093979e+00
G1-1 1170 1 1.117015452842e+01 -1.471099896932e+01 5.299178523611e+00 5.715700149536e+00 -3.417282819748e+00
G1-1 1170 2 9.453230849535e+00 -1.713223151679e+01 7.357221049687e+00 5.063312530518e+00 -1.670209527016e+00
G1-1 1170 3 7.989468252795e+00 -1.431825404629e+01 5.898321824630e+00 5.439480304718e+00 -3.421657085419e+00
G1-1 1170 4 9.453230849535e+00 -1.713223151679e+01 2.975387912222e+00 5.468467235565e+00 -3.507319688797e+00
G1-1 1171 1 1.371552329888e+01 5.394939432150e+00 1.219632166273e+02 6.061293601990e+00 -1.977755904198e+00
G1-1 1171 2 1.655664535070e+01 2.539335735534e+00 1.205654300055e+02 5.900053024292e+00 -1.911214709282e+00
G1-1 1171 3 1.229992192349e+01 2.570407311006e+00 1.206030469632e+02 5.905128479004e+00 -1.911476612091e+00
G1-1 1171 4 1.655664535070e+01 6.766715368247e+00 1.183192387160e+02 6.438053131104e+00 -2.123245239258e+00
G1-1 1172 1 1.697158385994e+01 8.565484854891e+00 1.325090324104e+02 5.600926876068e+00 -1.810320854187e+00
G1-1 1172 2 1.697158385994e+01 3.888713585997e+00 1.315636341754e+02 5.308364868164e+00 -1.687396407127e+00
G1-1 1172 3 1.405763015446e+01 7.995562899105e+00 1.337395317200e+02 5.337841033936e+00 -1.715812683105e+00
G1-1 1172 4 1.413046204388e+01 6.769732537895e+00 1.281088328831e+02 6.027668952942e+00 -1.964484095573e+00
G1-1 1173 1 -2.988646218136e+00 -2.972094636229e+00 1.249096127243e+02 5.765426158905e+00 -1.839545011520e+00
G1-1 1173 2 -5.191985593994e+00 -4.962236604806e+00 1.213741217781e+02 6.170590400696e+00 -1.975695490837e+00
G1-1 1173 3 -6.632593952142e+00 -8.180660831317e+00 1.259715402955e+02 5.561288833618e+00 -1.757414817810e+00
G1-1 1173 4 -8.071821588042e+00 -3.153091166249e+00 1.238466035590e+02 6.159746170044e+00 -1.983269333839e+00
G1-1 1174 1 4.479163175012e+00 6.740086142032e-01 1.258524408663e+02 5.570409774780e+00 -1.781631946564e+00
G1-1 1174 2 9.849306508256e+00 3.991410585645e+00 1.249307573414e+02 5.582346439362e+00 -1.795981287956e+00
G1-1 1174 3 8.390354243372e+00 1.283069787332e+00 1.285704767552e+02 5.386135578156e+00 -1.716278910637e+00
G1-1 1174 4 8.433705014991e+00 1.166878431347e+00 1.235705895635e+02 5.938827037811e+00 -1.916944384575e+00
G1-1 1175 1 1.222587178779e+01 -6.051061019573e-01 1.190508100664e+02 6.301113605499e+00 -2.045350313187e+00
G1-1 1175 2 1.648259497923e+01 -6.361777069002e-01 1.190131931087e+02 5.339682579041e+00 -1.689190268517e+00
G1-1 1175 3 1.340184139095e+01 -3.735214000391e+00 1.179048934674e+02 6.083399772644e+00 -1.951798439026e+00
G1-1 1175 4 1.648259497923e+01 -7.303352582876e-01 1.142499479620e+02 5.725809097290e+00 -1.845619916916e+00
G1-1 1176 1 9.249936688326e+00 -1.021879988141e+01 1.341453393763e+02 5.584294795990e+00 -1.785895228386e+00
G1-1 1176 2 6.202523390494e+00 -1.309448451654e+01 1.299171030845e+02 4.875281333923e+00 -1.509727716446e+00
G1-1 1176 3 8.684726235178e+00 -1.526385148635e+01 1.326693117286e+02 5.462474346161e+00 -1.738080978394e+00
G1-1 1176 4 3.942856182325e+00 -1.119685722636e+01 1.318698495094e+02 5.639599323273e+00 -1.801541209221e+00
G1-1 1177 1 1.097112576468e+01 1.309581922068e+00 1.228538344530e+02 6.102894783020e+00 -1.977146267891e+00
G1-1 1177 2 1.238672714006e+01 4.134114102152e+00 1.242140022310e+02 5.898457527161e+00 -1.912488818169e+00
G1-1 1177 3 1.092777499306e+01 1.425773281736e+00 1.278537235308e+02 5.053018569946e+00 -1.588386893272e+00
G1-1 1177 4 1.522784942764e+01 1.278510317125e+00 1.228162174952e+02 6.340322017670e+00 -2.064393758774e+00
G1-1 1178 1 3.242973812556e+00 -1.110918699483e+01 1.019591544784e+02 8.594494819641e+00 -2.812348604202e+00
G1-1 1178 2 1.095031904804e+00 -1.049388786648e+01 1.032669178251e+02 8.582825660706e+00 -2.836064577103e+00
G1-1 1178 3 1.095031904804e+00 -1.410730075317e+01 1.022661634454e+02 8.600646018982e+00 -2.799576759338e+00
G1-1 1178 4 2.490687649061e+00 -1.222496183364e+01 1.057320653986e+02 8.058809280396e+00 -2.574195623398e+00
G1-1 1179 1 -1.439196656473e+01 3.896408388372e+00 9.766487692510e+01 6.673826217651e+00 -2.211276054382e+00
G1-1 1179 2 -1.710575516943e+01 1.246704005052e+00 9.670563255978e+01 6.391397476196e+00 -2.121973276138e+00
G1-1 1179 3 -1.449865646586e+01 -2.062987308182e-02 9.982408877591e+01 6.202316761017e+00 -2.050340175629e+00
G1-1 1179 4 -1.710575516943e+01 2.465804243087e+00 1.001471116391e+02 6.346823692322e+00 -2.103862524033e+00
G1-1 1180 1 5.064285351358e+00 1.200218712904e+01 9.117496685261e+01 4.458794593811e+00 -1.273616790771e+00
G1-1 1180 2 7.981969151170e+00 1.326217333665e+01 8.813374243998e+01 4.012959480286e+00 -1.085293173790e+00
G1-1 1180 3 3.292333484773e+00 1.641320064560e+01 9.061674825898e+01 4.101699352264e+00 -1.119723320007e+00
G1-1 1180 4 7.484960854175e+00 1.641320064560e+01 9.061674825898e+01 4.055738925934e+00 -1.122646331787e+00
G1-1 1181 1 -3.325939369255e-01 1.432707225193e+00 8.690134842361e+01 8.584631919861e+00 -2.831620693207e+00
G1-1 1181 2 -4.782878149970e+00 2.823191677173e+00 8.859553772682e+01 8.413235664368e+00 -2.749685764313e+00
G1-1 1181 3 -1.318741464255e+00 1.338560917012e+00 9.253177618911e+01 8.582815170288e+00 -2.834712505341e+00
G1-1 1181 4 -3.108289328946e+00 5.485164592086e+00 9.078556648126e+01 5.706523895264e+00 -1.755440950394e+00
G1-1 1182 1 -1.898860975234e+00 1.241655120413e+01 2.051124085434e+01 6.013926982880e+00 -1.969378232956e+00
G1-1 1182 2 -2.338737664606e+00 1.629166656573e+01 2.054418985712e+01 5.322074413300e+00 -1.724049448967e+00
G1-1 1182 3 -2.756174220555e-02 1.221144855778e+01 2.335558404062e+01 5.485488414764e+00 -1.759723424911e+00
G1-1 1182 4 1.117067158474e+00 1.629166656573e+01 1.980180682690e+01 5.078903198242e+00 -1.638271450996e+00
G1-1 1183 1 1.093743726736e+01 7.617964775527e+00 2.519512239734e+01 5.383347988129e+00 -1.701948404312e+00
G1-1 1183 2 1.206132832732e+01 1.053540198343e+01 2.737281708536e+01 5.785653591156e+00 -1.850249171257e+00
G1-1 1183 3 1.231760003640e+01 7.790764252112e+00 2.909147020601e+01 4.899632453918e+00 -1.492030382156e+00
G1-1 1183 4 1.539313563540e+01 8.960582238141e+00 2.577866671205e+01 4.787146568298e+00 -1.479909658432e+00
G1-1 1184 1 -6.441171268566e+00 1.295649425483e+01 1.389881664190e+01 5.486064434052e+00 -1.811609029770e+00
G1-1 1184 2 -3.595558496050e+00 1.196330141558e+01 1.664735894520e+01 6.456680774689e+00 -2.146113872528e+00
G1-1 1184 3 -1.079139081251e+00 1.317337563527e+01 1.310289470076e+01 5.896365642548e+00 -1.960800647736e+00
G1-1 1184 4 -4.309643277241e+00 1.583841724870e+01 1.260443522820e+01 4.732963562012e+00 -1.547563791275e+00
G1-1 1185 1 1.161856523161e+01 4.931435123402e+00 2.080815780941e+01 6.093941688538e+00 -1.991995453835e+00
G1-1 1185 2 1.607426383541e+01 2.003851587542e+00 1.866268443173e+01 4.463483810425e+00 -1.405572891235e+00
G1-1 1185 3 1.187109832073e+01 1.763169034171e+00 1.848748788404e+01 6.967172622681e+00 -2.316561698914e+00
G1-1 1185 4 1.607426383541e+01 6.766347306834e+00 1.773537524287e+01 4.485348701477e+00 -1.423813343048e+00
G1-1 1186 1 8.898247843562e+00 1.433473518011e+01 1.522259291760e+01 5.314555644989e+00 -1.735565900803e+00
G1-1 1186 2 1.040795539708e+01 1.697666070385e+01 1.468694279265e+01 4.677645683289e+00 -1.505750894547e+00
G1-1 1186 3 1.045285946757e+01 1.387993848360e+01 1.191130201465e+01 4.740755558014e+00 -1.538993835449e+00
G1-1 1186 4 8.052140199346e+00 1.697666070385e+01 1.151845918825e+01 4.866194725037e+00 -1.592500448227e+00
G1-1 1187 1 1.745440686445e+01 1.247914681740e+01 1.034090463258e+02 6.954547405243e+00 -2.312889575958e+00
G1-1 1187 2 1.745440686445e+01 1.632799944595e+01 1.011293786830e+02 7.037153244019e+00 -2.341434240341e+00
G1-1 1187 3 1.745440686445e+01 1.233909364006e+01 9.923725612261e+01 6.637390136719e+00 -2.193656206131e+00
G1-1 1187 4 1.326177940664e+01 1.632799944595e+01 1.011293786830e+02 4.962988853455e+00 -1.580219507217e+00
G1-1 1188 1 2.673483080665e+00 1.267022942912e+01 6.975557181958e+00 4.709161281586e+00 -2.033171892166e+00
G1-1 1188 2 1.620868828108e+00 1.533527080680e+01 1.646705675879e+00 3.510276079178e+00 -5.259253978729e+00
G1-1 1188 3 5.813496256450e+00 1.114264334899e+01 1.646705675879e+00 2.843502521515e+00 -4.661560535431e+00
G1-1 1188 4 1.620868828108e+00 1.114264334899e+01 1.646705675879e+00 2.692359447479e+00 -4.216798782349e+00
G1-1 1189 1 -1.352801789230e+01 1.301198312338e+01 6.366169732683e+01 8.588969230652e+00 -2.822373628616e+00
G1-1 1189 2 -1.426754766347e+01 1.385696235423e+01 5.967065734498e+01 7.807756900787e+00 -2.581421136856e+00
G1-1 1189 3 -1.290193950101e+01 1.142221499771e+01 6.086521762259e+01 8.656275749207e+00 -2.687751531601e+00
G1-1 1189 4 -1.625604146726e+01 1.142221499771e+01 6.086521762259e+01 1.469087839127e+00 5.742574855685e-02
G1-1 1190 1 -1.223242475675e+01 1.419652576255e+01 6.386168363137e+01 3.520015716553e+00 -7.371761798859e-01
G1-1 1190 2 -1.297195452792e+01 1.504150499340e+01 5.987064459256e+01 5.846794128418e+00 -1.860124111176e+00
G1-1 1190 3 -1.076782087390e+01 1.644001714078e+01 6.171237520058e+01 7.699109077454e+00 -2.514598131180e+00
G1-1 1190 4 -1.160634636547e+01 1.260675740112e+01 6.106520487017e+01 3.204434633255e+00 -1.127045080066e-01
G1-1 1191 1 1.434156009204e+00 -1.276936456027e+01 1.076042396638e+01 4.936769485474e+00 -1.977115869522e+00
G1-1 1191 2 6.324596599357e-01 -1.598132603214e+01 9.336219501994e+00 4.490431785583e+00 -2.309433221817e+00
G1-1 1191 3 -8.514188620645e-01 -1.304764707185e+01 7.876313142776e+00 4.568682193756e+00 -1.995920538902e+00
G1-1 1191 4 3.361324255776e+00 -1.316734856163e+01 7.877320335877e+00 4.635509490967e+00 -2.131993055344e+00
G1-1 1192 1 -1.592309136552e+01 5.565900438808e+00 7.068934160506e+01 1.674527287483e+00 -6.793519109488e-02
G1-1 1192 2 -1.348322629132e+01 8.397660701458e+00 7.332386425554e+01 4.727881908417e+00 -1.379285216331e+00
G1-1 1192 3 -1.256898939927e+01 3.409691846502e+00 7.442400435318e+01 8.597398757935e+00 -2.805786371231e+00
G1-1 1192 4 -1.256898939927e+01 5.565900851390e+00 7.068934160506e+01 8.617103576660e+00 -2.766902446747e+00
G1-1 1193 1 -1.517897077932e+01 1.277784237870e+01 6.673895838327e+01 4.135571002960e+00 -1.267604231834e+00
G1-1 1193 2 -1.790699435428e+01 1.502133375693e+01 6.897148132502e+01 2.360744237900e+00 -5.266065001488e-01
G1-1 1193 3 -1.790699435428e+01 1.118807437090e+01 6.394247867903e+01 4.441926479340e+00 -1.479058742523e+00
G1-1 1193 4 -1.790699435428e+01 9.031865990515e+00 6.767714066421e+01 5.227096080780e+00 -1.773402333260e+00
G1-1 1194 1 1.256527559808e+01 9.389633119434e+00 9.452823733073e+01 5.486697196960e+00 -1.752742171288e+00
G1-1 1194 2 1.173220262365e+01 1.170377983699e+01 8.951308310381e+01 5.673921108246e+00 -1.804849147797e+00
G1-1 1194 3 1.123519456242e+01 1.485480761745e+01 9.199608892281e+01 4.859354972839e+00 -1.507609248161e+00
G1-1 1194 4 1.542782202023e+01 1.086590134004e+01 9.448579926081e+01 5.560307025909e+00 -1.788476347923e+00
G1-1 1195 1 -1.050857292565e+01 1.490782065267e+01 6.743665151434e+01 5.844569683075e+00 -1.751831173897e+00
G1-1 1195 2 -9.043969042799e+00 1.715131155938e+01 6.966917634218e+01 4.138885974884e+00 -1.016533851624e+00
G1-1 1195 3 -6.508126230116e+00 1.422133799738e+01 6.998544691882e+01 7.334229469299e+00 -2.321915864944e+00
G1-1 1195 4 -9.043969042799e+00 1.715131155938e+01 6.528734308355e+01 3.077085971832e+00 -4.637400209904e-01
G1-1 1196 1 1.259372681896e+01 1.196038267988e+01 3.684326827850e+01 5.648018360138e+00 -1.771826028824e+00
G1-1 1196 2 8.933632270987e+00 1.140053657705e+01 3.427547161889e+01 5.441213607788e+00 -1.674723148346e+00
G1-1 1196 3 1.148841331275e+01 8.581333058851e+00 3.388083002259e+01 5.410011291504e+00 -1.662602186203e+00
G1-1 1196 4 1.169367736537e+01 8.683068118796e+00 3.709464509162e+01 5.002961158752e+00 -1.501711010933e+00
G1-1 1197 1 1.348279214994e+01 6.036475082784e+00 4.563665087461e+01 6.067047595978e+00 -1.974526166916e+00
G1-1 1197 2 1.226047152066e+01 2.469400282970e+00 4.245667968727e+01 6.941996574402e+00 -2.273939847946e+00
G1-1 1197 3 1.308621880700e+01 5.691130394156e+00 4.173639333098e+01 6.765265941620e+00 -2.203941583633e+00
G1-1 1197 4 1.595649011761e+01 4.778448588417e+00 4.585249885495e+01 4.343002319336e+00 -1.347939968109e+00
G1-1 1198 1 7.466970054431e+00 1.534786589374e+01 3.413293327882e+01 6.515876293182e+00 -2.101622104645e+00
G1-1 1198 2 7.230633295860e+00 1.794686520023e+01 3.556571211125e+01 5.568108558655e+00 -1.749118685722e+00
G1-1 1198 3 9.743184964697e+00 1.794686520023e+01 3.717009062445e+01 2.797479629517e+00 -6.222983002663e-01
G1-1 1198 4 9.655795909714e+00 1.794686520023e+01 3.419406382069e+01 4.026750087738e+00 -1.177604794502e+00
G1-1 1199 1 1.385063351797e+01 4.623955565223e+00 4.064274318407e+01 5.367156505585e+00 -1.683823227882e+00
G1-1 1199 2 1.672090482857e+01 3.711273700544e+00 4.475884870804e+01 4.772305488586e+00 -1.494544506073e+00
G1-1 1199 3 1.302488623163e+01 1.402225461405e+00 4.136302954036e+01 6.742950439453e+00 -2.201518774033e+00
G1-1 1199 4 1.672090482857e+01 1.515850049376e+00 4.100387450870e+01 5.459056854248e+00 -1.730528712273e+00
G1-1 1200 1 1.358193938475e+01 3.777464472356e+00 3.380332560866e+01 5.569253444672e+00 -1.740974903107e+00
G1-1 1200 2 1.296145615103e+01 6.574698189616e-01 3.773742514789e+01 6.039097309113e+00 -1.932849764824e+00
G1-1 1200 3 1.665747474798e+01 6.581737508076e-01 3.261435716671e+01 5.088525772095e+00 -1.577163100243e+00
G1-1 1200 4 1.665747474798e+01 7.710944364030e-01 3.737827105928e+01 5.032698154449e+00 -1.556769847870e+00
G1-1 1201 1 -6.250528134730e+00 -7.218910601291e+00 1.194723131569e+02 6.069508075714e+00 -1.929500341415e+00
G1-1 1201 2 -7.691136492878e+00 -1.043733512250e+01 1.240697260160e+02 5.139365196228e+00 -1.589452147484e+00
G1-1 1201 3 -9.832135286515e+00 -7.299501970379e+00 1.202232276354e+02 5.515560150146e+00 -1.726637125015e+00
G1-1 1201 4 -6.770932942627e+00 -1.064178305229e+01 1.185749736703e+02 5.421451091766e+00 -1.677211403847e+00
G1-1 1202 1 9.622195747334e+00 -1.241263413582e+01 1.027612732579e+02 8.525354385376e+00 -2.952047348022e+00
G1-1 1202 2 6.738984735181e+00 -1.066827396153e+01 1.019425474222e+02 7.739804744720e+00 -4.525082588196e+00
G1-1 1202 3 5.986698512746e+00 -1.178404880034e+01 1.057154583423e+02 3.614056110382e+00 -7.471717000008e-01
G1-1 1202 4 1.087321890322e+01 -9.879903369953e+00 1.026848622130e+02 8.457861900330e+00 -3.085212707520e+00
G1-1 1203 1 1.656983137282e+01 1.065026168434e+01 9.866567036352e+01 6.233944892883e+00 -2.046407461166e+00
G1-1 1203 2 1.237720391501e+01 1.463916772599e+01 1.005577929239e+02 4.761299610138e+00 -1.499589443207e+00
G1-1 1203 3 1.370728495067e+01 9.173993227973e+00 9.870810654736e+01 5.405538558960e+00 -1.738202571869e+00
G1-1 1203 4 1.656983137282e+01 1.079031509745e+01 1.028374624528e+02 6.232564926147e+00 -2.051795959473e+00
G1-1 1204 1 2.046035083906e+00 8.547548502409e-01 1.034779427171e+02 6.597864151001e+00 -2.139370679855e+00
G1-1 1204 2 2.843834774301e-01 -1.068287371871e+00 1.000317805303e+02 8.503292083740e+00 -2.993828058243e+00
G1-1 1204 3 2.843834774301e-01 -4.745069211997e+00 1.032476348123e+02 8.537451744080e+00 -2.925831317902e+00
G1-1 1204 4 -5.569838644037e-01 -1.377891567765e+00 1.063274197723e+02 8.352495193481e+00 -2.759980916977e+00
G1-1 1205 1 1.265288700417e+01 -1.103496081796e+01 1.160735697032e+02 6.477313995361e+00 -2.076229333878e+00
G1-1 1205 2 1.186803500558e+01 -8.047878499657e+00 1.123434634595e+02 4.496586322784e+00 -1.308933973312e+00
G1-1 1205 3 1.260209150701e+01 -7.944201013475e+00 1.165551213543e+02 5.730360984802e+00 -1.799023628235e+00
G1-1 1205 4 1.568284509530e+01 -9.136309392719e+00 1.154796414424e+02 5.370289325714e+00 -1.654493570328e+00
G1-1 1206 1 4.488734273270e+00 -1.680678739057e+00 1.175177468562e+02 6.811204910278e+00 -2.216727733612e+00
G1-1 1206 2 6.624693073846e+00 8.418679943360e-01 1.188121932881e+02 6.376694679260e+00 -2.071377515793e+00
G1-1 1206 3 4.854687592502e+00 1.030627920643e+00 1.141676846612e+02 6.368867397308e+00 -2.061486959457e+00
G1-1 1206 4 2.094280954909e+00 4.571752673807e+00 1.179945626944e+02 5.632206439972e+00 -1.803297877312e+00
G1-1 1207 1 1.280434354798e+01 -6.164222584062e+00 1.113628314803e+02 6.646255016327e+00 -2.155260086060e+00
G1-1 1207 2 1.353840004942e+01 -6.060545215761e+00 1.155744874891e+02 4.980672836304e+00 -1.515912294388e+00
G1-1 1207 3 1.661915363770e+01 -7.252653477124e+00 1.144990075772e+02 4.034890174866e+00 -1.117082476616e+00
G1-1 1207 4 1.661915363770e+01 -3.055666414717e+00 1.119195419837e+02 5.654329299927e+00 -1.809525489807e+00
G1-1 1208 1 9.059319321412e+00 -2.344389898281e+00 1.020565255184e+02 7.946388721466e+00 -2.886362314224e+00
G1-1 1208 2 1.082850870243e+01 -3.101414000880e+00 9.951353387315e+01 7.561018943787e+00 -2.709710121155e+00
G1-1 1208 3 7.017990633901e+00 -6.418025785320e+00 1.001173071902e+02 5.505996704102e+00 -1.760586261749e+00
G1-1 1208 4 8.334185500275e+00 -2.125944816843e+00 9.820922002707e+01 7.476681232452e+00 -2.472684383392e+00
G1-1 1209 1 6.565723366849e+00 -1.225507096595e+01 1.069315323215e+02 2.449522256851e+00 -2.698123268783e-02
G1-1 1209 2 1.145224375733e+01 -1.035092506405e+01 1.039009380782e+02 7.171051025391e+00 -2.345497369766e+00
G1-1 1209 3 9.191773377826e+00 -1.266355487529e+01 1.070939234582e+02 4.478280544281e+00 -1.248428940773e+00
G1-1 1209 4 1.020122060144e+01 -1.288365630143e+01 1.039773491231e+02 7.543103694916e+00 -2.440321683884e+00
G1-1 1210 1 -1.681903588677e+01 -7.619855802770e+00 2.504566374681e+01 5.900034427643e+00 -1.937358498573e+00
G1-1 1210 2 -1.681903588677e+01 -3.497325636620e+00 2.699070783188e+01 5.809718132019e+00 -1.886242270470e+00
G1-1 1210 3 -1.409605605492e+01 -8.461768526517e+00 2.621317640343e+01 5.660302639008e+00 -1.852145671844e+00
G1-1 1210 4 -1.329328458609e+01 -4.080407081175e+00 2.351967427741e+01 5.498419284821e+00 -1.787237524986e+00
G1-1 1211 1 1.934406344823e+00 4.843378161336e+00 1.158682789257e+01 5.524434566498e+00 -2.510710954666e+00
G1-1 1211 2 -2.852464980889e+00 4.458498514191e+00 1.183218409572e+01 5.517392158508e+00 -2.429965257645e+00
G1-1 1211 3 9.919154934546e-01 9.042107072641e+00 1.139751138287e+01 5.653623580933e+00 -2.574882745743e+00
G1-1 1211 4 -5.130775719573e-01 5.693464896471e+00 9.096711530264e+00 4.749564170837e+00 -2.579610824585e+00
G1-1 1212 1 7.600098343679e+00 -8.418317786953e+00 1.439146952337e+02 5.006695270538e+00 -1.579760074615e+00
G1-1 1212 2 7.289994316846e+00 -1.466269299673e+01 1.428934861001e+02 5.691167831421e+00 -1.835751414299e+00
G1-1 1212 3 1.030850726672e+01 -1.187289359127e+01 1.442865589067e+02 5.825137138367e+00 -1.886385917664e+00
G1-1 1212 4 8.905729849522e+00 -1.047006565679e+01 1.469684006288e+02 5.445132732391e+00 -1.747048258781e+00
G1-1 1213 1 1.380244559522e+01 -1.509810470443e+01 1.451239038095e+02 6.440107345581e+00 -2.111825942993e+00
G1-1 1213 2 1.659229575372e+01 -1.788790434565e+01 1.433868188723e+02 8.124280929565e+00 -2.723065614700e+00
G1-1 1213 3 1.659229575372e+01 -1.788790434565e+01 1.478057455316e+02 8.138886451721e+00 -2.750550031662e+00
G1-1 1213 4 1.239966829591e+01 -1.788790434565e+01 1.478057455316e+02 7.190373897552e+00 -2.378703355789e+00
G1-1 1214 1 1.416607914489e+01 -1.168905496751e+01 1.420445000045e+02 6.085987567902e+00 -1.982402563095e+00
G1-1 1214 2 1.394004473123e+01 -9.433802768034e+00 1.387387054152e+02 5.424491882324e+00 -1.736350893974e+00
G1-1 1214 3 1.695592930339e+01 -8.491988777265e+00 1.407488495078e+02 5.457434654236e+00 -1.748825788498e+00
G1-1 1214 4 1.695592930339e+01 -1.447885437297e+01 1.403074226116e+02 6.741886138916e+00 -2.219559192657e+00
G1-1 1215 1 9.394981099358e+00 -6.568274806304e+00 1.439447992174e+02 4.814592361450e+00 -1.506347060204e+00
G1-1 1215 2 1.070061272308e+01 -8.620022440384e+00 1.469985046125e+02 5.309638023376e+00 -1.696613311768e+00
G1-1 1215 3 1.210339002239e+01 -1.002285061062e+01 1.443166628904e+02 5.715035438538e+00 -1.845942735672e+00
G1-1 1215 4 1.489324018089e+01 -6.825784420375e+00 1.430210086215e+02 4.982167243958e+00 -1.569906353951e+00
G1-1 1216 1 1.380244559522e+01 -1.250691843334e+01 1.464894310163e+02 6.168089866638e+00 -2.015573024750e+00
G1-1 1216 2 1.659229575372e+01 -1.529671807456e+01 1.491712689662e+02 7.131328582764e+00 -2.359072923660e+00
G1-1 1216 3 1.659229575372e+01 -1.110409061675e+01 1.491712689662e+02 6.335769653320e+00 -2.076135158539e+00
G1-1 1216 4 1.239966829591e+01 -1.110409061675e+01 1.491712689662e+02 5.969573974609e+00 -1.943381547928e+00
G1-1 1217 1 -1.767583531822e+01 -2.707963426134e+00 1.300264387258e+02 5.138889789581e+00 -1.613662242889e+00
G1-1 1217 2 -1.767583531822e+01 -7.472956505045e+00 1.309230601731e+02 4.638301372528e+00 -1.426349997520e+00
G1-1 1217 3 -1.767583531822e+01 -6.868199507787e+00 1.273571769333e+02 4.365177154541e+00 -1.312400341034e+00
G1-1 1217 4 -1.419976588830e+01 -3.302885452667e+00 1.264205641581e+02 5.525355815887e+00 -1.753646731377e+00
G1-1 1218 1 -1.326177940664e+01 1.107350981057e-02 1.475280740892e+02 4.687067031860e+00 -1.456062793732e+00
G1-1 1218 2 -1.745440686445e+01 -2.428245671873e+00 1.435340535724e+02 4.358953952789e+00 -1.321693301201e+00
G1-1 1218 3 -1.745440686445e+01 1.107350981057e-02 1.475280740892e+02 4.307735919952e+00 -1.301346063614e+00
G1-1 1218 4 -1.745440686445e+01 2.486227321991e+00 1.435227743234e+02 4.218758583069e+00 -1.268784523010e+00
G1-1 1219 1 2.874926265255e+00 -5.351109410040e+00 1.394624716703e+02 4.513878345490e+00 -1.386136651039e+00
G1-1 1219 2 3.989891033618e+00 -1.304408177082e+01 1.410537154062e+02 5.627165794373e+00 -1.807180285454e+00
G1-1 1219 3 4.299995355152e+00 -6.799706325289e+00 1.420749207677e+02 4.974608898163e+00 -1.565729498863e+00
G1-1 1219 4 -9.402533469265e-01 -8.516690375889e+00 1.421592919361e+02 5.199002265930e+00 -1.649810194969e+00
G1-1 1220 1 -1.648982072467e+01 1.555875543635e+00 1.298465555645e+02 4.745515346527e+00 -1.471307992935e+00
G1-1 1220 2 -1.301375153051e+01 9.609535023664e-01 1.262406809967e+02 5.707846164703e+00 -1.832674741745e+00
G1-1 1220 3 -1.648982072467e+01 5.840043756586e+00 1.270676740332e+02 5.477280139923e+00 -1.761359572411e+00
G1-1 1220 4 -1.265179687763e+01 2.144550645737e+00 1.302706906019e+02 5.248710155487e+00 -1.667014122009e+00
G1-1 1221 1 -1.221907807241e+01 -9.453048464325e+00 1.381662433822e+02 5.270819187164e+00 -1.676256775856e+00
G1-1 1221 2 -1.622029876303e+01 -8.555097018005e+00 1.362940277746e+02 5.740261077881e+00 -1.848026871681e+00
G1-1 1221 3 -1.622029876303e+01 -6.334037652216e+00 1.395925487665e+02 5.129057884216e+00 -1.621897101402e+00
G1-1 1221 4 -1.203523502317e+01 -3.840264346609e+00 1.395391203843e+02 4.892901897430e+00 -1.533734679222e+00
G1-1 1222 1 -7.390649745909e+00 1.535409794424e+01 1.310283239968e+02 5.518084526062e+00 -1.812823653221e+00
G1-1 1222 2 -3.251881479734e+00 1.107053639570e+01 1.300441142546e+02 5.112990379333e+00 -1.651663422585e+00
G1-1 1222 3 -4.680171368330e+00 1.236213681894e+01 1.338791301940e+02 5.759595394135e+00 -1.894702911377e+00
G1-1 1222 4 -7.818404029438e+00 1.164024948627e+01 1.311825654656e+02 5.499459743500e+00 -1.794033288956e+00
G1-1 1223 1 1.409551587271e+01 -6.894774399258e+00 1.253488454267e+02 4.447987079620e+00 -1.317924380302e+00
G1-1 1223 2 1.384320437084e+01 -6.211019966793e+00 1.210175180187e+02 5.044344902039e+00 -1.547930955887e+00
G1-1 1223 3 1.692395795912e+01 -3.111983614361e+00 1.221258176600e+02 5.349166393280e+00 -1.679593205452e+00
G1-1 1223 4 1.692395795912e+01 -7.404155348694e+00 1.242498263409e+02 4.315598964691e+00 -1.258937835693e+00
G1-1 1224 1 1.654324922555e+01 1.261054976819e+00 1.243041259998e+02 5.840440750122e+00 -1.880305647850e+00
G1-1 1224 2 1.370212717373e+01 4.116658776581e+00 1.257019107355e+02 5.670003890991e+00 -1.827795267105e+00
G1-1 1224 3 1.224317502673e+01 1.408317941430e+00 1.293416320353e+02 5.267130851746e+00 -1.668825030327e+00
G1-1 1224 4 1.654324922555e+01 1.235639898359e+00 1.291567120277e+02 5.264315128326e+00 -1.663672566414e+00
G1-1 1225 1 1.411556165541e+01 -7.177737120035e+00 1.305032727242e+02 5.295786380768e+00 -1.667214155197e+00
G1-1 1225 2 1.694400374182e+01 -3.420361723036e+00 1.321328290994e+02 4.634871006012e+00 -1.414191722870e+00
G1-1 1225 3 1.392811916966e+01 -6.887637253965e+00 1.343440882904e+02 5.173579692841e+00 -1.629870176315e+00
G1-1 1225 4 1.694400374182e+01 -8.183736299338e+00 1.330596017561e+02 4.750840187073e+00 -1.469010114670e+00
G1-1 1226 1 1.408506694283e+01 -2.959074527545e+00 1.446297157405e+02 4.904615879059e+00 -1.537799954414e+00
G1-1 1226 2 1.246638602795e+01 -7.436843181703e+00 1.477932865361e+02 4.896337032318e+00 -1.540575265884e+00
G1-1 1226 3 1.665901348577e+01 -5.642604866992e+00 1.438157943173e+02 4.805523395538e+00 -1.500424265862e+00
G1-1 1226 4 1.665901348577e+01 -7.436843181703e+00 1.477932865361e+02 5.165278911591e+00 -1.639303565025e+00
G1-1 1227 1 -4.005989933593e+00 5.409030574730e+00 1.473881659208e+02 5.266457557678e+00 -1.699082970619e+00
G1-1 1227 2 -6.128058483696e+00 7.449016534575e+00 1.493834277253e+02 5.394140720367e+00 -1.752819180489e+00
G1-1 1227 3 -1.935431025884e+00 3.256389076763e+00 1.493834277253e+02 4.908783912659e+00 -1.559185981750e+00
G1-1 1227 4 -1.935431025884e+00 7.449016534575e+00 1.493834277253e+02 5.219498157501e+00 -1.692797422409e+00
G1-1 1228 1 7.240428438241e+00 -5.037411307704e+00 1.198358772545e+02 6.463326454163e+00 -2.082794904709e+00
G1-1 1228 2 9.376387445108e+00 -2.514864589047e+00 1.211303236863e+02 6.372648715973e+00 -2.062001228333e+00
G1-1 1228 3 1.080466878590e+01 -6.328726831535e+00 1.243157326091e+02 5.044893741608e+00 -1.555137038231e+00
G1-1 1228 4 1.055235728403e+01 -5.644972516951e+00 1.199844070872e+02 5.946843147278e+00 -1.892426609993e+00
G1-1 1229 1 1.394090198356e+01 -1.136719755976e+01 1.298497182048e+02 4.869815349579e+00 -1.512616276741e+00
G1-1 1229 2 1.676934406997e+01 -1.237319679801e+01 1.324060472368e+02 5.551493644714e+00 -1.780001878738e+00
G1-1 1229 3 1.318824892678e+01 -1.612214929862e+01 1.322145098955e+02 6.272447586060e+00 -2.041810989380e+00
G1-1 1229 4 1.676934406997e+01 -1.612214929862e+01 1.308403356248e+02 6.543091773987e+00 -2.142989635468e+00
G1-1 1230 1 1.444870080113e+01 -1.360800385695e+00 1.402458329594e+02 4.605847358704e+00 -1.416845798492e+00
G1-1 1230 2 1.400676277189e+01 -4.986144900100e+00 1.374217598992e+02 4.957810401917e+00 -1.551573514938e+00
G1-1 1230 3 1.702264710830e+01 -1.518869479683e+00 1.352104931639e+02 4.574747562408e+00 -1.394579052925e+00
G1-1 1230 4 1.702264710830e+01 -4.044330791449e+00 1.394319115362e+02 4.727773189545e+00 -1.463014006615e+00
G1-1 1231 1 -1.456449240074e+01 1.419652576255e+01 6.386168363137e+01 4.062742233276e+00 -1.216237187386e+00
G1-1 1231 2 -1.530402217191e+01 1.504150499340e+01 5.987064459256e+01 2.328507423401e+00 -5.962434411049e-01
G1-1 1231 3 -1.729251597570e+01 1.260675740112e+01 6.106520487017e+01 3.661196947098e+00 -1.448965311050e+00
G1-1 1231 4 -1.729251597570e+01 1.644001714078e+01 6.171237520058e+01 8.694815635681e-01 9.768847823143e-01
G1-1 1232 1 -1.511055330919e+01 1.403200221693e+01 5.765242395175e+01 2.465582370758e+00 -5.492745041847e-01
G1-1 1232 2 -1.374494514673e+01 1.159725486040e+01 5.884698328631e+01 3.582496643066e+00 -3.816495239735e-01
G1-1 1232 3 -1.709904711298e+01 1.159725486040e+01 5.884698328631e+01 2.282729864120e+00 -6.318560838699e-01
G1-1 1232 4 -1.709904711298e+01 1.375346338118e+01 5.511232148124e+01 1.981025815010e+00 -6.204061508179e-01
G1-1 1233 1 -1.277848566521e+01 1.521654478324e+01 5.649835092878e+01 3.316336870193e+00 -8.625887632370e-01
G1-1 1233 2 -1.141287750275e+01 1.493800571174e+01 5.395824751523e+01 8.586855888367e+00 -2.826866626740e+00
G1-1 1233 3 -1.057435201118e+01 1.661505669486e+01 5.395824751523e+01 2.742026090622e+00 -5.442410111427e-01
G1-1 1233 4 -1.141287750275e+01 1.278179719096e+01 5.769290932030e+01 7.552687168121e+00 -2.224188566208e+00
G1-1 1234 1 -1.031523338408e+01 1.713329394908e+01 5.531230778578e+01 2.944204330444e+00 -7.954220771790e-01
G1-1 1234 2 -1.115375887564e+01 1.330003444518e+01 5.904697053390e+01 8.594123840332e+00 -2.814014673233e+00
G1-1 1234 3 -1.031523338408e+01 1.713329394908e+01 5.969414086430e+01 5.259799957275e+00 -1.642471075058e+00
G1-1 1234 4 -1.251936703810e+01 1.573478203746e+01 5.785241119933e+01 4.218587398529e+00 -1.265496969223e+00
G1-1 1235 1 -1.511055330919e+01 1.588285009534e+01 5.534427790582e+01 3.439918756485e+00 -1.922287464142e+00
G1-1 1235 2 -1.374494514673e+01 1.560431078807e+01 5.280417354922e+01 6.945209026337e+00 -2.444498062134e+00
G1-1 1235 3 -1.709904711298e+01 1.560431078807e+01 5.280417354922e+01 6.469959616661e-01 2.609752178192e+00
G1-1 1235 4 -1.709904711298e+01 1.728136177120e+01 5.280417354922e+01 9.959872961044e-01 3.174573898315e+00
G1-1 1236 1 -1.381496017364e+01 1.640108734956e+01 5.534427790582e+01 3.987438440323e+00 -2.268620491028e+00
G1-1 1236 2 -1.244935201118e+01 1.612254804229e+01 5.280417354922e+01 6.431979656219e+00 -2.112850189209e+00
G1-1 1236 3 -1.580345397743e+01 1.779959902542e+01 5.280417354922e+01 1.206390976906e+00 1.241523981094e+00
G1-1 1236 4 -1.161082651962e+01 1.779959902542e+01 5.280417354922e+01 1.204447269440e+00 9.459090977907e-02
G1-1 1237 1 -1.291834377967e+01 -1.296814736663e+01 8.013364977205e+01 5.947891712189e+00 -1.867531061172e+00
G1-1 1237 2 -1.025483703040e+01 -1.262013913688e+01 7.647531770741e+01 7.471092224121e+00 -2.398066282272e+00
G1-1 1237 3 -1.601382105775e+01 -1.574665656681e+01 7.789417476344e+01 2.883271217346e+00 -7.195608615875e-01
G1-1 1237 4 -1.601382105775e+01 -1.193266042242e+01 7.548647109939e+01 2.708056449890e+00 -6.224278211594e-01
G1-1 1238 1 -1.469796763730e+01 -1.207749468529e+01 8.327014284339e+01 4.103240489960e+00 -1.217216253281e+00
G1-1 1238 2 -1.779344491537e+01 -1.485600388546e+01 8.103066783478e+01 3.090476274490e+00 -8.824269175529e-01
G1-1 1238 3 -1.779344491537e+01 -1.102274508884e+01 8.605967124371e+01 4.223915576935e+00 -1.372116446495e+00
G1-1 1238 4 -1.779344491537e+01 -8.866536472695e+00 8.232500849559e+01 4.736703872681e+00 -1.534234523773e+00
G1-1 1239 1 -7.431520882487e+00 -1.308082832608e+01 8.071364067667e+01 6.803451538086e+00 -2.077533721924e+00
G1-1 1239 2 -9.902592391687e+00 -1.323919315936e+01 8.136761617916e+01 7.709169864655e+00 -2.445559978485e+00
G1-1 1239 3 -7.239085642419e+00 -1.289118492961e+01 7.770928600061e+01 5.496266841888e+00 -1.543499112129e+00
G1-1 1239 4 -8.805442211948e+00 -1.601770212377e+01 7.912814305664e+01 5.689717292786e+00 -1.669511795044e+00
G1-1 1240 1 -8.174670231678e+00 -1.286243316028e+01 8.406019761221e+01 8.622563362122e+00 -2.755291223526e+00
G1-1 1240 2 -1.038711705270e+01 -1.196604816136e+01 8.750370528720e+01 5.176127433777e+00 -1.198350667953e+00
G1-1 1240 3 -1.064574174088e+01 -1.302079799357e+01 8.471417500079e+01 5.851888656616e+00 -1.719820618629e+00
G1-1 1240 4 -9.548591561139e+00 -1.579930695798e+01 8.685653513690e+01 3.224715948105e+00 -5.775572061539e-01
G1-1 1241 1 -1.210678136621e+01 -1.511288377502e+01 8.402424402023e+01 5.741734504700e+00 -1.776219725609e+00
G1-1 1241 2 -1.520225864428e+01 -1.789139321096e+01 8.616660038416e+01 4.731431961060e+00 -1.527415633202e+00
G1-1 1241 3 -1.100963118647e+01 -1.789139321096e+01 8.178476712552e+01 2.178392887115e+00 7.424258440733e-02
G1-1 1241 4 -1.100963118647e+01 -1.789139321096e+01 8.616660038416e+01 4.135078430176e+00 -1.182328343391e+00
G1-1 1242 1 -1.469796763730e+01 -1.392834182594e+01 8.422423052613e+01 4.120668411255e+00 -1.235433220863e+00
G1-1 1242 2 -1.779344491537e+01 -1.287359199373e+01 8.701376081254e+01 2.208574295044e+00 -6.559948921204e-01
G1-1 1242 3 -1.779344491537e+01 -1.670685102611e+01 8.198475551752e+01 1.291930317879e+00 1.046933159232e-01
G1-1 1242 4 -1.779344491537e+01 -1.670685102611e+01 8.636658877615e+01 3.807270288467e+00 -1.349921822548e+00
G1-1 1243 1 -1.227084187417e+01 1.351971258947e+01 1.445421146884e+02 6.301692008972e+00 -2.091600418091e+00
G1-1 1243 2 -1.104836050089e+01 1.233292420495e+01 1.487115680531e+02 6.114480018616e+00 -2.024279356003e+00
G1-1 1243 3 -1.104836050089e+01 1.652555166276e+01 1.487115680531e+02 6.334486484528e+00 -2.148588418961e+00
G1-1 1243 4 -1.524098795870e+01 1.652555166276e+01 1.487115680531e+02 6.563038349152e+00 -2.186991453171e+00
G1-1 1244 1 -1.164472606955e+01 5.480557296233e+00 1.336426122155e+02 5.613552570343e+00 -1.813256978989e+00
G1-1 1244 2 -1.548274991658e+01 9.535080120917e+00 1.341460345876e+02 5.586979866028e+00 -1.811124086380e+00
G1-1 1244 3 -1.251260430357e+01 1.016668334294e+01 1.372381792250e+02 5.453625202179e+00 -1.768975853920e+00
G1-1 1244 4 -1.171787697806e+01 9.458674194016e+00 1.327982075412e+02 5.626271724701e+00 -1.829785108566e+00
G1-1 1245 1 -6.226002533220e+00 7.526782335294e+00 1.454225284922e+02 5.130921363831e+00 -1.655703544617e+00
G1-1 1245 2 -9.570552692367e+00 1.075355656178e+01 1.432483331598e+02 5.751666069031e+00 -1.888729810715e+00
G1-1 1245 3 -8.348070965443e+00 9.566768530900e+00 1.474177865244e+02 5.607119083405e+00 -1.836410880089e+00
G1-1 1245 4 -5.924446484675e+00 1.104054172669e+01 1.452262993334e+02 5.967436313629e+00 -1.974175333977e+00
G1-1 1246 1 -1.327168013337e+01 -2.090318275027e+00 1.386835013765e+02 4.793993473053e+00 -1.494543671608e+00
G1-1 1246 2 -1.745674410899e+01 -6.805150846961e+00 1.354384125389e+02 5.418496131897e+00 -1.726311683655e+00
G1-1 1246 3 -1.745674410899e+01 -4.584091481171e+00 1.387369297586e+02 4.682811737061e+00 -1.448427081108e+00
G1-1 1246 4 -1.745674410899e+01 -2.040157823306e+00 1.345417910916e+02 4.466090202332e+00 -1.359548211098e+00
G1-1 1247 1 -1.844333432371e+00 4.972496840177e+00 1.464903450214e+02 5.143628597260e+00 -1.652830123901e+00
G1-1 1247 2 3.028865399482e+00 5.599829710861e+00 1.455801893739e+02 5.106567382812e+00 -1.640743970871e+00
G1-1 1247 3 2.262254753377e-01 7.012482682141e+00 1.484856068258e+02 5.139221191406e+00 -1.661690115929e+00
G1-1 1247 4 2.262254753377e-01 2.819855283269e+00 1.484856068258e+02 4.873225212097e+00 -1.544245123863e+00
G1-1 1248 1 -3.611247825559e+00 1.519097402870e+01 1.457772385055e+02 6.143504142761e+00 -2.121640682220e+00
G1-1 1248 2 -1.842245054806e+00 1.790982793709e+01 1.435868909120e+02 5.961952686310e+00 -2.268074274063e+00
G1-1 1248 3 -6.034872483148e+00 1.790982793709e+01 1.479687256965e+02 6.071104049683e+00 -2.128027439117e+00
G1-1 1248 4 -1.842245054806e+00 1.790982793709e+01 1.479687256965e+02 6.035436630249e+00 -2.189575433731e+00
G1-1 1249 1 2.384719666247e+00 1.447055906804e+01 1.448306775141e+02 6.172640800476e+00 -2.112757921219e+00
G1-1 1249 2 1.453510352747e-01 1.709792657321e+01 1.428461019965e+02 5.993661880493e+00 -2.192042350769e+00
G1-1 1249 3 -1.623651764949e+00 1.437907290059e+01 1.450364495899e+02 6.164325237274e+00 -2.144449710846e+00
G1-1 1249 4 1.453510352747e-01 1.709792657321e+01 1.472279330088e+02 6.056366443634e+00 -2.203015804291e+00
G1-1 1250 1 -1.022630778327e+01 1.397513335349e+01 1.425108403850e+02 6.133522987366e+00 -2.034455299377e+00
G1-1 1250 2 -9.003826174226e+00 1.698097266254e+01 1.466802937496e+02 6.293460369110e+00 -2.219279766083e+00
G1-1 1250 3 -6.580201693458e+00 1.426211851839e+01 1.444888065585e+02 6.290927410126e+00 -2.097476243973e+00
G1-1 1250 4 -9.003826174226e+00 1.698097266254e+01 1.422984589651e+02 6.296816349030e+00 -2.177941083908e+00
G1-1 1251 1 1.021482811096e+01 -7.026096406631e+00 1.302541846610e+02 5.056746959686e+00 -1.575876951218e+00
G1-1 1251 2 8.743195880666e+00 -3.096042848679e+00 1.320686667020e+02 5.606156826019e+00 -1.791678905487e+00
G1-1 1251 3 4.720304883443e+00 -7.714053472922e+00 1.318195141325e+02 5.248007297516e+00 -1.650159239769e+00
G1-1 1251 4 1.002738538944e+01 -6.735996304800e+00 1.340950002272e+02 4.964745044708e+00 -1.548465371132e+00
G1-1 1252 1 -1.005561379603e+01 -8.600406316505e+00 1.290437806656e+02 5.804856300354e+00 -1.858065485954e+00
G1-1 1252 2 -1.113288660224e+01 -2.389239537536e+00 1.309488497622e+02 5.239970684052e+00 -1.654766201973e+00
G1-1 1252 3 -1.149484149087e+01 -3.572836666171e+00 1.269188420430e+02 5.432141780853e+00 -1.718079566956e+00
G1-1 1252 4 -1.497091044927e+01 -7.742907718549e+00 1.314213323998e+02 5.308329105377e+00 -1.681414365768e+00
G1-1 1253 1 9.271743458724e+00 9.399392971167e+00 1.152785888864e+02 5.483922004700e+00 -1.772019147873e+00
G1-1 1253 2 1.210569184580e+01 6.746530108744e+00 1.114385884206e+02 6.014744281769e+00 -1.966640472412e+00
G1-1 1253 3 1.485790244223e+01 8.335000796796e+00 1.152995179040e+02 6.175696849823e+00 -2.031172513962e+00
G1-1 1253 4 1.060117901502e+01 4.138692518528e+00 1.175833261512e+02 6.316361904144e+00 -2.065379142761e+00
G1-1 1254 1 6.388661965776e+00 -4.799827643350e+00 1.157607180998e+02 6.478169918060e+00 -2.084731817245e+00
G1-1 1254 2 8.966533956483e+00 -5.511066220898e+00 1.116975900378e+02 6.781414508820e+00 -2.199269056320e+00
G1-1 1254 3 6.754615255537e+00 -2.088520998385e+00 1.124106559048e+02 6.570787906647e+00 -2.129646539688e+00
G1-1 1254 4 9.700590929442e+00 -5.407388852596e+00 1.159092479326e+02 6.019929409027e+00 -1.916450381279e+00
G1-1 1255 1 1.054454336970e+01 4.575943740307e-01 1.065580911201e+02 6.538032054901e+00 -2.146235704422e+00
G1-1 1255 2 1.198831741781e+01 3.660041451906e+00 1.076893411905e+02 6.433578968048e+00 -2.113924980164e+00
G1-1 1255 3 8.713798869923e+00 1.240963758527e+00 1.091895702942e+02 6.929685115814e+00 -2.277388572693e+00
G1-1 1255 4 1.474052801423e+01 9.269746758901e-01 1.090332168166e+02 6.075283050537e+00 -1.987542152405e+00
G1-1 1256 1 -2.040558143930e+00 -5.765611561508e-02 1.236236646609e+02 5.473945140839e+00 -1.740043282509e+00
G1-1 1256 2 -2.616428452358e+00 4.165098358898e+00 1.205241808783e+02 5.389164447784e+00 -1.718836188316e+00
G1-1 1256 3 -4.243897505053e+00 -2.047798202073e+00 1.200881756009e+02 5.610659599304e+00 -1.779140949249e+00
G1-1 1256 4 -7.123733499101e+00 -2.386527635152e-01 1.225606554956e+02 5.227408409119e+00 -1.647641658783e+00
G1-1 1257 1 -7.378015802324e+00 -9.015259537315e+00 4.493325336477e+01 5.260776996613e+00 -1.661871194839e+00
G1-1 1257 2 -9.987880333231e+00 -5.329754033299e+00 4.599431600181e+01 6.376595020294e+00 -2.073632240295e+00
G1-1 1257 3 -1.034368642731e+01 -6.444148149853e+00 4.975071640417e+01 5.810258865356e+00 -1.867547154427e+00
G1-1 1257 4 -6.089666132512e+00 -5.430822429467e+00 4.623264715161e+01 5.721749782562e+00 -1.814096450806e+00
G1-1 1258 1 9.212139673907e+00 -1.182137209917e+01 3.347752963009e+01 4.894203662872e+00 -1.565025925636e+00
G1-1 1258 2 1.178911080944e+01 -8.808692123482e+00 2.933220570994e+01 5.980529308319e+00 -1.961152434349e+00
G1-1 1258 3 1.479829853953e+01 -1.075305670487e+01 3.272723424386e+01 5.814057350159e+00 -1.907532930374e+00
G1-1 1258 4 1.060567119960e+01 -1.476241044074e+01 3.057354181443e+01 4.631865024567e+00 -1.486612558365e+00
G1-1 1259 1 7.449538770454e+00 -1.208290936950e+01 3.182353564279e+01 4.884956836700e+00 -1.563967823982e+00
G1-1 1259 2 7.331800795950e+00 -1.186094586130e+01 2.572080228059e+01 5.087582111359e+00 -1.653127551079e+00
G1-1 1259 3 1.002650978811e+01 -9.070229158054e+00 2.767821172264e+01 5.799108505249e+00 -1.898519873619e+00
G1-1 1259 4 8.843070178264e+00 -1.502394747531e+01 2.891954782713e+01 4.457835674286e+00 -1.424774289131e+00
G1-1 1260 1 9.987908966567e+00 -1.229815189806e+01 2.135197007677e+01 5.338267326355e+00 -1.752888441086e+00
G1-1 1260 2 1.149917834888e+01 -1.546115374783e+01 2.016888386930e+01 5.101648330688e+00 -1.677434802055e+00
G1-1 1260 3 1.569180580669e+01 -1.188339167182e+01 1.865958954550e+01 5.471547126770e+00 -1.802462339401e+00
G1-1 1260 4 1.569180580669e+01 -1.155898763407e+01 2.234848717249e+01 5.639874935150e+00 -1.856012582779e+00
G1-1 1261 1 2.367310620891e+00 -3.175647626388e+00 2.455786218836e+01 6.917159080505e+00 -2.291424751282e+00
G1-1 1261 2 5.101325295131e+00 -8.620212529889e+00 2.424408131596e+01 5.539465427399e+00 -1.812054038048e+00
G1-1 1261 3 7.796034405169e+00 -5.829496003464e+00 2.620149122954e+01 6.209812164307e+00 -2.039799451828e+00
G1-1 1261 4 2.246377064442e+00 -6.962510241932e+00 2.845301286745e+01 5.760287761688e+00 -1.874927639961e+00
G1-1 1262 1 -8.836841700791e+00 3.557613778744e+00 8.787782375515e+00 4.813556194305e+00 -2.608152866364e+00
G1-1 1262 2 -1.023770308417e+01 6.613636404408e+00 3.024258510225e+00 3.149445533752e+00 -3.163336753845e+00
G1-1 1262 3 -1.023770308417e+01 2.421008917126e+00 3.024258510225e+00 2.984833478928e+00 -3.275348424911e+00
G1-1 1262 4 -1.443033054198e+01 4.926326057117e+00 7.047440647675e+00 4.684940814972e+00 -2.602766513824e+00
G1-1 1263 1 7.048850066165e-01 1.396582256467e+01 8.468230328356e+00 4.048377037048e+00 -1.304266810417e+00
G1-1 1263 2 -2.525619130432e+00 1.663086394235e+01 7.969771091560e+00 1.659096240997e+00 -2.092837691307e-01
G1-1 1263 3 -3.477292754105e-01 1.663086394235e+01 3.139378940158e+00 4.249871253967e+00 -3.765614986420e+00
G1-1 1263 4 -3.477292754105e-01 1.243823648453e+01 3.139378940158e+00 3.211797952652e+00 -3.141097784042e+00
G1-1 1264 1 1.655009027529e+00 2.515431795582e+00 4.872064049341e+00 3.183457136154e+00 -3.412148237228e+00
G1-1 1264 2 5.186789626703e+00 -1.762167550453e+00 4.783310206774e+00 3.290672063828e+00 -3.136780977249e+00
G1-1 1264 3 2.107387869854e+00 1.438606695647e-01 1.844012395868e+00 1.694920063019e+00 -3.792529582977e+00
G1-1 1264 4 6.300015298196e+00 1.438606695647e-01 1.844012395868e+00 2.003032445908e+00 -3.899925708771e+00
G1-1 1265 1 9.499438143268e+00 -9.449346861262e+00 3.737070917077e+01 5.651413917542e+00 -1.830073475838e+00
G1-1 1265 2 1.250951767674e+01 -6.992943796689e+00 4.079148271648e+01 5.588924407959e+00 -1.801251769066e+00
G1-1 1265 3 1.508559689101e+01 -8.381031466963e+00 3.662041378454e+01 5.524592876434e+00 -1.789490342140e+00
G1-1 1265 4 1.138957852982e+01 -4.158073483272e+00 3.949921653280e+01 6.629755020142e+00 -2.168886423111e+00
G1-1 1266 1 1.269497661700e+01 4.772816309399e+00 3.516385962746e+01 5.644291400909e+00 -1.761844038963e+00
G1-1 1266 2 1.577051221599e+01 1.766446266079e+00 3.873880507808e+01 5.451395511627e+00 -1.715017080307e+00
G1-1 1266 3 1.290024066962e+01 4.874551840866e+00 3.837767375345e+01 6.945693492889e+00 -2.255136489868e+00
G1-1 1266 4 1.207449361904e+01 1.652821678107e+00 3.909796010974e+01 7.597631454468e+00 -2.499709844589e+00
G1-1 1267 1 3.150211788172e+00 9.986470105789e+00 9.616484297420e+00 5.269546031952e+00 -2.733760595322e+00
G1-1 1267 2 1.645218693290e+00 6.637827811739e+00 7.315684444814e+00 4.243559360504e+00 -2.972771883011e+00
G1-1 1267 3 6.290224963957e+00 8.458884143533e+00 4.287632791341e+00 3.420712232590e+00 -2.914268493652e+00
G1-1 1267 4 4.092702727951e+00 5.787741076604e+00 9.805800807124e+00 5.124280452728e+00 -2.569361209869e+00
G1-1 1268 1 3.619540193687e+00 6.927788056043e+00 1.403826669966e+01 6.245428085327e+00 -2.224988698959e+00
G1-1 1268 2 5.297303182614e+00 1.114963293917e+01 1.637138192751e+01 5.632467746735e+00 -1.845996379852e+00
G1-1 1268 3 2.677049371788e+00 1.112651684947e+01 1.384895018995e+01 5.035093307495e+00 -1.650172114372e+00
G1-1 1268 4 1.606299569899e-01 9.916442747665e+00 1.739341419863e+01 5.616330146790e+00 -1.838967680931e+00
G1-1 1269 1 -3.152318314760e+00 5.125999438821e+00 1.169962754062e+02 5.098339080811e+00 -1.604273080826e+00
G1-1 1269 2 -3.591804878728e+00 7.103463193206e-01 1.129862444051e+02 5.384785652161e+00 -1.691552042961e+00
G1-1 1269 3 -4.779787382191e+00 -1.086897004269e+00 1.165602682426e+02 6.574190139771e+00 -2.131046056747e+00
G1-1 1269 4 -8.378442436883e+00 4.024688576183e+00 1.147257071244e+02 6.124642848969e+00 -1.991726160049e+00
G1-1 1270 1 7.620770035526e+00 -1.444090079329e+01 1.276973029490e+02 5.128851413727e+00 -1.602405428886e+00
G1-1 1270 2 9.763201760758e+00 -1.661026776310e+01 1.263074525670e+02 5.902539253235e+00 -1.896228790283e+00
G1-1 1270 3 1.085562593699e+01 -1.185531649576e+01 1.280847236746e+02 4.869085311890e+00 -1.503483772278e+00
G1-1 1270 4 1.010297276233e+01 -1.661026776310e+01 1.304495115931e+02 6.190324306488e+00 -2.004944324493e+00
G1-1 1271 1 -1.268085584866e+01 -5.040330942539e+00 1.259629316695e+02 5.747839450836e+00 -1.835289359093e+00
G1-1 1271 2 -1.615692504282e+01 -9.210401921241e+00 1.304654239123e+02 4.923486709595e+00 -1.535814881325e+00
G1-1 1271 3 -1.615692504282e+01 -8.605644923984e+00 1.268995444447e+02 4.426290512085e+00 -1.333330035210e+00
G1-1 1271 4 -1.124162838958e+01 -1.006790051920e+01 1.280878684060e+02 4.671489715576e+00 -1.423993110657e+00
G1-1 1272 1 -3.429631485463e+00 -7.579923211708e+00 1.181370954220e+02 6.352049350739e+00 -2.025391340256e+00
G1-1 1272 2 -1.384746368125e+00 -9.692443602439e+00 1.203934441430e+02 5.236906051636e+00 -1.605496644974e+00
G1-1 1272 3 -3.950036293360e+00 -1.100279542694e+01 1.172397597076e+02 6.025341033936e+00 -1.894089221954e+00
G1-1 1272 4 -1.368119146270e+00 -9.934680059325e+00 1.169082285594e+02 5.467090129852e+00 -1.673638701439e+00
G1-1 1273 1 5.874179394807e-02 -3.468692425739e+00 1.090200801743e+02 8.374369621277e+00 -2.756277799606e+00
G1-1 1273 2 3.258635054448e+00 -2.594163897317e+00 1.092032293700e+02 7.287204742432e+00 -2.372042179108e+00
G1-1 1273 3 2.295764938979e+00 -8.566943882407e+00 1.084054427878e+02 7.903539180756e+00 -2.559781074524e+00
G1-1 1273 4 9.001091357819e-01 -6.835869915253e+00 1.059402952143e+02 8.579669952393e+00 -2.841675519943e+00
G1-1 1274 1 -1.396710411118e+01 -4.861951508615e+00 1.089345808071e+02 5.235064983368e+00 -1.654146194458e+00
G1-1 1274 2 -1.439835992785e+01 -2.960104627087e+00 1.042323689612e+02 5.880161285400e+00 -1.924970626831e+00
G1-1 1274 3 -1.700545863142e+01 -4.050863791939e+00 1.046369090609e+02 4.564719200134e+00 -1.446285367012e+00
G1-1 1274 4 -1.700545863142e+01 -1.809032498196e+00 1.084364640467e+02 5.687891006470e+00 -1.845819115639e+00
G1-1 1275 1 -6.830535228438e+00 -6.431929189179e+00 1.171910469154e+02 6.555868625641e+00 -2.104448080063e+00
G1-1 1275 2 -7.350939918454e+00 -9.854801640175e+00 1.162937093148e+02 5.702848434448e+00 -1.778559803963e+00
G1-1 1275 3 -1.041214226234e+01 -6.512520558267e+00 1.179419632799e+02 6.400233745575e+00 -2.052201032639e+00
G1-1 1275 4 -1.014808571958e+01 -7.103628613446e+00 1.144061311369e+02 5.578051567078e+00 -1.732689499855e+00
G1-1 1276 1 -1.616115097344e+01 2.503054505799e+00 1.422720461611e+02 4.266589641571e+00 -1.290460228920e+00
G1-1 1276 2 -1.197608699782e+01 8.235472913128e-02 1.422299045723e+02 4.707764625549e+00 -1.465407371521e+00
G1-1 1276 3 -1.196852351563e+01 2.790072308933e-02 1.462773459269e+02 4.644507884979e+00 -1.441873192787e+00
G1-1 1276 4 -1.616115097344e+01 -2.411418488064e+00 1.422833254101e+02 4.415471076965e+00 -1.346744060516e+00
G1-1 1277 1 -1.156153806648e+01 7.533883731774e+00 1.292964228744e+02 5.639221191406e+00 -1.828426122665e+00
G1-1 1277 2 -1.185034204661e+01 2.372169779031e+00 1.261108141713e+02 5.755709171295e+00 -1.856398701668e+00
G1-1 1277 3 -1.148838715797e+01 3.555766907666e+00 1.301408200043e+02 4.971752643585e+00 -1.567948579788e+00
G1-1 1277 4 -1.532641100500e+01 7.251260106926e+00 1.269378072078e+02 5.881975650787e+00 -1.914103627205e+00
G1-1 1278 1 -1.084383015629e+00 9.754748015399e+00 1.356992837554e+02 5.041989326477e+00 -1.629778385162e+00
G1-1 1278 2 1.859693074028e+00 3.669171670239e+00 1.359459933552e+02 5.401593685150e+00 -1.740127682686e+00
G1-1 1278 3 3.439068729668e-01 8.463147710041e+00 1.318642791326e+02 5.247245311737e+00 -1.697961449623e+00
G1-1 1278 4 1.759045427539e+00 9.672711795338e+00 1.357953753974e+02 5.246496200562e+00 -1.703714847565e+00
G1-1 1279 1 -1.660020448102e+01 1.249295054301e+01 1.162697817270e+02 6.395438194275e+00 -2.119878053665e+00
G1-1 1279 2 -1.240757702321e+01 1.649804381840e+01 1.140687667927e+02 5.299548149109e+00 -1.722676277161e+00
G1-1 1279 3 -1.660020448102e+01 1.649804381840e+01 1.184505996911e+02 6.234897613525e+00 -2.066983222961e+00
G1-1 1279 4 -1.383594750169e+01 1.321565504224e+01 1.180389661080e+02 5.795259952545e+00 -1.901594042778e+00
G1-1 1280 1 -3.448696350830e+00 8.003865517421e+00 1.251314506554e+02 4.946887016296e+00 -1.571652173996e+00
G1-1 1280 2 -9.015835257572e+00 9.005038407690e+00 1.213221920299e+02 5.898437500000e+00 -1.925668597221e+00
G1-1 1280 3 -3.796717995999e+00 7.815615792394e+00 1.210478166599e+02 5.158735275269e+00 -1.644428610802e+00
G1-1 1280 4 -8.304023042742e+00 3.411864817332e+00 1.230842950494e+02 6.042776107788e+00 -1.962346076965e+00
G1-1 1281 1 -7.430841414166e+00 -1.391507164145e+01 6.645239539038e+01 4.848851680756e+00 -1.389087796211e+00
G1-1 1281 2 -5.990178001592e+00 -1.374403987340e+01 7.174517583077e+01 7.156828880310e+00 -2.259937047958e+00
G1-1 1281 3 -7.556534630061e+00 -1.687055753908e+01 6.878219621620e+01 3.216405153275e+00 -6.151983737946e-01
G1-1 1281 4 -3.363907231189e+00 -1.687055753908e+01 6.878219621620e+01 4.066040515900e+00 -1.018670678139e+00
G1-1 1282 1 -1.309724454234e+01 -1.335627039732e+01 6.352486530259e+01 5.096012115479e+00 -1.586482644081e+00
G1-1 1282 2 -1.741556533393e+01 -1.631175629495e+01 6.585466518537e+01 6.153998851776e+00 -2.011111974716e+00
G1-1 1282 3 -1.741556533393e+01 -1.137691981734e+01 6.372579444865e+01 5.772947788239e+00 -1.858344554901e+00
G1-1 1282 4 -1.741556533393e+01 -1.631175629495e+01 6.147283210685e+01 6.169825077057e+00 -2.017785310745e+00
G1-1 1283 1 -1.180165140679e+01 -1.370262910826e+01 6.614682316637e+01 5.082229137421e+00 -1.557980656624e+00
G1-1 1283 2 -1.611997219838e+01 -1.284411886151e+01 7.045075511265e+01 5.240063190460e+00 -1.657255291939e+00
G1-1 1283 3 -1.611997219838e+01 -1.665811500590e+01 6.847662399220e+01 5.177174091339e+00 -1.643725156784e+00
G1-1 1283 4 -1.192734474057e+01 -1.665811500590e+01 6.847662399220e+01 4.766300201416e+00 -1.428039789200e+00
G1-1 1284 1 -1.180165140679e+01 -1.364385643378e+01 6.070099426357e+01 4.754837512970e+00 -1.454794049263e+00
G1-1 1284 2 -1.192734474057e+01 -1.659934256718e+01 5.864896106782e+01 4.022006511688e+00 -1.186414599419e+00
G1-1 1284 3 -1.611997219838e+01 -1.659934256718e+01 5.864896106782e+01 5.648331642151e+00 -1.828675508499e+00
G1-1 1284 4 -1.611997219838e+01 -1.259515431656e+01 5.614551490572e+01 5.696255207062e+00 -1.837848424911e+00
G1-1 1285 1 -9.790446119005e+00 -7.916916162276e+00 6.959256578716e+01 5.030209064484e+00 -1.433661699295e+00
G1-1 1285 2 -9.937686418232e+00 -1.090104127437e+01 6.710972639170e+01 5.934238433838e+00 -1.839375615120e+00
G1-1 1285 3 -8.497023182478e+00 -1.073000950632e+01 7.240250305992e+01 3.359919786453e+00 -5.870549678802e-01
G1-1 1285 4 -1.425600720982e+01 -1.004253102762e+01 7.141365645189e+01 8.287263870239e+00 -2.748170137405e+00
G1-1 1286 1 4.198374462646e+00 -4.053175121188e+00 4.259788372533e+01 6.920099258423e+00 -2.253672361374e+00
G1-1 1286 2 2.110661335909e+00 -1.913026256007e+00 4.027469794438e+01 6.974565505981e+00 -2.268351078033e+00
G1-1 1286 3 6.787983045772e+00 -2.026234688235e+00 4.075921459652e+01 7.573310852051e+00 -2.490470170975e+00
G1-1 1286 4 2.089653086225e+00 -5.562829362695e+00 3.976745757897e+01 6.186045646667e+00 -1.992577314377e+00
G1-1 1287 1 -1.390368500394e+01 -9.033118025058e+00 5.149294383537e+01 5.162267208099e+00 -1.639375448227e+00
G1-1 1287 2 -1.242356756048e+01 -1.459773743925e+01 4.948184744320e+01 4.402388095856e+00 -1.365905284882e+00
G1-1 1287 3 -1.661619501830e+01 -1.059354942439e+01 5.136023624572e+01 5.814232826233e+00 -1.885925412178e+00
G1-1 1287 4 -1.661619501830e+01 -1.072954046195e+01 4.718278940075e+01 5.698884010315e+00 -1.851930975914e+00
G1-1 1288 1 6.184174780945e+00 -1.006933242941e+01 7.907953872761e+00 4.790189266205e+00 -2.705698251724e+00
G1-1 1288 2 6.534711941953e+00 -6.404083204304e+00 7.924318007021e+00 4.590084075928e+00 -2.793391704559e+00
G1-1 1288 3 3.354309888577e+00 -6.547333536960e+00 9.552504667423e+00 5.010784149170e+00 -2.595211029053e+00
G1-1 1288 4 8.929662519027e+00 -9.527481477367e+00 1.068716797565e+01 5.466044902802e+00 -2.303288698196e+00
G1-1 1289 1 5.160167341536e+00 -2.211774497900e+00 4.361124674164e+01 6.056346416473e+00 -1.936065554619e+00
G1-1 1289 2 3.072454152175e+00 -7.162569165948e-02 4.128806096069e+01 8.329407691956e+00 -2.750428438187e+00
G1-1 1289 3 6.163872920073e+00 2.237468851364e+00 4.406013220193e+01 8.575843811035e+00 -2.848704338074e+00
G1-1 1289 4 7.749775924661e+00 -1.848340060066e-01 4.177257761283e+01 7.337618350983e+00 -2.405878543854e+00
G1-1 1290 1 9.360405915778e+00 1.317300049576e+01 2.579605972923e+01 5.366576194763e+00 -1.711952924728e+00
G1-1 1290 2 7.979826577901e+00 1.320464077267e+01 2.112210277976e+01 5.026726722717e+00 -1.607080817223e+00
G1-1 1290 3 4.714452555836e+00 1.176634805270e+01 2.498847776563e+01 5.429653167725e+00 -1.731138110161e+00
G1-1 1290 4 9.110759515304e+00 1.584656606065e+01 2.412190930119e+01 4.875875949860e+00 -1.542657375336e+00
G1-1 1291 1 8.328457941225e+00 1.527292988698e+01 4.070256170626e+01 4.320406913757e+00 -1.196097612381e+00
G1-1 1291 2 6.763297575432e+00 1.792917520867e+01 3.813020324414e+01 4.387722969055e+00 -1.280179977417e+00
G1-1 1291 3 6.347306054891e+00 1.792917520867e+01 4.105229023062e+01 5.522167682648e+00 -1.742921948433e+00
G1-1 1291 4 9.275849126388e+00 1.792917520867e+01 3.973458364344e+01 6.776897430420e+00 -2.209823846817e+00
G1-1 1292 1 1.226690178609e+01 3.736655092498e+00 3.232112888914e+01 6.870082378387e+00 -2.226614952087e+00
G1-1 1292 2 1.164641878814e+01 6.166604022657e-01 3.625522889989e+01 6.895452976227e+00 -2.246225357056e+00
G1-1 1292 3 1.108688658645e+01 5.982229497502e-01 3.109958599806e+01 6.529861450195e+00 -2.117180109024e+00
G1-1 1292 4 1.534243714932e+01 6.173643341118e-01 3.113216091871e+01 5.179103851318e+00 -1.611822366714e+00
G1-1 1293 1 1.203727912618e+01 -1.670874276600e+00 3.142569018626e+01 6.476712226868e+00 -2.109042644501e+00
G1-1 1293 2 1.629282968905e+01 -1.651732833298e+00 3.145826510691e+01 5.208465099335e+00 -1.638012409210e+00
G1-1 1293 3 1.259681132787e+01 -1.652436824084e+00 3.658133261657e+01 6.424553394318e+00 -2.085031270981e+00
G1-1 1293 4 1.629282968905e+01 -5.875394756203e+00 3.370252939679e+01 5.952995777130e+00 -1.937455415726e+00
G1-1 1294 1 1.499276623026e+01 5.948485698447e+00 4.079991380273e+01 5.014155387878e+00 -1.539646863937e+00
G1-1 1294 2 1.786303754086e+01 2.840380234173e+00 4.116104607041e+01 4.840211868286e+00 -1.491047739983e+00
G1-1 1294 3 1.786303754086e+01 7.013025190801e+00 4.202881895989e+01 3.730375289917e+00 -1.019236087799e+00
G1-1 1294 4 1.786303754086e+01 5.035803774827e+00 4.491602026975e+01 4.622772693634e+00 -1.438223123550e+00
G1-1 1295 1 -1.430097954629e+00 1.920406774871e+00 1.250203094219e+02 5.905347347260e+00 -1.907532334328e+00
G1-1 1295 2 -6.513273269279e+00 1.739410185911e+00 1.239573021427e+02 6.122213840485e+00 -1.986305713654e+00
G1-1 1295 3 -1.657946676828e+00 6.331410915471e+00 1.260044577487e+02 5.086012840271e+00 -1.618638634682e+00
G1-1 1295 4 -2.005968296211e+00 6.143161190443e+00 1.219208237532e+02 5.419604778290e+00 -1.737234830856e+00
G1-1 1296 1 -3.189700415372e-01 1.266395418615e+01 8.489955703009e+01 4.810523033142e+00 -1.366810798645e+00
G1-1 1296 2 6.139711085952e+00 1.237709630782e+01 8.678409666960e+01 5.588110923767e+00 -1.705436944962e+00
G1-1 1296 3 1.450075301674e+00 1.552812361677e+01 8.926710248859e+01 3.937114477158e+00 -1.024952411652e+00
G1-1 1296 4 3.222027138789e+00 1.111711033597e+01 8.982532108223e+01 4.805795669556e+00 -1.397506356239e+00
G1-1 1297 1 -2.261940636985e+00 7.982060084773e+00 6.923210174349e+01 8.632602691650e+00 -2.735513925552e+00
G1-1 1297 2 -4.165461794265e+00 1.009788610653e+01 7.024484237014e+01 7.081645965576e+00 -2.119662284851e+00
G1-1 1297 3 -4.185726408063e+00 8.475864638282e+00 6.614445560706e+01 8.623047828674e+00 -2.755182981491e+00
G1-1 1297 4 -7.539830304802e+00 7.038391784241e+00 6.863422924660e+01 8.625375747681e+00 -2.750377178192e+00
G1-1 1298 1 1.391237125083e+01 1.187144591520e+01 8.803062005862e+01 5.304833889008e+00 -1.670543909073e+00
G1-1 1298 2 1.760799064741e+01 1.103356741825e+01 9.300333621562e+01 6.655471801758e+00 -2.189001321793e+00
G1-1 1298 3 1.760799064741e+01 1.009987827393e+01 8.824842309717e+01 5.677211761475e+00 -1.831050872803e+00
G1-1 1298 4 1.760799064741e+01 1.502247369566e+01 9.051362587762e+01 7.018205165863e+00 -2.318934679031e+00
G1-1 1299 1 3.543441539446e+00 1.207274393391e+01 1.149581024998e+02 4.284993171692e+00 -1.305438995361e+00
G1-1 1299 2 7.558820458637e-01 1.033575489207e+01 1.131282669587e+02 4.536226749420e+00 -1.388649225235e+00
G1-1 1299 3 3.424646010641e-01 1.054192823442e+01 1.164452091710e+02 4.419715404510e+00 -1.353165626526e+00
G1-1 1299 4 7.443453432442e-01 1.501373939011e+01 1.127493814535e+02 3.587944507599e+00 -1.015128970146e+00
G1-1 1300 1 1.391237125083e+01 1.310408582534e+01 8.590719689251e+01 5.343276023865e+00 -1.685604453087e+00
G1-1 1300 2 1.760799064741e+01 1.133251818408e+01 8.612499993105e+01 6.325498580933e+00 -2.068620681763e+00
G1-1 1300 3 1.760799064741e+01 1.625511337005e+01 8.400837133896e+01 6.086915969849e+00 -1.987207531929e+00
G1-1 1300 4 1.760799064741e+01 1.625511337005e+01 8.839020271150e+01 5.867595672607e+00 -1.906107664108e+00
G1-1 1301 1 1.391237125083e+01 1.192625298706e+01 8.394234049303e+01 5.818305969238e+00 -1.862946629524e+00
G1-1 1301 2 1.760799064741e+01 1.507728029600e+01 8.204351493948e+01 5.524337291718e+00 -1.783437490463e+00
G1-1 1301 3 1.760799064741e+01 1.015468534579e+01 8.416014353158e+01 5.940482139587e+00 -1.930079340935e+00
G1-1 1301 4 1.760799064741e+01 1.126573290160e+01 8.006693743728e+01 4.819971084595e+00 -1.523320198059e+00
G1-1 1302 1 1.168118822119e+01 -1.256019622505e+01 1.140487273339e+02 4.536473751068e+00 -1.321577191353e+00
G1-1 1302 2 1.284945833491e+01 -1.253491353506e+01 1.110362589957e+02 4.874009609222e+00 -1.464248299599e+00
G1-1 1302 3 1.034759688669e+01 -1.253183252709e+01 1.103962915119e+02 4.575834751129e+00 -1.316136837006e+00
G1-1 1302 4 1.089633598683e+01 -9.573113788860e+00 1.103186229764e+02 7.494785308838e+00 -2.443675279617e+00
G1-1 1303 1 -1.136337390154e+01 -3.875228025197e+00 1.176523459371e+02 6.348370075226e+00 -2.049038410187e+00
G1-1 1303 2 -1.138042180445e+01 1.316948806463e+00 1.150668665682e+02 5.686100959778e+00 -1.828170061111e+00
G1-1 1303 3 -7.781766867636e+00 -3.794636773990e+00 1.169014276864e+02 6.910044670105e+00 -2.248909235001e+00
G1-1 1303 4 -1.109931735878e+01 -4.466336021435e+00 1.141165119079e+02 6.608485221863e+00 -2.142598867416e+00
G1-1 1304 1 1.514731002011e+01 5.510494114172e+00 1.066924548929e+02 6.603731155396e+00 -2.184418678284e+00
G1-1 1304 2 1.789952038077e+01 2.777427456036e+00 1.080363305191e+02 7.068853378296e+00 -2.350966453552e+00
G1-1 1304 3 1.789952038077e+01 4.132154355104e+00 1.043063285206e+02 6.804080486298e+00 -2.259678602219e+00
G1-1 1304 4 1.789952038077e+01 7.255500275769e+00 1.062215724688e+02 7.154946804047e+00 -2.384472370148e+00
G1-1 1305 1 1.182355477933e+01 -1.420881045422e+01 1.142637274721e+02 4.864310741425e+00 -1.476909279823e+00
G1-1 1305 2 1.048996368060e+01 -1.418044675626e+01 1.106112916501e+02 3.677340030670e+00 -9.355037212372e-01
G1-1 1305 3 1.299182489306e+01 -1.418352776423e+01 1.112512591339e+02 6.900658130646e+00 -2.244617223740e+00
G1-1 1305 4 1.149941090421e+01 -1.655675623165e+01 1.112293781770e+02 3.889306545258e+00 -1.105018496513e+00
G1-1 1306 1 1.527654429092e+01 -1.431079337048e+01 1.081964455264e+02 4.843615055084e+00 -1.528638243675e+00
G1-1 1306 2 1.713823226832e+01 -1.452781331712e+01 1.044399037075e+02 1.698114514351e+00 -1.706033647060e-01
G1-1 1306 3 1.713823226832e+01 -1.668402183790e+01 1.081745664556e+02 1.567041873932e+00 -1.541312336922e-01
G1-1 1306 4 1.378413030207e+01 -1.452781378865e+01 1.044399037075e+02 8.469612121582e+00 -3.061121940613e+00
G1-1 1307 1 1.631301879936e+01 -1.366294564390e+01 1.090384836610e+02 3.613988637924e+00 -1.015940427780e+00
G1-1 1307 2 1.817470677676e+01 -1.603617411133e+01 1.090166027041e+02 4.440533161163e+00 -1.428532838821e+00
G1-1 1307 3 1.817470677676e+01 -1.387996582631e+01 1.052819399560e+02 6.087742328644e+00 -2.017376184464e+00
G1-1 1307 4 1.817470677676e+01 -1.178348727917e+01 1.080068304904e+02 5.890135288239e+00 -1.895110607147e+00
G1-1 1308 1 1.448429056701e+01 -1.123167422086e+01 1.087998699769e+02 6.372589588165e+00 -2.057091712952e+00
G1-1 1308 2 1.424289926253e+01 -8.915963755287e+00 1.049669152270e+02 4.748783111572e+00 -1.489643454552e+00
G1-1 1308 3 1.253116821893e+01 -8.269874592546e+00 1.080822339576e+02 6.544661521912e+00 -2.117188930511e+00
G1-1 1308 4 1.634597830865e+01 -9.352216091888e+00 1.077682186924e+02 3.910840034485e+00 -1.111841559410e+00
G1-1 1309 1 -3.292989921857e+00 -1.288341192230e+01 1.176636531518e+02 5.747694969177e+00 -1.790165066719e+00
G1-1 1309 2 -7.277000592463e-01 -1.157305974415e+01 1.208173375872e+02 5.285231590271e+00 -1.625510454178e+00
G1-1 1309 3 -6.463385396526e-01 -1.554634152695e+01 1.199327368668e+02 5.421392917633e+00 -1.676086068153e+00
G1-1 1309 4 -7.110728005538e-01 -1.181529631892e+01 1.173321220036e+02 5.521542072296e+00 -1.696618080139e+00
G1-1 1310 1 1.503092325969e+01 6.722081278554e+00 1.226046180520e+02 6.121901512146e+00 -2.003166675568e+00
G1-1 1310 2 1.787204507575e+01 8.093857273591e+00 1.189606401408e+02 7.378850936890e+00 -2.488430738449e+00
G1-1 1310 3 1.787204507575e+01 8.192270091668e+00 1.233200669992e+02 6.645402908325e+00 -2.194367170334e+00
G1-1 1310 4 1.787204507575e+01 3.866477537732e+00 1.212068333163e+02 6.143109321594e+00 -2.002975940704e+00
G1-1 1311 1 3.178022117148e+00 -1.321026644889e+01 1.178305865281e+02 5.627344131470e+00 -1.747560739517e+00
G1-1 1311 2 7.998986651786e-01 -1.165021974906e+01 1.208567452117e+02 5.286150932312e+00 -1.626854419708e+00
G1-1 1311 3 8.165259238711e-01 -1.189245632383e+01 1.173715296282e+02 5.426196098328e+00 -1.659666180611e+00
G1-1 1311 4 8.812601847723e-01 -1.562350153186e+01 1.199721444913e+02 5.411963462830e+00 -1.673153400421e+00
G1-1 1312 1 -6.204705260515e+00 1.390461699308e+01 1.369093512726e+02 5.790296554565e+00 -1.914882183075e+00
G1-1 1312 2 -1.013766501138e+01 1.389073880934e+01 1.386527582280e+02 6.108930587769e+00 -2.024753808975e+00
G1-1 1312 3 -8.915183520213e+00 1.689657811838e+01 1.384403730360e+02 6.305168628693e+00 -2.103702545166e+00
G1-1 1312 4 -8.915183520213e+00 1.689657811838e+01 1.340585526197e+02 6.053195476532e+00 -2.011215925217e+00
G1-1 1313 1 3.051931690191e+00 -5.290186288983e+00 1.450850669005e+02 5.017803668976e+00 -1.583022117615e+00
G1-1 1313 2 1.649357382207e-01 -3.149306701013e+00 1.481387722956e+02 4.953490734100e+00 -1.561161518097e+00
G1-1 1313 3 -2.188316952948e+00 -7.007170221702e+00 1.451694380689e+02 4.951998710632e+00 -1.558165550232e+00
G1-1 1313 4 1.649357382207e-01 -7.341934276705e+00 1.481387722956e+02 5.090322017670e+00 -1.611397624016e+00
G1-1 1314 1 3.117296236494e+00 -1.093007595174e+01 1.270457570899e+02 5.277029991150e+00 -1.648197412491e+00
G1-1 1314 2 9.693286882722e-01 -5.023498867854e+00 1.265296183095e+02 5.719594955444e+00 -1.821325182915e+00
G1-1 1314 3 8.108744113330e-01 -9.126161138751e+00 1.252504798565e+02 5.316077232361e+00 -1.659630179405e+00
G1-1 1314 4 8.576288441365e-01 -9.032448661558e+00 1.289985054009e+02 5.091001987457e+00 -1.583843946457e+00
G1-1 1315 1 7.900424530321e+00 -1.288189410987e+01 1.294333896760e+02 5.505393981934e+00 -1.747444629669e+00
G1-1 1315 2 1.113528043179e+01 -1.029630981234e+01 1.298208066294e+02 6.096873283386e+00 -1.968534231186e+00
G1-1 1315 3 1.094783771027e+01 -1.000620947474e+01 1.336616259678e+02 5.725179195404e+00 -1.837790966034e+00
G1-1 1315 4 1.038262725712e+01 -1.505126107968e+01 1.321855983201e+02 5.211964607239e+00 -1.644555449486e+00
G1-1 1316 1 1.503092325969e+01 6.845243434039e+00 1.265899383701e+02 5.903320789337e+00 -1.919165372849e+00
G1-1 1316 2 1.787204507575e+01 8.315432188212e+00 1.273053873173e+02 6.206095218658e+00 -2.031427145004e+00
G1-1 1316 3 1.787204507575e+01 8.640995751035e+00 1.309901397835e+02 5.914660453796e+00 -1.925040364265e+00
G1-1 1316 4 1.787204507575e+01 3.964224482141e+00 1.300447377762e+02 5.402448654175e+00 -1.721656084061e+00
G1-1 1317 1 8.730062844461e+00 -1.347709109551e+00 1.113271126382e+02 6.709921836853e+00 -2.189909696579e+00
G1-1 1317 2 1.094198166329e+01 -4.770254317328e+00 1.106140486573e+02 7.945990562439e+00 -2.627996921539e+00
G1-1 1317 3 1.475679198877e+01 -1.661698162718e+00 1.111707591606e+02 6.246737480164e+00 -2.034941434860e+00
G1-1 1317 4 1.167603840049e+01 -4.666576949027e+00 1.148257046660e+02 5.947683811188e+00 -1.897914171219e+00
G1-1 1318 1 6.730659588238e+00 1.340051845170e+01 1.295103719022e+02 5.567536830902e+00 -1.823590397835e+00
G1-1 1318 2 5.552870981786e+00 1.270749234723e+01 1.344824689670e+02 5.755239486694e+00 -1.894671082497e+00
G1-1 1318 3 9.662892917413e+00 1.163015566198e+01 1.342762359152e+02 5.840271472931e+00 -1.917269349098e+00
G1-1 1318 4 8.384219165074e+00 1.578148933896e+01 1.315355786721e+02 5.570698738098e+00 -1.833255171776e+00
G1-1 1319 1 2.509567207812e+00 6.605040104338e-01 2.925182373323e+01 7.311159133911e+00 -2.408265829086e+00
G1-1 1319 2 1.461253207353e+00 -4.512171886287e-01 2.600399910065e+01 6.576763629913e+00 -2.159371614456e+00
G1-1 1319 3 5.643614099905e+00 -8.449096380178e-01 2.876581605065e+01 7.367257118225e+00 -2.432457208633e+00
G1-1 1319 4 1.340319621434e+00 -4.238079841010e+00 2.989914930822e+01 6.699412822723e+00 -2.201081037521e+00
G1-1 1320 1 8.373439384650e+00 1.529167505448e+01 1.841406779787e+01 5.067230224609e+00 -1.636976242065e+00
G1-1 1320 2 9.883146938172e+00 1.793360034246e+01 1.787841767291e+01 4.792257785797e+00 -1.540297627449e+00
G1-1 1320 3 6.252694204323e+00 1.793360034246e+01 1.872666557003e+01 5.650013446808e+00 -1.849118709564e+00
G1-1 1320 4 9.504372322052e+00 1.793360034246e+01 2.141387431930e+01 3.722539186478e+00 -1.115914821625e+00
G1-1 1321 1 1.665358798102e+01 1.383321335466e+01 1.786765786893e+01 4.231982707977e+00 -1.339352130890e+00
G1-1 1321 2 1.307213415459e+01 1.758930412084e+01 2.144398611002e+01 5.478218555450e+00 -1.788450598717e+00
G1-1 1321 3 1.665358798102e+01 1.758930412084e+01 1.943074141187e+01 5.473218441010e+00 -1.797223210335e+00
G1-1 1321 4 1.345090877071e+01 1.758930412084e+01 1.790852899211e+01 4.793149948120e+00 -1.544214844704e+00
G1-1 1322 1 -2.235235552864e-02 1.847112570642e+01 4.717586300806e+01 2.377295255661e+00 -2.226291000843e-01
G1-1 1322 2 2.080257522349e+00 1.847112570642e+01 4.424719262747e+01 2.536330461502e+00 1.349730491638e-01
G1-1 1322 3 -2.235235552864e-02 1.756867053393e+01 4.717586300806e+01 5.266019344330e+00 -1.471596598625e+00
G1-1 1322 4 -2.197295975354e+00 1.847112570642e+01 4.413924816549e+01 2.926938056946e+00 -4.158561527729e-01
G1-1 1323 1 -1.477098433612e+01 6.387996147043e+00 2.088565379334e+01 5.003142356873e+00 -1.596471071243e+00
G1-1 1323 2 -1.781068170191e+01 7.687797972789e+00 2.204610073376e+01 3.135130167007e+00 -8.500874042511e-01
G1-1 1323 3 -1.781068170191e+01 8.242237384308e+00 1.845026114818e+01 4.278367042542e+00 -1.347669005394e+00
G1-1 1323 4 -1.781068170191e+01 3.512143493309e+00 1.936637566688e+01 4.805858135223e+00 -1.535240530968e+00
G1-1 1324 1 -1.490646119230e+01 1.215825089990e+01 2.964487119808e+01 4.501559734344e+00 -1.363861441612e+00
G1-1 1324 2 -1.784266368511e+01 1.073984550326e+01 2.699714916557e+01 3.914529561996e+00 -1.146326184273e+00
G1-1 1324 3 -1.784266368511e+01 1.000995549276e+01 3.056552486995e+01 2.916063547134e+00 -6.479603648186e-01
G1-1 1324 4 -1.784266368511e+01 1.500694472807e+01 2.936697106278e+01 4.437563896179e+00 -1.390736341476e+00
G1-1 1325 1 -5.430034253403e+00 1.266163231683e+01 2.267706915163e+01 5.809595584869e+00 -1.883966565132e+00
G1-1 1325 2 -1.573122760463e+00 1.135451383227e+01 2.403434140240e+01 6.130301952362e+00 -1.990428447723e+00
G1-1 1325 3 -3.444421934551e+00 1.155961647862e+01 2.118999868764e+01 6.023480415344e+00 -1.967701196671e+00
G1-1 1325 4 -3.884298712334e+00 1.543473160446e+01 2.122294721890e+01 4.971999645233e+00 -1.588229179382e+00
G1-1 1326 1 -2.966834923392e+00 -1.257810773538e+00 2.310175273618e+01 7.022484779358e+00 -2.329953432083e+00
G1-1 1326 2 -3.427397807214e+00 -5.344177193759e+00 2.164332707613e+01 6.289248466492e+00 -2.082481384277e+00
G1-1 1326 3 -6.919277982752e+00 -1.817393713529e+00 2.587812864779e+01 6.926041603088e+00 -2.288892030716e+00
G1-1 1326 4 -7.773681924861e+00 -2.290887031218e+00 2.229673363280e+01 6.493731498718e+00 -2.146216154099e+00
G1-1 1327 1 9.743920489262e+00 -6.929194096607e+00 4.565681558081e+00 3.897291421890e+00 -3.126742601395e+00
G1-1 1327 2 1.504977338281e+01 -9.215793334402e+00 1.626383747174e+00 3.661534547806e+00 -3.807682991028e+00
G1-1 1327 3 1.257406960388e+01 -1.098718848050e+01 3.950174299623e+00 4.475349903107e+00 -2.886814117432e+00
G1-1 1327 4 1.085714592499e+01 -9.215793334402e+00 1.626383747174e+00 2.884660482407e+00 -3.754212141037e+00
G1-1 1328 1 3.873486683624e+00 8.339809977972e+00 3.685533706612e+01 8.507618904114e+00 -2.787226915359e+00
G1-1 1328 2 3.171367185182e+00 1.227217959860e+01 3.874254239643e+01 4.743082046509e+00 -1.319963693619e+00
G1-1 1328 3 4.621702320466e+00 1.171980357531e+01 3.485307767356e+01 5.883861541748e+00 -1.826011061668e+00
G1-1 1328 4 1.841477075902e+00 1.060376449964e+01 3.582285649305e+01 6.663345336914e+00 -2.107152462006e+00
G1-1 1329 1 9.793622960692e+00 1.525025677706e+01 2.820582165071e+01 4.652743816376e+00 -1.436927318573e+00
G1-1 1329 2 5.278692929391e+00 1.792382257771e+01 2.834801280808e+01 5.379156589508e+00 -1.700763583183e+00
G1-1 1329 3 9.683939483294e+00 1.792382257771e+01 3.038024596648e+01 3.818824768066e+00 -1.109506964684e+00
G1-1 1329 4 9.543976560217e+00 1.792382257771e+01 2.653167122267e+01 4.605668544769e+00 -1.434553980827e+00
G1-1 1330 1 1.958966242272e+00 -2.786297859051e+00 8.482654791439e+01 8.668281555176e+00 -2.663542509079e+00
G1-1 1330 2 3.350610713366e+00 -4.341347106158e+00 8.761414172831e+01 8.644720077515e+00 -2.710958242416e+00
G1-1 1330 3 -9.200708361328e-01 -6.519377800267e+00 8.625413090093e+01 8.689279556274e+00 -2.621864795685e+00
G1-1 1330 4 2.649876385911e+00 -5.802360472482e+00 8.510599122396e+01 8.684040069580e+00 -2.632851123810e+00
G1-1 1331 1 -6.280920495254e+00 -1.490558151694e+01 8.181411861296e+01 6.943231105804e+00 -2.158138751984e+00
G1-1 1331 2 -7.654841765775e+00 -1.784245578616e+01 8.461044859329e+01 3.199511289597e+00 -6.235555410385e-01
G1-1 1331 3 -7.654841765775e+00 -1.784245578616e+01 8.022861910684e+01 4.209004402161e+00 -1.054829359055e+00
G1-1 1331 4 -3.462214366903e+00 -1.784245578616e+01 8.022861910684e+01 6.529277801514e+00 -2.031092643738e+00
G1-1 1332 1 1.500287808622e+01 7.019465363447e+00 9.882072024496e+01 6.302164554596e+00 -2.071722984314e+00
G1-1 1332 2 1.786542450837e+01 8.495733819811e+00 9.877828406113e+01 6.893746376038e+00 -2.287103176117e+00
G1-1 1332 3 1.786542450837e+01 8.635787468681e+00 1.029500761504e+02 7.230256080627e+00 -2.414878368378e+00
G1-1 1332 4 1.786542450837e+01 5.512441606957e+00 1.010348322022e+02 7.017507076263e+00 -2.334947347641e+00
G1-1 1333 1 -2.746029709491e+00 -1.371800786440e+01 7.500096091438e+01 5.611763477325e+00 -1.618648529053e+00
G1-1 1333 2 -1.197589390885e-01 -1.684452576585e+01 7.203798318590e+01 4.213201522827e+00 -1.039927005768e+00
G1-1 1333 3 2.118963763510e+00 -1.380479878109e+01 7.586229541844e+01 6.517959117889e+00 -1.995414257050e+00
G1-1 1333 4 -1.197589390885e-01 -1.684452576585e+01 7.641981608432e+01 5.081712245941e+00 -1.429755926132e+00
G1-1 1334 1 8.052907282611e+00 1.015956790498e+01 8.299770675254e+01 4.251676082611e+00 -1.117476940155e+00
G1-1 1334 2 3.467004162450e+00 7.594460729896e+00 8.111704310977e+01 8.549493789673e+00 -2.768439054489e+00
G1-1 1334 3 5.989542298205e+00 1.018407778400e+01 7.813590347052e+01 8.596338272095e+00 -2.807755708694e+00
G1-1 1334 4 6.827408272458e+00 7.701992248266e+00 8.112684910857e+01 7.575706005096e+00 -2.421362638474e+00
G1-1 1335 1 -8.620205843936e+00 -1.465733524241e+01 7.517324238876e+01 4.157090187073e+00 -1.011027216911e+00
G1-1 1335 2 -1.018656241347e+01 -1.778385290809e+01 7.659209944479e+01 3.678378820419e+00 -8.526613712311e-01
G1-1 1335 3 -1.437918987128e+01 -1.778385290809e+01 7.659209944479e+01 5.755230426788e+00 -1.846526741982e+00
G1-1 1335 4 -1.018656241347e+01 -1.778385290809e+01 7.221026654637e+01 3.166510343552e+00 -6.418268680573e-01
G1-1 1336 1 -9.915798979483e+00 -1.347874561731e+01 7.442922103915e+01 5.099324226379e+00 -1.478885889053e+00
G1-1 1336 2 -1.567478300682e+01 -1.279126713860e+01 7.344037443112e+01 5.533743381500e+00 -1.771898746490e+00
G1-1 1336 3 -1.148215554901e+01 -1.660526328299e+01 7.146624519676e+01 4.279370784760e+00 -1.203061699867e+00
G1-1 1336 4 -1.567478300682e+01 -1.660526328299e+01 7.584807809518e+01 4.376192092896e+00 -1.339748501778e+00
G1-1 1337 1 -1.737006573352e+01 -7.879872744106e+00 7.116009906197e+01 5.198028564453e+00 -1.661819696426e+00
G1-1 1337 2 -1.737006573352e+01 -6.759032410887e+00 6.705709720480e+01 3.240105152130e+00 -8.184608221054e-01
G1-1 1337 3 -1.737006573352e+01 -3.548192647660e+00 7.112748063872e+01 5.874811172485e+00 -1.905841469765e+00
G1-1 1337 4 -1.290450464270e+01 -5.754257878766e+00 6.933900839724e+01 4.559858798981e+00 -1.296294808388e+00
G1-1 1338 1 -2.621913711432e+00 6.087468167335e+00 8.368228799618e+01 7.747073173523e+00 -2.479649543762e+00
G1-1 1338 2 -6.396071042660e+00 6.565210781599e+00 8.354037738320e+01 6.399586200714e+00 -1.968854904175e+00
G1-1 1338 3 -6.189782972854e+00 4.710373184877e+00 8.626354639922e+01 7.932560920715e+00 -2.566571712494e+00
G1-1 1338 4 -4.515194151830e+00 7.372346158731e+00 8.845357703976e+01 6.341942787170e+00 -1.993001699448e+00
G1-1 1339 1 -7.291857504477e+00 1.705334064476e+00 7.622790919746e+01 5.925322532654e+00 -9.780750870705e-01
G1-1 1339 2 -9.765594519060e+00 -1.452096226210e-01 7.497629132588e+01 8.882172584534e+00 -2.236912488937e+00
G1-1 1339 3 -7.435694740821e+00 -1.211211138046e+00 7.850009098031e+01 8.711809158325e+00 -2.578915357590e+00
G1-1 1339 4 -9.765594519060e+00 3.339477858969e-01 7.682964556910e+01 8.588693618774e+00 -2.838692188263e+00
G1-1 1340 1 -6.544503385165e+00 -1.316442582430e+01 1.002333120513e+02 8.680958747864e+00 -2.641572952271e+00
G1-1 1340 2 -8.951488829753e+00 -1.474953703884e+01 9.882923375867e+01 4.281857967377e+00 -1.158127307892e+01
G1-1 1340 3 -3.920335880378e+00 -1.474953680308e+01 9.882923375867e+01 5.419004440308e+00 -9.253282546997e+00
G1-1 1340 4 -8.951488829753e+00 -1.552413308524e+01 1.001708745452e+02 8.718429565430e+00 -2.569319248199e+00
G1-1 1341 1 4.940915577566e+00 -3.624067783829e+00 1.107158734782e+02 7.289422512054e+00 -2.377046585083e+00
G1-1 1341 2 3.978045491567e+00 -9.596847717345e+00 1.099180868960e+02 6.393582344055e+00 -2.002820253372e+00
G1-1 1341 3 7.152834219573e+00 -7.046612770580e+00 1.100028094973e+02 6.995150566101e+00 -2.262654781342e+00
G1-1 1341 4 2.614552230155e+00 -8.650596129815e+00 1.128778831436e+02 6.474441528320e+00 -2.047413110733e+00
G1-1 1342 1 1.481819217715e+01 -7.712374860621e+00 1.037586438879e+02 7.120141029358e+00 -2.546163558960e+00
G1-1 1342 2 1.692127145904e+01 -6.133189596419e+00 1.036815504493e+02 4.088827133179e+00 -1.269965887070e+00
G1-1 1342 3 1.310646136932e+01 -7.066285697880e+00 1.068739626185e+02 5.912851810455e+00 -1.897646903992e+00
G1-1 1342 4 1.692127145904e+01 -8.148627197222e+00 1.065599473533e+02 3.095920562744e+00 -7.773472070694e-01
G1-1 1343 1 4.986905050577e+00 -1.192891434224e+01 1.141468867488e+02 5.579093933105e+00 -1.704747557640e+00
G1-1 1343 2 7.163690920393e+00 -9.007120975821e+00 1.108127618609e+02 7.423223018646e+00 -2.404429912567e+00
G1-1 1343 3 3.988902074507e+00 -1.155735604047e+01 1.107280392596e+02 5.331212997437e+00 -1.573365449905e+00
G1-1 1343 4 2.625408872035e+00 -1.061110445294e+01 1.136878355071e+02 5.945139408112e+00 -1.837590456009e+00
G1-1 1344 1 4.544607297774e+00 1.258373220182e+01 1.128901892692e+02 4.315419673920e+00 -1.315052390099e+00
G1-1 1344 2 1.745511123675e+00 1.552472789378e+01 1.106814663368e+02 3.708685159683e+00 -1.059155344963e+00
G1-1 1344 3 4.583470903715e+00 1.270650977236e+01 1.076853841596e+02 3.953012704849e+00 -1.152501225471e+00
G1-1 1344 4 1.757047833662e+00 1.084674315998e+01 1.110603537280e+02 4.447258949280e+00 -1.350354552269e+00
G1-1 1345 1 -1.473613669318e+01 -1.004068696990e+01 1.009619606619e+02 6.483873367310e+00 -2.761128187180e+00
G1-1 1345 2 -1.701065945758e+01 -1.034554526268e+01 9.723414079766e+01 3.486392259598e+00 -1.031982302666e+00
G1-1 1345 3 -1.365655749133e+01 -1.250175373843e+01 1.009688016597e+02 3.924335241318e+00 -1.162580966949e+00
G1-1 1345 4 -1.701065945758e+01 -1.250175420996e+01 1.009688035458e+02 3.889414072037e+00 -1.210492849350e+00
G1-1 1346 1 3.587342430809e+00 -1.357752933435e+01 1.148274699432e+02 5.433576107025e+00 -1.646347284317e+00
G1-1 1346 2 1.225846270685e+00 -1.225971920929e+01 1.143684149293e+02 6.178834915161e+00 -1.926690220833e+00
G1-1 1346 3 2.589339484208e+00 -1.320597079682e+01 1.114086224540e+02 5.294794082642e+00 -1.559092164040e+00
G1-1 1346 4 1.235048567198e+00 -1.599076465308e+01 1.136957505470e+02 5.395030975342e+00 -1.628127932549e+00
G1-1 1347 1 1.250746385030e+01 -1.116597940680e+00 1.030631948975e+02 6.465774536133e+00 -2.133612394333e+00
G1-1 1347 2 1.670344825907e+01 -2.822677618294e+00 1.017891979215e+02 4.773862361908e+00 -1.543838739395e+00
G1-1 1347 3 1.427665334920e+01 -1.873621954869e+00 1.005202013661e+02 5.163161754608e+00 -1.681130528450e+00
G1-1 1347 4 1.670344825907e+01 7.075092897175e-01 1.018083185956e+02 6.248903751373e+00 -2.064827919006e+00
G1-1 1348 1 -2.395334219876e+00 -1.286366078012e+01 1.092648506378e+02 6.529514312744e+00 -2.021478176117e+00
G1-1 1348 2 -2.888402439091e+00 -1.670302320774e+01 1.089738881609e+02 4.158328056335e+00 -1.086474537849e+00
G1-1 1348 3 6.609983618431e-01 -1.391822958724e+01 1.093159926406e+02 4.960842609406e+00 -1.386996746063e+00
G1-1 1348 4 -6.932926030561e-01 -1.670302320774e+01 1.116031207336e+02 5.001684188843e+00 -1.446054935455e+00
G1-1 1349 1 -1.087785361918e+01 -9.845110454067e+00 1.028742914948e+02 7.976068019867e+00 -2.642550945282e+00
G1-1 1349 2 -7.391289208496e+00 -1.120022425300e+01 1.024318512439e+02 7.983160495758e+00 -4.037442207336e+00
G1-1 1349 3 -6.427798364351e+00 -1.062302402304e+01 1.057841755743e+02 6.522620201111e+00 -2.020373821259e+00
G1-1 1349 4 -9.798274653084e+00 -1.230617816564e+01 1.028811324926e+02 8.177833557129e+00 -3.646635770798e+00
G1-1 1350 1 -5.796889754959e+00 -1.393943473365e+01 8.002160730945e+01 5.437803745270e+00 -1.552394747734e+00
G1-1 1350 2 -5.604454397010e+00 -1.374979133718e+01 7.701724886122e+01 5.228234291077e+00 -1.464540481567e+00
G1-1 1350 3 -2.978183567668e+00 -1.687630876711e+01 7.843610780334e+01 5.062318325043e+00 -1.416458845139e+00
G1-1 1350 4 -7.170811025480e+00 -1.687630876711e+01 7.843610780334e+01 4.409898281097e+00 -1.114997625351e+00
G1-1 1351 1 5.326582406347e+00 -5.086209602855e+00 3.847590786006e+00 3.029166698456e+00 -3.654506206512e+00
G1-1 1351 2 2.247180620028e+00 -3.180181382838e+00 9.082929750993e-01 1.364688992500e+00 -3.879843235016e+00
G1-1 1351 3 6.439808077840e+00 -7.372808840650e+00 9.082929750993e-01 2.019250392914e+00 -4.129976272583e+00
G1-1 1351 4 2.247180620028e+00 -7.372808840650e+00 9.082929750993e-01 1.762069344521e+00 -3.951004743576e+00
G1-1 1352 1 1.143412078426e+01 -1.424626249549e+01 7.462302046303e+01 4.543410778046e+00 -1.284325122833e+00
G1-1 1352 2 7.445933293195e+00 -1.392950278345e+01 7.577307578047e+01 5.833489894867e+00 -1.742719411850e+00
G1-1 1352 3 9.399837930528e+00 -1.696922976821e+01 7.194876354793e+01 4.424003124237e+00 -1.219097495079e+00
G1-1 1352 4 9.399837930528e+00 -1.696922976821e+01 7.633059644635e+01 4.400554180145e+00 -1.188967347145e+00
G1-1 1353 1 -1.028022328621e+01 -5.839894482740e+00 8.559848012209e+01 8.992866516113e+00 -2.015599250793e+00
G1-1 1353 2 -1.028022328621e+01 -6.319052233643e+00 8.374512399279e+01 9.049218177795e+00 -1.903132677078e+00
G1-1 1353 3 -7.141959917379e+00 -7.754804175840e+00 8.613814784050e+01 8.888940811157e+00 -2.222588300705e+00
G1-1 1353 4 -1.028022328621e+01 -8.475260967671e+00 8.747978674091e+01 8.973664283752e+00 -2.054609060287e+00
G1-1 1354 1 1.134890799067e+01 -8.582551672655e+00 7.365667927293e+01 6.754987716675e+00 -2.123428821564e+00
G1-1 1354 2 1.015315086427e+01 -3.159842527723e+00 7.292393505502e+01 8.591280937195e+00 -2.819411754608e+00
G1-1 1354 3 8.762010938085e+00 -5.510254671950e+00 7.093351860672e+01 7.029273509979e+00 -2.171575784683e+00
G1-1 1354 4 6.799055674273e+00 -3.878578883218e+00 7.416882452382e+01 8.620823860168e+00 -2.758974790573e+00
G1-1 1355 1 -5.284602747544e+00 3.502571661411e+00 7.796791682698e+01 8.644202232361e+00 -2.711855173111e+00
G1-1 1355 2 -2.623454060225e+00 4.560726874404e+00 8.052932780659e+01 8.598518371582e+00 -2.804073572159e+00
G1-1 1355 3 -6.397611450393e+00 5.038469518139e+00 8.038741719361e+01 8.585589408875e+00 -2.830956697464e+00
G1-1 1355 4 -5.428439689187e+00 5.860264883587e-01 8.024009860983e+01 8.660054206848e+00 -2.680457592010e+00
G1-1 1356 1 6.163316440974e+00 -1.506645613225e+01 6.534291940334e+00 5.219213962555e+00 -2.890083551407e+00
G1-1 1356 2 7.627079273476e+00 -1.788043336699e+01 3.611358027926e+00 5.189123630524e+00 -2.182183027267e+00
G1-1 1356 3 7.627079273476e+00 -1.788043336699e+01 7.993191165391e+00 5.602973461151e+00 -1.937599062920e+00
G1-1 1356 4 3.434451815664e+00 -1.788043336699e+01 7.993191165391e+00 2.428637981415e+00 -6.963837742805e-01
G1-1 1357 1 -8.200121672249e+00 -2.449365768743e+00 7.926739099320e+01 8.975043296814e+00 -2.050999164581e+00
G1-1 1357 2 -1.053002145049e+01 -3.539572992974e+00 7.947825220080e+01 9.221907615662e+00 -1.557168602943e+00
G1-1 1357 3 -1.053002145049e+01 -9.042068153298e-01 7.759694558198e+01 9.165799140930e+00 -1.670060157776e+00
G1-1 1357 4 -1.053002145049e+01 -1.383364518549e+00 7.574359133877e+01 9.049521446228e+00 -1.902156352997e+00
G1-1 1358 1 -6.029019495688e+00 -1.465733524241e+01 7.381918344273e+01 4.995165824890e+00 -1.377397298813e+00
G1-1 1358 2 -7.595376124158e+00 -1.778385290809e+01 7.085620571425e+01 4.033781051636e+00 -1.016046166420e+00
G1-1 1358 3 -3.402748607406e+00 -1.778385290809e+01 7.085620571425e+01 5.416902542114e+00 -1.591967940331e+00
G1-1 1358 4 -7.595376124158e+00 -1.778385290809e+01 7.523803861267e+01 3.458023786545e+00 -6.673625707626e-01
G1-1 1359 1 6.859432434122e+00 -1.994789676398e+00 7.628426006601e+01 9.055799484253e+00 -1.888651371002e+00
G1-1 1359 2 1.021352762412e+01 -1.276053630340e+00 7.503937059721e+01 8.944410324097e+00 -2.113277673721e+00
G1-1 1359 3 1.021352762412e+01 -7.968959713254e-01 7.689272484043e+01 9.149774551392e+00 -1.701136469841e+00
G1-1 1359 4 1.021352762412e+01 -3.432262104765e+00 7.877403145924e+01 8.908766746521e+00 -2.184544801712e+00
G1-1 1360 1 -1.023175743745e+00 -7.454331752986e+00 7.221942255455e+01 7.843385696411e+00 -2.481083154678e+00
G1-1 1360 2 1.268016635073e+00 -9.916789937283e+00 7.616090180117e+01 7.005578517914e+00 -2.163427829742e+00
G1-1 1360 3 -3.671959120781e+00 -5.876842285041e+00 7.780190003418e+01 8.661357879639e+00 -2.677859544754e+00
G1-1 1360 4 -3.596976837928e+00 -9.829999138475e+00 7.529956729711e+01 7.921360492706e+00 -2.511512517929e+00
G1-1 1361 1 -4.733426282988e+00 -1.465733524241e+01 7.517324238876e+01 5.955023765564e+00 -1.763800740242e+00
G1-1 1361 2 -2.107155453645e+00 -1.778385290809e+01 7.659209944479e+01 3.926697969437e+00 -9.027864933014e-01
G1-1 1361 3 -6.299782970397e+00 -1.778385290809e+01 7.659209944479e+01 5.804397583008e+00 -1.719017624855e+00
G1-1 1361 4 -2.107155453645e+00 -1.778385290809e+01 7.221026654637e+01 3.367132663727e+00 -5.903286337852e-01
G1-1 1362 1 4.226119121788e+00 -1.477094618161e+01 7.494668371192e+01 5.822145462036e+00 -1.727811574936e+00
G1-1 1362 2 1.987396478129e+00 -1.781067293061e+01 7.112237147938e+01 3.728120088577e+00 -8.173193931580e-01
G1-1 1362 3 6.180023877001e+00 -1.781067293061e+01 7.112237147938e+01 5.249232292175e+00 -1.537066340446e+00
G1-1 1362 4 1.987396478129e+00 -1.781067293061e+01 7.550420626389e+01 3.468287467957e+00 -6.616537570953e-01
G1-1 1363 1 -4.794291010687e+00 -4.404268038918e+00 4.250972489051e+01 6.901957511902e+00 -2.254859924316e+00
G1-1 1363 2 -8.692904382305e+00 -5.522953868046e+00 3.841266838925e+01 6.198802471161e+00 -2.011347770691e+00
G1-1 1363 3 -7.553971230684e+00 -2.578049241544e+00 3.975545389133e+01 7.003838539124e+00 -2.287385463715e+00
G1-1 1363 4 -3.384659518306e+00 -6.286496069456e+00 3.929376919243e+01 5.897821903229e+00 -1.895067811012e+00
G1-1 1364 1 -1.477098433612e+01 5.889601689403e+00 1.876463369618e+01 4.924921989441e+00 -1.582886934280e+00
G1-1 1364 2 -1.781068170191e+01 5.576565170616e+00 1.306131542055e+01 3.727381467819e+00 -1.174408435822e+00
G1-1 1364 3 -1.781068170191e+01 3.013749035669e+00 1.724535556972e+01 4.453051567078e+00 -1.418477058411e+00
G1-1 1364 4 -1.781068170191e+01 7.743843162429e+00 1.632924081526e+01 4.782609462738e+00 -1.550603389740e+00
G1-1 1365 1 -4.416160303856e+00 -1.368645259487e+01 5.754801252767e+01 4.235102653503e+00 -1.184579491615e+00
G1-1 1365 2 -7.059266328123e+00 -1.390147724696e+01 6.103207904063e+01 3.832020521164e+00 -1.010962605476e+00
G1-1 1365 3 -7.184959426138e+00 -1.685696290883e+01 5.898004584488e+01 3.748963832855e+00 -1.000016927719e+00
G1-1 1365 4 -2.992332056736e+00 -1.685696290883e+01 5.898004584488e+01 3.576925992966e+00 -8.804916143417e-01
G1-1 1366 1 3.607612172768e+00 -1.195939463612e+01 3.611047933938e+01 4.199534893036e+00 -1.281353950500e+00
G1-1 1366 2 7.994226204984e-01 -1.020471581471e+01 3.724723062690e+01 4.537034034729e+00 -1.395511507988e+00
G1-1 1366 3 6.349258717977e-01 -1.007972889890e+01 3.421667658561e+01 4.669667720795e+00 -1.457773923874e+00
G1-1 1366 4 8.085159850845e-01 -1.490043297769e+01 3.758832592675e+01 3.428271532059e+00 -9.704306125641e-01
G1-1 1367 1 -5.736384605013e+00 -1.394206946702e+01 4.034982111660e+01 3.882004976273e+00 -1.148968577385e+00
G1-1 1367 2 -5.932661259206e+00 -1.405749144971e+01 3.584637958346e+01 4.045054912567e+00 -1.235205769539e+00
G1-1 1367 3 -3.029310034028e+00 -1.693557749375e+01 3.877435639130e+01 3.303758859634e+00 -9.263476729393e-01
G1-1 1367 4 -7.221937432899e+00 -1.693557749375e+01 3.877435639130e+01 3.412303447723e+00 -9.859689474106e-01
G1-1 1368 1 -1.538152868329e+01 1.612871004129e+00 4.610549717142e+01 5.535285472870e+00 -1.775707125664e+00
G1-1 1368 2 -1.795481178900e+01 5.327196165010e-01 4.270691601487e+01 3.961824178696e+00 -1.146001219749e+00
G1-1 1368 3 -1.795481178900e+01 -8.011365629800e-01 4.658337148293e+01 4.546788692474e+00 -1.397004961967e+00
G1-1 1368 4 -1.795481178900e+01 2.800922754271e+00 4.651290673703e+01 4.743563652039e+00 -1.489872574806e+00
G1-1 1369 1 1.364007116063e+01 3.368734103745e+00 4.876908386473e+01 7.589923381805e+00 -2.717565059662e+00
G1-1 1369 2 1.361353883701e+01 5.488231658083e+00 4.729684484834e+01 7.084197998047e+00 -2.348886013031e+00
G1-1 1369 3 1.608723656892e+01 4.230205281597e+00 4.751269282867e+01 6.357321262360e+00 -2.103910446167e+00
G1-1 1369 4 1.239121844350e+01 1.921156887740e+00 4.411687177491e+01 5.224675178528e+00 -1.649973034859e+00
G1-1 1370 1 -1.771352549156e+01 1.694666769644e+01 4.066666134505e+01 2.133280515671e+00 -5.598409771919e-01
G1-1 1370 2 -1.435942352531e+01 1.694666769644e+01 4.066666134505e+01 1.325885534286e+00 -1.713421382010e-02
G1-1 1370 3 -1.771352549156e+01 1.479045941143e+01 4.440132315013e+01 3.605916023254e+00 -1.120122432709e+00
G1-1 1370 4 -1.771352549156e+01 1.326717203071e+01 4.062957153648e+01 6.605036735535e+00 -2.183396816254e+00
G1-1 1371 1 1.475588595683e+01 -2.324381252421e+00 5.967161038082e+01 6.916960239410e+00 -2.279386281967e+00
G1-1 1371 2 1.450739841917e+01 -4.983456411383e+00 5.634491599829e+01 6.360305309296e+00 -2.086654424667e+00
G1-1 1371 3 1.717692743404e+01 -2.258835456490e+00 5.729549472540e+01 4.634311676025e+00 -1.470689773560e+00
G1-1 1371 4 1.717692743404e+01 -5.541130641665e+00 6.092249961693e+01 5.535810947418e+00 -1.788556098938e+00
G1-1 1372 1 7.671424587733e+00 -1.239550421509e+01 3.875946792874e+01 4.363666534424e+00 -1.346656441689e+00
G1-1 1372 2 1.068150423909e+01 -9.939101327334e+00 4.218024147445e+01 5.433612823486e+00 -1.745124816895e+00
G1-1 1372 3 7.838615685367e+00 -1.262884327282e+01 4.315395600013e+01 4.588707923889e+00 -1.422933340073e+00
G1-1 1372 4 9.064956113423e+00 -1.533654279242e+01 4.023731451611e+01 4.074567794800e+00 -1.247734785080e+00
G1-1 1373 1 -1.511839726294e+01 -4.042415977080e+00 1.184341429902e+02 5.732311725616e+00 -1.822297453880e+00
G1-1 1373 2 -1.789269500466e+01 -1.580604940797e+00 1.144001959728e+02 5.153043746948e+00 -1.631253957748e+00
G1-1 1373 3 -1.789269500466e+01 -5.018524638738e+00 1.175125189946e+02 5.139519214630e+00 -1.590093135834e+00
G1-1 1373 4 -1.789269500466e+01 -1.387489639093e+00 1.190474444107e+02 5.123375892639e+00 -1.608690142632e+00
G1-1 1374 1 -2.714399707292e+00 -4.717246900125e+00 7.033614956121e+01 8.506680488586e+00 -2.691027164459e+00
G1-1 1374 2 -4.602699926339e+00 -1.135406096514e+00 7.099316665392e+01 8.665721893311e+00 -2.668986558914e+00
G1-1 1374 3 -6.581623855883e+00 -4.279821118390e+00 7.060635514492e+01 8.631166458130e+00 -2.737767219543e+00
G1-1 1374 4 -5.363183143268e+00 -3.139757535324e+00 7.591862704083e+01 8.692431449890e+00 -2.615636587143e+00
G1-1 1375 1 6.325184293533e+00 -7.213606167535e+00 4.349589151605e+01 5.600852966309e+00 -1.783547878265e+00
G1-1 1375 2 7.191843175154e+00 -1.071127793455e+01 4.392320215356e+01 4.972271442413e+00 -1.559814929962e+00
G1-1 1375 3 7.024652195401e+00 -1.047793911257e+01 3.952871408216e+01 4.695593833923e+00 -1.462680101395e+00
G1-1 1375 4 1.003473196464e+01 -8.021536106939e+00 4.294948762787e+01 6.276334285736e+00 -2.047310829163e+00
G1-1 1376 1 -2.628503640937e+00 -6.494752553553e+00 4.483309831168e+01 5.677021026611e+00 -1.789327859879e+00
G1-1 1376 2 -9.898123920732e-01 -8.967732111026e+00 4.679975892610e+01 4.591769695282e+00 -1.368038177490e+00
G1-1 1376 3 -3.916853251810e+00 -1.007918983822e+01 4.353370452484e+01 4.687338352203e+00 -1.428645253181e+00
G1-1 1376 4 -1.218872152240e+00 -8.376980701972e+00 4.161714261360e+01 4.985101222992e+00 -1.542460441589e+00
G1-1 1377 1 -1.423046695274e+01 -1.386426512101e+01 1.473736756355e+02 6.833500862122e+00 -2.257110357285e+00
G1-1 1377 2 -1.669333788991e+01 -1.660688936414e+01 1.493800089190e+02 7.311566829681e+00 -2.424355506897e+00
G1-1 1377 3 -1.250071043210e+01 -1.660688936414e+01 1.493800089190e+02 6.869920253754e+00 -2.269374132156e+00
G1-1 1377 4 -1.669333788991e+01 -1.241426190633e+01 1.493800089190e+02 6.821344375610e+00 -2.252735137939e+00
G1-1 1378 1 -1.423046695274e+01 -1.515985825655e+01 1.460081533666e+02 6.606882095337e+00 -2.174924135208e+00
G1-1 1378 2 -1.250071043210e+01 -1.790248249969e+01 1.480144866501e+02 7.334206104279e+00 -2.432952880859e+00
G1-1 1378 3 -1.669333788991e+01 -1.790248249969e+01 1.480144866501e+02 8.023029327393e+00 -2.704552888870e+00
G1-1 1378 4 -1.669333788991e+01 -1.790248249969e+01 1.435955637630e+02 8.015423774719e+00 -2.709313154221e+00
G1-1 1379 1 1.331414972427e+01 -1.454355789817e+01 7.512063749848e+00 5.061574459076e+00 -1.676408171654e+00
G1-1 1379 2 1.578985373896e+01 -1.696479020989e+01 9.570106040163e+00 5.352720260620e+00 -1.782244801521e+00
G1-1 1379 3 1.287895118672e+01 -1.360896178734e+01 1.089042074118e+01 5.577662467957e+00 -1.976687312126e+00
G1-1 1379 4 1.159722628114e+01 -1.696479020989e+01 9.570106040163e+00 5.178138256073e+00 -2.450555801392e+00
G1-1 1380 1 -1.048768222594e+01 -1.504950661827e+01 1.380318547562e+02 5.545153617859e+00 -1.781906604767e+00
G1-1 1380 2 -1.448890291657e+01 -1.787643189374e+01 1.390332539980e+02 7.470037460327e+00 -2.478070259094e+00
G1-1 1380 3 -1.069953649661e+01 -1.787643189374e+01 1.361403441039e+02 6.399417400360e+00 -2.090393543243e+00
G1-1 1380 4 -8.490291191227e+00 -1.787643189374e+01 1.394140539779e+02 6.795747280121e+00 -2.232917785645e+00
G1-1 1381 1 1.500287808622e+01 5.676764888963e+00 9.718761937332e+01 6.337008476257e+00 -2.083175182343e+00
G1-1 1381 2 1.786542450837e+01 2.948016673251e+00 9.603214584917e+01 5.383183479309e+00 -1.757526278496e+00
G1-1 1381 3 1.786542450837e+01 7.153033227446e+00 9.714518130340e+01 7.033479213715e+00 -2.334205389023e+00
G1-1 1381 4 1.786542450837e+01 4.169741014592e+00 9.940173133056e+01 7.062266349792e+00 -2.353020191193e+00
G1-1 1382 1 -1.237679406411e+01 -1.515985825655e+01 1.447603060661e+02 6.609220981598e+00 -2.175264596939e+00
G1-1 1382 2 -8.841053275939e+00 -1.790248249969e+01 1.427285126703e+02 6.463412284851e+00 -2.117218494415e+00
G1-1 1382 3 -1.064703754347e+01 -1.790248249969e+01 1.467666355775e+02 7.049119949341e+00 -2.331184864044e+00
G1-1 1382 4 -1.483966500128e+01 -1.790248249969e+01 1.423477164625e+02 7.677958965302e+00 -2.553455591202e+00
G1-1 1383 1 -1.423046695274e+01 -1.073127668263e+01 1.461394578889e+02 5.678172588348e+00 -1.838091492653e+00
G1-1 1383 2 -1.669333788991e+01 -9.281273467951e+00 1.481457874002e+02 5.823755741119e+00 -1.889954924583e+00
G1-1 1383 3 -1.250071043210e+01 -9.281273467951e+00 1.481457874002e+02 5.327751636505e+00 -1.707498669624e+00
G1-1 1383 4 -1.669333788991e+01 -7.527965073942e+00 1.441517706555e+02 5.246639251709e+00 -1.672612667084e+00
G1-1 1384 1 1.126457709507e+01 -1.353909802101e+01 1.410735170923e+02 5.910475254059e+00 -1.915712594986e+00
G1-1 1384 2 1.103854268140e+01 -1.128384605730e+01 1.377677187308e+02 5.283484935760e+00 -1.680289864540e+00
G1-1 1384 3 1.047333187461e+01 -1.632889766223e+01 1.362916835387e+02 6.282560825348e+00 -2.047977924347e+00
G1-1 1384 4 8.246064027319e+00 -1.632889766223e+01 1.396804442857e+02 6.140955924988e+00 -1.997297048569e+00
G1-1 1385 1 5.950186241146e+00 -1.591026130656e+01 1.281581747806e+02 5.769235134125e+00 -1.845825195312e+00
G1-1 1385 2 8.092618025318e+00 -1.807962851213e+01 1.267683243986e+02 5.386959075928e+00 -1.701825737953e+00
G1-1 1385 3 8.432389144770e+00 -1.807962851213e+01 1.309103834247e+02 5.876454353333e+00 -1.887481331825e+00
G1-1 1385 4 3.778920030471e+00 -1.807962851213e+01 1.300370080821e+02 6.209153652191e+00 -2.005983591080e+00
G1-1 1386 1 4.927281044911e+00 5.993678262049e+00 1.053535321439e+02 5.214267253876e+00 -1.639574289322e+00
G1-1 1386 2 3.177166266303e+00 7.970511709604e+00 1.088960942157e+02 5.036553859711e+00 -1.574611544609e+00
G1-1 1386 3 8.798673875518e+00 7.054638065844e+00 1.068859292910e+02 5.479329109192e+00 -1.759725332260e+00
G1-1 1386 4 6.003589448020e+00 9.830278321984e+00 1.055211246473e+02 4.730905056000e+00 -1.461230278015e+00
G1-1 1387 1 1.508736290233e+00 3.790323546361e+00 1.057087457557e+02 6.502296447754e+00 -2.105912685394e+00
G1-1 1387 2 -2.413786062558e-01 5.767157111796e+00 1.092513059414e+02 5.384779930115e+00 -1.689308643341e+00
G1-1 1387 3 -2.003187473117e+00 3.790323546361e+00 1.057087457557e+02 6.014109611511e+00 -1.923258900642e+00
G1-1 1387 4 -1.094282658077e+00 1.557677157825e+00 1.085582228109e+02 5.455084800720e+00 -1.702062368393e+00
G1-1 1388 1 1.278011622052e+01 -5.558818646849e+00 1.247041149273e+02 4.546294689178e+00 -1.361329793930e+00
G1-1 1388 2 1.135183511549e+01 -1.744956419096e+00 1.215187041184e+02 6.290656089783e+00 -2.035457611084e+00
G1-1 1388 3 1.560855830693e+01 -1.776027994569e+00 1.214810871606e+02 6.045682907104e+00 -1.944565057755e+00
G1-1 1388 4 1.252780471864e+01 -4.875064332265e+00 1.203727875193e+02 5.778286933899e+00 -1.832844972610e+00
G1-1 1389 1 1.219653660809e+01 -1.509810470443e+01 1.415582748964e+02 6.474345684052e+00 -2.121356010437e+00
G1-1 1389 2 9.178023304575e+00 -1.788790434565e+01 1.401652020898e+02 6.882013797760e+00 -2.263695478439e+00
G1-1 1389 3 1.140529138763e+01 -1.788790434565e+01 1.367764413429e+02 6.670446872711e+00 -2.187835931778e+00
G1-1 1389 4 1.498638653082e+01 -1.788790434565e+01 1.398211937314e+02 7.185108184814e+00 -2.374463081360e+00
G1-1 1390 1 3.362731992021e+00 -7.708834932463e+00 1.181230825635e+02 6.040388584137e+00 -1.909765005112e+00
G1-1 1390 2 1.402321945422e+00 -1.002405698713e+01 1.169350262616e+02 5.608630180359e+00 -1.731638908386e+00
G1-1 1390 3 3.763818112913e+00 -1.134186675855e+01 1.173940812755e+02 5.944429397583e+00 -1.867872595787e+00
G1-1 1390 4 1.385694723567e+00 -9.781820530240e+00 1.204202418452e+02 5.270672321320e+00 -1.621168971062e+00
G1-1 1391 1 -2.711081610763e+00 9.253244574361e-01 1.268949543255e+02 5.522624492645e+00 -1.766115784645e+00
G1-1 1391 2 -7.432302110452e+00 1.927925100257e+00 1.298619509932e+02 5.489181041718e+00 -1.759719491005e+00
G1-1 1391 3 -2.938930332962e+00 5.336328730652e+00 1.278791026522e+02 5.709511756897e+00 -1.848804235458e+00
G1-1 1391 4 -7.794256999089e+00 7.443279568869e-01 1.258319470462e+02 5.364105224609e+00 -1.706220507622e+00
G1-1 1392 1 1.408506694283e+01 3.760421824191e+00 1.446283654439e+02 4.638036727905e+00 -1.441350579262e+00
G1-1 1392 2 1.665901348577e+01 6.051128622275e+00 1.438100903483e+02 4.899431705475e+00 -1.539741516113e+00
G1-1 1392 3 1.246638602795e+01 7.667908026717e+00 1.477919400116e+02 4.864700794220e+00 -1.543744921684e+00
G1-1 1392 4 1.665901348577e+01 7.667908026717e+00 1.477919400116e+02 4.674045085907e+00 -1.461227893829e+00
G1-1 1393 1 1.538066007838e+01 4.673600071821e-01 1.408656549831e+02 4.534749984741e+00 -1.389128923416e+00
G1-1 1393 2 1.795460662131e+01 -2.216170457513e+00 1.400517335599e+02 4.295169830322e+00 -1.291914701462e+00
G1-1 1393 3 1.795460662131e+01 3.092909131935e-01 1.358303189598e+02 4.662770748138e+00 -1.427742958069e+00
G1-1 1393 4 1.795460662131e+01 2.758066797899e+00 1.400473761154e+02 4.147757053375e+00 -1.233585715294e+00
G1-1 1394 1 1.238601167863e+01 -2.325049604019e+00 1.436860713465e+02 4.862404346466e+00 -1.521489977837e+00
G1-1 1394 2 1.076733052798e+01 -6.802818258176e+00 1.468496383699e+02 5.164112091064e+00 -1.640356183052e+00
G1-1 1394 3 9.461699140022e+00 -4.751070506215e+00 1.437959367470e+02 4.730122089386e+00 -1.472110390663e+00
G1-1 1394 4 1.495995798580e+01 -5.008580061346e+00 1.428721499233e+02 4.707544803619e+00 -1.461824655533e+00
G1-1 1395 1 -3.584875942316e+00 1.713183807895e+01 4.304404600597e+01 3.891099452972e+00 -9.395360350609e-01
G1-1 1395 2 -5.102228196071e+00 1.484443555823e+01 4.300191330727e+01 7.211188793182e+00 -2.273350954056e+00
G1-1 1395 3 -1.053293302556e-01 1.508521479575e+01 4.268658937191e+01 5.162376880646e+00 -1.418649435043e+00
G1-1 1395 4 -1.409932263551e+00 1.622938337798e+01 4.608066084854e+01 3.999213218689e+00 -8.002538084984e-01
G1-1 1396 1 -1.477098433612e+01 4.873726984817e+00 2.262710055305e+01 4.766476631165e+00 -1.493833541870e+00
G1-1 1396 2 -1.781068170191e+01 1.827690276887e+00 2.582714700281e+01 4.032153129578e+00 -1.192346692085e+00
G1-1 1396 3 -1.781068170191e+01 6.173528987384e+00 2.378754702195e+01 4.706617355347e+00 -1.467318773270e+00
G1-1 1396 4 -1.781068170191e+01 1.997874345819e+00 2.110782242659e+01 4.113944053650e+00 -1.257903099060e+00
G1-1 1397 1 4.959657588196e+00 -1.490013036685e+01 3.454965715493e+01 3.900918722153e+00 -1.186853885651e+00
G1-1 1397 2 2.160561420313e+00 -1.784116894418e+01 3.164566981079e+01 3.376158475876e+00 -1.004311203957e+00
G1-1 1397 3 6.353188878125e+00 -1.784116894418e+01 3.164566981079e+01 3.411012411118e+00 -1.021187901497e+00
G1-1 1397 4 2.160561420313e+00 -1.784116894418e+01 3.602750374230e+01 3.104564666748e+00 -8.663033246994e-01
G1-1 1398 1 1.408198298550e+00 -2.340911936564e+00 3.846355635416e+01 6.721025466919e+00 -2.180598974228e+00
G1-1 1398 2 1.222693206689e+00 -5.865727950624e+00 3.492576383355e+01 5.520575046539e+00 -1.759828925133e+00
G1-1 1398 3 6.085519934737e+00 -2.454120368791e+00 3.894807300629e+01 7.612787723541e+00 -2.507708311081e+00
G1-1 1398 4 1.387190015712e+00 -5.990714984311e+00 3.795631598875e+01 5.655247211456e+00 -1.801004886627e+00
G1-1 1399 1 -6.103749184583e+00 -1.493551910505e+01 2.310563158803e+01 4.623962402344e+00 -1.503216385841e+00
G1-1 1399 2 -7.613017292794e+00 -1.784952332780e+01 2.145903839882e+01 4.100773811340e+00 -1.324746727943e+00
G1-1 1399 3 -3.420389893922e+00 -1.784952332780e+01 2.145903839882e+01 4.290614128113e+00 -1.398563861847e+00
G1-1 1399 4 -7.613017292794e+00 -1.784952332780e+01 2.584087062435e+01 3.388282060623e+00 -1.040339827538e+00
G1-1 1400 1 -1.388997998922e+01 -1.332725327993e+01 3.147568602117e+01 5.176055908203e+00 -1.686103463173e+00
G1-1 1400 2 -1.661295982107e+01 -1.652038215336e+01 3.685400207572e+01 5.519890785217e+00 -1.818585634232e+00
G1-1 1400 3 -1.242033236326e+01 -1.652038215336e+01 3.685400207572e+01 4.653753280640e+00 -1.492842793465e+00
G1-1 1400 4 -1.661295982107e+01 -1.249831561188e+01 3.466540994031e+01 6.074161052704e+00 -2.008805513382e+00
G1-1 1401 1 1.196618627109e+01 -1.751104171346e+01 3.141381578564e+01 4.340523242950e+00 -1.388759493828e+00
G1-1 1401 2 1.196618627109e+01 -1.751104171346e+01 3.579564971716e+01 4.478237152100e+00 -1.432707548141e+00
G1-1 1401 3 1.615881372891e+01 -1.751104171346e+01 3.141381578564e+01 5.040761470795e+00 -1.652656197548e+00
G1-1 1401 4 1.615881372891e+01 -1.350168797759e+01 3.356750774355e+01 5.631967544556e+00 -1.852250576019e+00
G1-1 1402 1 -5.096129152791e+00 -1.498253630277e+01 3.400547227780e+01 4.034395217896e+00 -1.242455124855e+00
G1-1 1402 2 -2.192777986553e+00 -1.786062234681e+01 3.255161562565e+01 2.877626657486e+00 -7.850902676582e-01
G1-1 1402 3 -2.192777986553e+00 -1.786062234681e+01 3.693345002869e+01 2.746925115585e+00 -6.929376721382e-01
G1-1 1402 4 -6.385405385425e+00 -1.786062234681e+01 3.693345002869e+01 3.871866703033e+00 -1.184778451920e+00
G1-1 1403 1 -1.766048293015e+01 -2.535965468039e+00 1.715325274386e+01 4.514430046082e+00 -1.449485898018e+00
G1-1 1403 2 -1.766048293015e+01 -4.908948956820e+00 1.296301347359e+01 3.979334831238e+00 -1.279352784157e+00
G1-1 1403 3 -1.413473162947e+01 -3.289230863645e+00 1.840154376560e+01 6.183125495911e+00 -2.048663377762e+00
G1-1 1403 4 -1.766048293015e+01 -7.200207297169e+00 1.621627147599e+01 5.421888828278e+00 -1.788137197495e+00
G1-1 1404 1 -6.391722211184e+00 -1.498253630277e+01 3.265141081781e+01 4.016203403473e+00 -1.243016481400e+00
G1-1 1404 2 -7.680998502758e+00 -1.786062234681e+01 3.557938856870e+01 2.865252256393e+00 -7.759177088737e-01
G1-1 1404 3 -7.680998502758e+00 -1.786062234681e+01 3.119755463719e+01 3.452544212341e+00 -1.043425559998e+00
G1-1 1404 4 -3.488371103886e+00 -1.786062234681e+01 3.119755463719e+01 3.956397771835e+00 -1.236783623695e+00
G1-1 1405 1 7.624995823773e+00 -2.561297653226e+00 1.058413522965e+02 6.107070922852e+00 -1.957808732986e+00
G1-1 1405 2 8.006169907064e+00 -5.200473505977e+00 1.077597674897e+02 5.848046779633e+00 -1.846203684807e+00
G1-1 1405 3 5.794251147177e+00 -1.777928298200e+00 1.084728314706e+02 6.814151287079e+00 -2.216944456100e+00
G1-1 1405 4 3.435725375862e+00 -6.019634367708e+00 1.052098973150e+02 7.894646167755e+00 -2.578309774399e+00
G1-1 1406 1 -1.196618627109e+01 -1.755466139642e+01 4.254403992000e+01 4.291296005249e+00 -1.348172187805e+00
G1-1 1406 2 -1.196618627109e+01 -1.755466139642e+01 4.692587034949e+01 4.481102466583e+00 -1.411432147026e+00
G1-1 1406 3 -1.615881372891e+01 -1.368646441912e+01 4.462681230704e+01 5.502314567566e+00 -1.793711662292e+00
G1-1 1406 4 -1.615881372891e+01 -1.755466139642e+01 4.692587034949e+01 5.370553016663e+00 -1.751619577408e+00
G1-1 1407 1 3.125646801809e+00 -2.734571479187e-01 8.655549018488e+01 8.617036819458e+00 -2.766101837158e+00
G1-1 1407 2 2.139499333420e+00 -3.676033971588e-01 9.218591795038e+01 8.540073394775e+00 -2.921599626541e+00
G1-1 1407 3 4.517291390784e+00 -1.828506306616e+00 8.934308588488e+01 8.604987144470e+00 -2.790727376938e+00
G1-1 1407 4 5.699125088429e+00 1.203269937474e+00 8.822707519373e+01 8.591329574585e+00 -2.817807912827e+00
G1-1 1408 1 4.284348253376e+00 4.856942422539e+00 2.890279859999e+01 7.330898284912e+00 -2.401846170425e+00
G1-1 1408 2 8.598410168290e+00 6.489960644236e+00 2.963833380850e+01 6.470008850098e+00 -2.085341215134e+00
G1-1 1408 3 7.218247399242e+00 6.317161285532e+00 2.574198552830e+01 6.543744087219e+00 -2.128235340118e+00
G1-1 1408 4 3.696184892974e+00 7.827946050372e+00 2.711209919577e+01 6.891005516052e+00 -2.246813774109e+00
G1-1 1409 1 -6.246163222043e+00 1.239872917511e+01 1.025438940522e+02 4.348866462708e+00 -1.301405072212e+00
G1-1 1409 2 -3.803115729159e+00 1.091542002543e+01 1.004473414854e+02 3.893239259720e+00 -1.086350202560e+00
G1-1 1409 3 -9.474581745382e+00 9.445649377845e+00 9.880771297785e+01 5.222566127777e+00 -1.650710463524e+00
G1-1 1409 4 -7.995743128031e+00 1.498317112529e+01 1.008123948684e+02 4.294718265533e+00 -1.292813658714e+00
G1-1 1410 1 2.501651976009e+00 -4.778557620413e+00 3.363905216976e+01 6.263860225677e+00 -2.033312797546e+00
G1-1 1410 2 2.687157163648e+00 -1.253741617404e+00 3.717684516189e+01 7.187690258026e+00 -2.347939968109e+00
G1-1 1410 3 7.364478744578e+00 -1.366949950170e+00 3.766136181403e+01 7.557454586029e+00 -2.487897872925e+00
G1-1 1410 4 6.804946542890e+00 -1.385387406369e+00 3.250571891219e+01 7.418868541718e+00 -2.444392919540e+00
G1-1 1411 1 -5.437480661168e-03 1.601758784398e+01 9.724589748329e+01 3.359430313110e+00 -8.233300447464e-01
G1-1 1411 2 -1.794985345352e+00 1.158633111559e+01 9.327168039450e+01 4.063606739044e+00 -1.103769898415e+00
G1-1 1411 3 -5.437480661168e-03 1.601758784398e+01 9.286406081269e+01 3.818177461624e+00 -1.006610274315e+00
G1-1 1411 4 1.766514326984e+00 1.160657432743e+01 9.342228129242e+01 4.398299694061e+00 -1.246962904930e+00
G1-1 1412 1 1.766514326984e+00 1.034957010868e+01 9.466353559103e+01 4.915496349335e+00 -1.466108798981e+00
G1-1 1412 2 -5.437480661168e-03 1.069283252537e+01 9.812209839895e+01 4.351360797882e+00 -1.247710227966e+00
G1-1 1412 3 -5.437480661168e-03 1.476058362524e+01 9.848715178190e+01 3.798090457916e+00 -1.021584749222e+00
G1-1 1412 4 -1.794985345352e+00 1.032932689684e+01 9.451293657920e+01 4.567475795746e+00 -1.325790762901e+00
G1-1 1413 1 -8.725979237802e+00 -1.363610851663e+01 4.325228933304e+01 4.249905586243e+00 -1.297220468521e+00
G1-1 1413 2 -1.440415964138e+01 -1.276141956607e+01 4.375959793783e+01 5.714346408844e+00 -1.866422772408e+00
G1-1 1413 3 -1.021153206569e+01 -1.662961654337e+01 4.167682460774e+01 3.936543464661e+00 -1.201480984688e+00
G1-1 1413 4 -1.021153206569e+01 -1.662961654337e+01 4.605865598028e+01 3.951564788818e+00 -1.195291996002e+00
G1-1 1414 1 5.178513267691e+00 -1.520557546750e+01 4.436429953101e+01 3.767560243607e+00 -1.083722352982e+00
G1-1 1414 2 2.212226237935e+00 -1.791327498709e+01 4.144765804699e+01 2.919345855713e+00 -7.426155209541e-01
G1-1 1414 3 6.404853813628e+00 -1.791327498709e+01 4.144765804699e+01 3.214633226395e+00 -8.896465897560e-01
G1-1 1414 4 2.212226237935e+00 -1.791327498709e+01 4.582949036257e+01 2.711226463318e+00 -5.987958312035e-01
G1-1 1415 1 1.196618627109e+01 -1.755018249047e+01 4.119430473069e+01 4.468832969666e+00 -1.421172857285e+00
G1-1 1415 2 1.196618627109e+01 -1.755018249047e+01 4.557613610323e+01 4.512517929077e+00 -1.428906798363e+00
G1-1 1415 3 1.615881372891e+01 -1.755018249047e+01 4.119430473069e+01 5.133891582489e+00 -1.677294254303e+00
G1-1 1415 4 1.615881372891e+01 -1.366749146903e+01 4.329107566343e+01 5.258496761322e+00 -1.707478165627e+00
G1-1 1416 1 -6.134792812400e+00 -1.483144712021e+01 4.260867636138e+01 3.769284009933e+00 -1.098973393440e+00
G1-1 1416 2 -7.620345758167e+00 -1.782495514694e+01 4.541504395167e+01 2.671381473541e+00 -6.224440932274e-01
G1-1 1416 3 -7.620345758167e+00 -1.782495514694e+01 4.103321163608e+01 3.086476087570e+00 -8.429428339005e-01
G1-1 1416 4 -3.427718300355e+00 -1.782495514694e+01 4.103321163608e+01 3.689426183701e+00 -1.083953142166e+00
G1-1 1417 1 -4.839199676853e+00 -1.483144712021e+01 4.396273795644e+01 4.123610496521e+00 -1.232556343079e+00
G1-1 1417 2 -2.132125164808e+00 -1.782495514694e+01 4.238727228810e+01 2.429898977280e+00 -4.786184728146e-01
G1-1 1417 3 -2.132125164808e+00 -1.782495514694e+01 4.676910460368e+01 2.640296220779e+00 -5.495783090591e-01
G1-1 1417 4 -6.324752622620e+00 -1.782495514694e+01 4.676910460368e+01 3.726945638657e+00 -1.080743670464e+00
G1-1 1418 1 -1.389531099533e+01 -4.925564401383e+00 4.647308142706e+01 5.562716484070e+00 -1.784619927406e+00
G1-1 1418 2 -1.696362663224e+01 -7.736380954831e+00 4.591932739481e+01 5.895375728607e+00 -1.922419905663e+00
G1-1 1418 3 -1.425111661788e+01 -6.039958517937e+00 5.022948182943e+01 5.435782909393e+00 -1.740427374840e+00
G1-1 1418 4 -1.696362663224e+01 -4.593336623438e+00 4.775343130915e+01 5.451550006866e+00 -1.748772740364e+00
G1-1 1419 1 -1.519927813948e+01 -5.520068213692e+00 5.297833608399e+01 5.212792873383e+00 -1.657191634178e+00
G1-1 1419 2 -1.791178815384e+01 -7.080499377259e+00 5.284562943738e+01 5.952354431152e+00 -1.929977416992e+00
G1-1 1419 3 -1.791178815384e+01 -2.859264153783e+00 5.393996806465e+01 3.929238796234e+00 -1.190929651260e+00
G1-1 1419 4 -1.791178815384e+01 -4.073446142372e+00 5.050228650676e+01 5.358575820923e+00 -1.717364311218e+00
G1-1 1420 1 -1.260809186839e+01 -1.022845662863e+01 5.355745396378e+01 5.726430892944e+00 -1.842885136604e+00
G1-1 1420 2 -1.112797442494e+01 -1.579307604283e+01 5.592819065014e+01 4.247579574585e+00 -1.278364062309e+00
G1-1 1420 3 -1.532060188275e+01 -1.178888802796e+01 5.342474448805e+01 4.941921710968e+00 -1.556758284569e+00
G1-1 1420 4 -1.112797442494e+01 -1.579307604283e+01 5.154635757162e+01 4.766814708710e+00 -1.498981833458e+00
G1-1 1421 1 -1.615881372891e+01 -1.350844999418e+01 5.415734179609e+01 5.565534591675e+00 -1.797627210617e+00
G1-1 1421 2 -1.196618627109e+01 -1.751263800904e+01 5.666078795818e+01 4.398050308228e+00 -1.347998857498e+00
G1-1 1421 3 -1.615881372891e+01 -1.751263800904e+01 5.666078795818e+01 5.660121917725e+00 -1.841137647629e+00
G1-1 1421 4 -1.196618627109e+01 -1.751263800904e+01 5.227895582270e+01 4.146786689758e+00 -1.263796567917e+00
G1-1 1422 1 5.056665946639e+00 -9.415470610564e+00 3.631154519355e+01 5.348295211792e+00 -1.711338877678e+00
G1-1 1422 2 6.946806274255e+00 -4.124197173634e+00 3.844005255557e+01 6.676089763641e+00 -2.177267551422e+00
G1-1 1422 3 2.083979590412e+00 -7.535804755467e+00 3.441774243978e+01 5.623878955841e+00 -1.808562874794e+00
G1-1 1422 4 2.248476410486e+00 -7.660791671274e+00 3.744829553803e+01 5.511094093323e+00 -1.757372140884e+00
G1-1 1423 1 -2.271658054570e+00 -8.595908466382e+00 5.330628738455e+01 5.543739318848e+00 -1.708577990532e+00
G1-1 1423 2 -2.266554708622e+00 -5.188473586825e+00 4.884951381979e+01 6.839149951935e+00 -2.205197334290e+00
G1-1 1423 3 -9.688780516200e-01 -3.020496544030e+00 5.287478931807e+01 5.249660015106e+00 -1.572946071625e+00
G1-1 1423 4 -6.278634708096e-01 -7.661452908538e+00 5.081617537725e+01 5.409533977509e+00 -1.661556839943e+00
G1-1 1424 1 1.196618627109e+01 -1.751245788232e+01 5.093037237204e+01 4.406998157501e+00 -1.373558759689e+00
G1-1 1424 2 1.615881372891e+01 -1.350768746449e+01 5.282648370428e+01 5.173841476440e+00 -1.657647728920e+00
G1-1 1424 3 1.196618627109e+01 -1.751245788232e+01 5.531220545057e+01 4.695296764374e+00 -1.468087911606e+00
G1-1 1424 4 1.615881372891e+01 -1.751245788232e+01 5.093037237204e+01 5.073531627655e+00 -1.637777090073e+00
G1-1 1425 1 3.717577532235e+00 -1.292988007020e+01 5.538677382989e+01 4.481221199036e+00 -1.305004954338e+00
G1-1 1425 2 1.867346093609e+00 -1.737605605936e+01 5.153477441228e+01 2.832789421082e+00 -5.944756865501e-01
G1-1 1425 3 6.059973551421e+00 -1.737605605936e+01 5.153477441228e+01 3.542714118958e+00 -9.660459160805e-01
G1-1 1425 4 1.867346093609e+00 -1.737605605936e+01 5.591660749081e+01 2.826499938965e+00 -5.307278633118e-01
G1-1 1426 1 -4.455001643645e+00 -1.459974765526e+01 5.420577914748e+01 3.568546772003e+00 -9.210306406021e-01
G1-1 1426 2 -7.223800883807e+00 -1.777025820498e+01 5.125597938617e+01 3.135700941086e+00 -8.001495599747e-01
G1-1 1426 3 -3.031173396525e+00 -1.777025820498e+01 5.125597938617e+01 3.638586044312e+00 -9.911504983902e-01
G1-1 1426 4 -7.223800883807e+00 -1.777025820498e+01 5.563781246470e+01 2.963433980942e+00 -6.821601390839e-01
G1-1 1427 1 1.309091193851e+01 -9.360359387992e+00 5.544315184842e+01 5.207307338715e+00 -1.644930720329e+00
G1-1 1427 2 1.294817989400e+01 -1.172377185648e+01 5.923258275935e+01 5.446395874023e+00 -1.730030655861e+00
G1-1 1427 3 1.156781325981e+01 -1.485000481349e+01 5.775964940727e+01 5.193494796753e+00 -1.640532016754e+00
G1-1 1427 4 1.576044071762e+01 -1.084523463142e+01 5.527392766098e+01 5.133406639099e+00 -1.626462578773e+00
G1-1 1428 1 -1.767583531822e+01 1.596848249389e+00 1.235446068399e+02 6.084836006165e+00 -1.974181771278e+00
G1-1 1428 2 -1.767583531822e+01 1.426580554025e+00 1.282587416312e+02 5.118520736694e+00 -1.612466692924e+00
G1-1 1428 3 -1.419976588830e+01 8.316585053888e-01 1.246528689496e+02 5.927746295929e+00 -1.913689374924e+00
G1-1 1428 4 -1.767583531822e+01 5.710748840652e+00 1.254798619860e+02 5.779621601105e+00 -1.873226761818e+00
G1-1 1429 1 -1.200161798742e+01 -2.831597776134e-01 7.053216169869e+01 6.778155326843e+00 -2.024961709976e+00
G1-1 1429 2 -1.535571995367e+01 -2.831601607254e-01 7.053216358478e+01 5.261050224304e+00 -1.631997585297e+00
G1-1 1429 3 -1.200161798742e+01 1.873048192340e+00 6.679749895058e+01 8.608250617981e+00 -2.783824920654e+00
G1-1 1429 4 -1.107980292158e+01 -1.622081266087e+00 6.651409663387e+01 6.636317729950e+00 -2.082870483398e+00
G1-1 1430 1 4.319522065315e+00 -1.459267290053e+01 6.420366234120e+01 5.053062438965e+00 -1.477524042130e+00
G1-1 1430 2 2.009445922100e+00 -1.776858819982e+01 6.110122208747e+01 3.217367887497e+00 -6.821399331093e-01
G1-1 1430 3 6.202073379913e+00 -1.776858819982e+01 6.110122208747e+01 4.209392547607e+00 -1.182074904442e+00
G1-1 1430 4 2.009445922100e+00 -1.776858819982e+01 6.548305516599e+01 2.848146915436e+00 -3.874439001083e-01
G1-1 1431 1 -1.090038533822e+01 -1.368076254057e+01 2.989314198631e+01 4.974932670593e+00 -1.611351132393e+00
G1-1 1431 2 -9.430737712258e+00 -1.687389141400e+01 3.088962458087e+01 3.934443950653e+00 -1.229819655418e+00
G1-1 1431 3 -8.141461361744e+00 -1.399580536996e+01 3.234348076150e+01 4.440357208252e+00 -1.404677510262e+00
G1-1 1431 4 -9.430737712258e+00 -1.687389141400e+01 3.527145851239e+01 3.778258800507e+00 -1.156708478928e+00
G1-1 1432 1 -6.619279173222e+00 -1.488121873336e+01 6.418272253907e+01 4.641491413116e+00 -1.316291451454e+00
G1-1 1432 2 -2.552344931305e+00 -1.783670463099e+01 6.213068934332e+01 2.763867139816e+00 -4.112542569637e-01
G1-1 1432 3 -2.552344931305e+00 -1.783670463099e+01 6.651252242184e+01 3.415506601334e+00 -7.181559801102e-01
G1-1 1432 4 -6.744972271236e+00 -1.783670463099e+01 6.651252242184e+01 4.647912979126e+00 -1.320520758629e+00
G1-1 1433 1 -1.050605827125e+01 -1.488121873336e+01 6.418272253907e+01 3.999125719070e+00 -1.114598512650e+00
G1-1 1433 2 -1.063175160502e+01 -1.783670463099e+01 6.213068934332e+01 3.772921085358e+00 -1.054250121117e+00
G1-1 1433 3 -1.063175160502e+01 -1.783670463099e+01 6.651252242184e+01 3.667819261551e+00 -9.672855138779e-01
G1-1 1433 4 -1.482437906284e+01 -1.783670463099e+01 6.651252242184e+01 5.209311008453e+00 -1.650732398033e+00
G1-1 1434 1 1.247751651817e+01 -1.465770715936e+01 6.207061073171e+01 5.092976093292e+00 -1.592063307762e+00
G1-1 1434 2 1.109714988398e+01 -1.778394058789e+01 6.497950951512e+01 4.842946529388e+00 -1.479751825333e+00
G1-1 1434 3 1.109714988398e+01 -1.778394058789e+01 6.059767737964e+01 4.655831336975e+00 -1.429494142532e+00
G1-1 1434 4 1.528977734179e+01 -1.778394058789e+01 6.059767737964e+01 3.683016777039e+00 -1.076867580414e+00
G1-1 1435 1 6.906684079697e+00 2.875290438639e+00 6.648010369517e+01 8.650794982910e+00 -2.699055433273e+00
G1-1 1435 2 7.704301011791e+00 2.406485090176e-01 6.384358733167e+01 8.625069618225e+00 -2.750021696091e+00
G1-1 1435 3 6.799815667426e+00 4.525288967908e+00 6.386193519475e+01 8.652882575989e+00 -2.694725990295e+00
G1-1 1435 4 9.271317275450e+00 3.449303385934e+00 6.464986648470e+01 8.645337104797e+00 -2.548602104187e+00
G1-1 1436 1 5.011325330744e+00 -1.365334583114e+01 6.809356311428e+01 5.044426918030e+00 -1.436127543449e+00
G1-1 1436 2 6.893876645341e+00 -1.682926113043e+01 6.937295593908e+01 4.298990726471e+00 -1.143144965172e+00
G1-1 1436 3 4.939971831187e+00 -1.378953438144e+01 7.319726817162e+01 5.104017257690e+00 -1.436986804008e+00
G1-1 1436 4 2.701249246469e+00 -1.682926113043e+01 6.937295593908e+01 4.351430892944e+00 -1.127849102020e+00
G1-1 1437 1 -5.052372973627e+00 -3.310729053586e+00 1.089340127442e+02 8.335081100464e+00 -2.754266977310e+00
G1-1 1437 2 -5.871682469256e+00 -7.354411769440e+00 1.082682390133e+02 6.467714786530e+00 -2.055510520935e+00
G1-1 1437 3 -9.557906086114e+00 -5.779671447800e+00 1.097231245754e+02 6.419548511505e+00 -2.066143274307e+00
G1-1 1437 4 -9.989161784908e+00 -3.877824595743e+00 1.050209127295e+02 8.409858703613e+00 -3.180592775345e+00
G1-1 1438 1 6.883343128399e+00 -9.877542405883e+00 8.528165713984e+01 8.631905555725e+00 -2.737103223801e+00
G1-1 1438 2 9.398912826832e+00 -1.514827538106e+01 8.712426556692e+01 8.590379714966e+00 -2.820261478424e+00
G1-1 1438 3 1.115334044203e+01 -1.259684167158e+01 8.489457608529e+01 3.538336515427e+00 -6.223087906837e-01
G1-1 1438 4 1.023743831839e+01 -1.131501611292e+01 8.777143571722e+01 6.888382434845e+00 -2.011803627014e+00
G1-1 1439 1 -1.088577714591e+01 1.371109566774e+01 7.482150541263e+01 4.586558818817e+00 -1.277175903320e+00
G1-1 1439 2 -6.597171949616e+00 1.393882943268e+01 7.379759399961e+01 6.332090854645e+00 -1.943428635597e+00
G1-1 1439 3 -9.133014998061e+00 1.686880299468e+01 7.348132153688e+01 4.703378200531e+00 -1.301763296127e+00
G1-1 1439 4 -9.133014998061e+00 1.686880299468e+01 7.786315632139e+01 4.251355648041e+00 -1.127902626991e+00
G1-1 1440 1 2.698372243604e+00 -6.190838415038e+00 6.609699208858e+01 7.345485687256e+00 -2.325230360031e+00
G1-1 1440 2 6.390854943014e+00 -5.897759664305e+00 6.616525629460e+01 8.115610122681e+00 -2.613678693771e+00
G1-1 1440 3 4.601073358449e+00 -7.246847594923e+00 6.130249236321e+01 5.946868419647e+00 -1.817952394485e+00
G1-1 1440 4 6.214978605539e+00 -4.599794117604e+00 6.361473084175e+01 7.788296222687e+00 -2.504728078842e+00
G1-1 1441 1 1.333350349952e+01 -1.518558987349e+01 7.344124299138e+01 5.344519615173e+00 -1.667382001877e+00
G1-1 1441 2 1.129922088155e+01 -1.790855691046e+01 7.076698607628e+01 4.326560974121e+00 -1.237475872040e+00
G1-1 1441 3 1.549184833936e+01 -1.790855691046e+01 7.076698607628e+01 3.757961273193e+00 -1.100514411926e+00
G1-1 1441 4 1.129922088155e+01 -1.790855691046e+01 7.514881897470e+01 3.687432527542e+00 -9.355446696281e-01
G1-1 1442 1 -1.388997998922e+01 -1.343805180765e+01 2.356613905691e+01 5.467469215393e+00 -1.799932003021e+00
G1-1 1442 2 -1.661295982107e+01 -1.663118068108e+01 2.018078942593e+01 5.077097415924e+00 -1.674288749695e+00
G1-1 1442 3 -1.661295982107e+01 -1.296766620642e+01 1.868736464128e+01 5.028512001038e+00 -1.646788358688e+00
G1-1 1442 4 -1.242033236326e+01 -1.663118068108e+01 2.018078942593e+01 4.723834991455e+00 -1.546595931053e+00
G1-1 1443 1 4.098613121839e+00 -2.194558257616e+00 8.465978076646e+01 8.664430618286e+00 -2.671579360962e+00
G1-1 1443 2 8.143618543885e+00 -4.012728623613e+00 8.554769792068e+01 8.838649749756e+00 -2.323032855988e+00
G1-1 1443 3 5.490257475053e+00 -3.749607504724e+00 8.744737646647e+01 8.042324066162e+00 -2.352045297623e+00
G1-1 1443 4 4.789523236008e+00 -5.210620871048e+00 8.493922596211e+01 8.658108711243e+00 -2.685613870621e+00
G1-1 1444 1 -1.411574344849e+01 -1.598074205916e+01 9.016500484594e+01 4.783798694611e+00 -1.557800650597e+00
G1-1 1444 2 -1.284003488791e+01 -1.466184033979e+01 8.600254978985e+01 4.589013099670e+00 -1.381983280182e+00
G1-1 1444 3 -1.174288494393e+01 -1.744034953996e+01 8.814490615378e+01 2.788119316101e+00 -6.405023336411e-01
G1-1 1444 4 -1.593551240174e+01 -1.744034953996e+01 8.814490615378e+01 2.477687835693e+00 -7.281234860420e-01
G1-1 1445 1 5.521712180181e+00 -1.477094618161e+01 8.036292914912e+01 5.900919437408e+00 -1.769722580910e+00
G1-1 1445 2 7.475616994335e+00 -1.781067293061e+01 8.092044792891e+01 3.774344921112e+00 -9.015476703644e-01
G1-1 1445 3 7.475616994335e+00 -1.781067293061e+01 8.530228118754e+01 5.295516014099e+00 -1.599300503731e+00
G1-1 1445 4 3.282989595463e+00 -1.781067293061e+01 8.530228118754e+01 6.303858280182e+00 -2.012352466583e+00
G1-1 1446 1 -1.518557312477e+01 -9.559528014218e+00 2.803119354175e+01 5.885091304779e+00 -1.935559153557e+00
G1-1 1446 2 -1.790855295662e+01 -8.730590581929e+00 3.122091746089e+01 6.155449867249e+00 -2.029326200485e+00
G1-1 1446 3 -1.790855295662e+01 -4.595085124321e+00 2.880872449868e+01 5.476986885071e+00 -1.766195178032e+00
G1-1 1446 4 -1.790855295662e+01 -8.717615054709e+00 2.686368041360e+01 5.592664718628e+00 -1.829653501511e+00
G1-1 1447 1 4.226119121788e+00 -1.477094618161e+01 7.900886755406e+01 6.737398624420e+00 -2.090533494949e+00
G1-1 1447 2 1.987396478129e+00 -1.781067293061e+01 8.394821959248e+01 4.013911724091e+00 -1.044173240662e+00
G1-1 1447 3 1.987396478129e+00 -1.781067293061e+01 7.956638821994e+01 4.571203708649e+00 -1.234997510910e+00
G1-1 1447 4 6.180023877001e+00 -1.781067293061e+01 7.956638821994e+01 5.769857406616e+00 -1.755760073662e+00
G1-1 1448 1 1.223538735986e+01 -1.160697876003e+01 7.704210414012e+01 5.703997135162e+00 -1.757745504379e+00
G1-1 1448 2 8.247199868800e+00 -1.129021857647e+01 7.819215945756e+01 7.206092357635e+00 -2.260300397873e+00
G1-1 1448 3 1.195553212133e+01 -1.177851208751e+01 8.090182390044e+01 4.569564819336e+00 -1.233169317245e+00
G1-1 1448 4 1.103962999770e+01 -8.340478148463e+00 8.004402267034e+01 8.607066154480e+00 -2.786222457886e+00
G1-1 1449 1 -8.433788858787e+00 -1.101158601964e+01 8.310610992948e+01 8.507735252380e+00 -2.665960550308e+00
G1-1 1449 2 -1.064623567981e+01 -7.958992404565e+00 8.281495485635e+01 7.348381996155e+00 -2.189589262009e+00
G1-1 1449 3 -1.090486036799e+01 -1.116995085292e+01 8.376008731806e+01 4.899471759796e+00 -1.237556934357e+00
G1-1 1449 4 -1.064623567981e+01 -1.011520125647e+01 8.654961571838e+01 8.649449348450e+00 -2.701586008072e+00
G1-1 1450 1 -7.690639509596e+00 -1.122998111258e+01 8.111361328574e+01 7.074478626251e+00 -2.127662420273e+00
G1-1 1450 2 -7.498204269528e+00 -1.104033771611e+01 7.810926049578e+01 5.965755462646e+00 -1.696278214455e+00
G1-1 1450 3 -1.016171101880e+01 -1.138834594586e+01 8.176759067433e+01 8.619901657104e+00 -2.760411262512e+00
G1-1 1450 4 -9.903086330620e+00 -8.177387261741e+00 8.082245821261e+01 8.612003326416e+00 -2.777028083801e+00
G1-1 1451 1 -1.188186927123e+01 -1.111730015313e+01 8.053362426721e+01 5.651537418365e+00 -1.689283251762e+00
G1-1 1451 2 -9.218362521967e+00 -1.076929192338e+01 7.687529220257e+01 7.207637310028e+00 -2.255906343460e+00
G1-1 1451 3 -1.497734654931e+01 -1.008181320892e+01 7.588644370846e+01 5.271024227142e+00 -1.661411643028e+00
G1-1 1451 4 -1.162324458306e+01 -7.906341704775e+00 7.958848991941e+01 8.603114128113e+00 -2.794008493423e+00
G1-1 1452 1 1.592468977061e+01 -1.400717738027e+01 7.405178246145e+01 4.037997722626e+00 -1.212328672409e+00
G1-1 1452 2 1.808303461046e+01 -1.673014441723e+01 7.137752743244e+01 5.207188606262e+00 -1.693739533424e+00
G1-1 1452 3 1.808303461046e+01 -1.291672148363e+01 7.335328076403e+01 5.614825248718e+00 -1.845213770866e+00
G1-1 1452 4 1.808303461046e+01 -1.673014441723e+01 7.575936033086e+01 4.738541603088e+00 -1.530215859413e+00
G1-1 1453 1 3.894549970005e-01 -2.678782121131e+00 8.360163483662e+01 8.650309562683e+00 -2.700066804886e+00
G1-1 1453 2 -2.489582140345e+00 -6.411862032877e+00 8.502921970924e+01 8.696932792664e+00 -2.606692552567e+00
G1-1 1453 3 -3.297945613054e+00 -3.885903131680e+00 8.242533465394e+01 8.197552680969e+00 -2.360831499100e+00
G1-1 1453 4 1.080365170110e+00 -5.694844705092e+00 8.388108191836e+01 8.709934234619e+00 -2.580903053284e+00
G1-1 1454 1 1.266435519007e+01 -1.032641841863e+01 5.363393043192e+01 5.705669879913e+00 -1.838057518005e+00
G1-1 1454 2 1.114125651137e+01 -1.581606407989e+01 5.595042799077e+01 4.918624877930e+00 -1.543227791786e+00
G1-1 1454 3 1.114125651137e+01 -1.581606407989e+01 5.156859585529e+01 4.574102878571e+00 -1.427410840988e+00
G1-1 1454 4 1.533388396919e+01 -1.181129366206e+01 5.346470624448e+01 4.877101898193e+00 -1.536456108093e+00
G1-1 1455 1 -7.243811675593e+00 -1.038997808181e+01 9.375128054577e+01 8.723137855530e+00 -2.557218551636e+00
G1-1 1455 2 -1.030426722477e+01 -1.278058460517e+01 9.565656495655e+01 8.691430091858e+00 -2.625565767288e+00
G1-1 1455 3 -1.030426722477e+01 -1.014521835600e+01 9.377525986361e+01 8.729321479797e+00 -2.546603679657e+00
G1-1 1455 4 -1.030426722477e+01 -1.062437608439e+01 9.192190562040e+01 8.960025787354e+00 -2.082293510437e+00
G1-1 1456 1 -6.274034961800e+00 -8.834734446699e+00 9.102854509919e+01 8.707580566406e+00 -2.586353063583e+00
G1-1 1456 2 -9.334490510981e+00 -9.069132685038e+00 8.919917017382e+01 9.093212127686e+00 -1.813822865486e+00
G1-1 1456 3 -9.334490510981e+00 -6.433766553748e+00 8.731786355501e+01 6.968929290771e+00 -6.828141212463e-01
G1-1 1456 4 -6.196227142152e+00 -8.348676128968e+00 8.785752938732e+01 8.741887092590e+00 -2.516880989075e+00
G1-1 1457 1 -2.850304898203e+00 -1.603647450844e+01 9.662670012369e+01 7.812646865845e+00 -4.379605293274e+00
G1-1 1457 2 -2.850304898203e+00 -1.771352549156e+01 9.224487063724e+01 2.839674472809e+00 -6.712570190430e-01
G1-1 1457 3 -7.042932356015e+00 -1.771352549156e+01 9.662670012369e+01 1.713428139687e+00 -4.759795367718e-01
G1-1 1457 4 -7.881457847578e+00 -1.603647450844e+01 9.662670012369e+01 7.557504653931e+00 -4.889400959015e+00
G1-1 1458 1 -1.533141746884e+01 -1.580287403115e+01 9.488921292113e+01 3.132118225098e+00 -1.033398151398e+00
G1-1 1458 2 -1.715118618633e+01 -1.726248174772e+01 9.725094371542e+01 1.061146020889e+00 4.809550344944e-01
G1-1 1458 3 -1.379708422008e+01 -1.558543076459e+01 9.725094371542e+01 8.116278648376e+00 -3.770123004913e+00
G1-1 1458 4 -1.715118618633e+01 -1.558543076459e+01 9.725094371542e+01 8.136324286461e-01 1.856604218483e+00
G1-1 1459 1 1.296716869924e+01 -1.541012991427e+01 8.255586806222e+01 6.399556636810e+00 -2.040114641190e+00
G1-1 1459 2 1.121274108404e+01 -1.796156362375e+01 8.040372239914e+01 3.912153005600e+00 -1.022439837456e+00
G1-1 1459 3 1.540536854186e+01 -1.796156362375e+01 8.040372239914e+01 2.932088136673e+00 -7.124390602112e-01
G1-1 1459 4 1.121274108404e+01 -1.796156362375e+01 8.478555188559e+01 3.056732654572e+00 -5.790035128593e-01
G1-1 1460 1 -1.469796763730e+01 -1.208344693643e+01 8.097207397565e+01 5.394213199615e+00 -1.717570185661e+00
G1-1 1460 2 -1.779344491537e+01 -1.486195637236e+01 7.873259896704e+01 4.816244125366e+00 -1.515019655228e+00
G1-1 1460 3 -1.779344491537e+01 -8.872488723831e+00 8.002693962785e+01 5.223587989807e+00 -1.717754721642e+00
G1-1 1460 4 -1.779344491537e+01 -1.104796022797e+01 7.632489530299e+01 2.394552469254e+00 -5.518618226051e-01
G1-1 1461 1 4.699140180119e+00 -1.380198747127e+01 9.271956836366e+01 8.611469268799e+00 -2.779207229614e+00
G1-1 1461 2 2.099061602684e+00 -1.718603477383e+01 9.028810904583e+01 4.184425354004e+00 -1.135357737541e+00
G1-1 1461 3 6.291689060496e+00 -1.718603477383e+01 9.028810904583e+01 6.783998966217e+00 -2.195656776428e+00
G1-1 1461 4 2.099061602684e+00 -1.550898379070e+01 9.466994230446e+01 8.323120117188e+00 -3.358803510666e+00
G1-1 1462 1 -1.295593135547e+00 -1.823176274578e+01 9.224487063724e+01 1.124623417854e+00 2.021348476410e-01
G1-1 1462 2 -1.295593135547e+00 -1.823176274578e+01 9.662670012369e+01 2.000565052032e+00 -9.645817279816e-01
G1-1 1462 3 -1.295593135547e+00 -1.655471176266e+01 9.662670012369e+01 7.574756145477e+00 -4.852021694183e+00
G1-1 1462 4 -5.488220593359e+00 -1.823176274578e+01 9.662670012369e+01 1.349691271782e+00 -2.198104411364e-01
G1-1 1463 1 5.217379557785e+00 -1.269147843188e+01 9.079611191957e+01 8.607574462891e+00 -2.787528038025e+00
G1-1 1463 2 2.617300950881e+00 -1.607552597021e+01 8.836465071565e+01 7.315757751465e+00 -2.356692552567e+00
G1-1 1463 3 4.294358710260e+00 -1.080479275927e+01 8.652204606075e+01 8.636844635010e+00 -2.727001428604e+00
G1-1 1463 4 6.809928438163e+00 -1.607552597021e+01 8.836465071565e+01 5.735746860504e+00 -1.748964786530e+00
G1-1 1464 1 1.295593135547e+00 -1.823176274578e+01 9.089080962501e+01 6.904140949249e+00 -2.584599733353e+00
G1-1 1464 2 5.488220593359e+00 -1.823176274578e+01 9.089080962501e+01 2.445843458176e+00 -9.016022086143e-02
G1-1 1464 3 1.295593135547e+00 -1.655471176266e+01 9.527264099755e+01 8.354900360107e+00 -3.291916370392e+00
G1-1 1464 4 1.295593135547e+00 -1.823176274578e+01 9.527264099755e+01 1.014871120453e+00 -6.270439177752e-02
G1-1 1465 1 -1.083240412826e+01 -1.366966321294e+01 2.589051890628e+01 4.766830921173e+00 -1.542020559311e+00
G1-1 1465 2 -7.853488335142e+00 -1.394878786362e+01 2.415176246452e+01 4.658095359802e+00 -1.508171081543e+00
G1-1 1465 3 -9.362756502293e+00 -1.686279232213e+01 2.688700150084e+01 4.115193367004e+00 -1.309822559357e+00
G1-1 1465 4 -9.362756502293e+00 -1.686279232213e+01 2.250516880378e+01 4.216660022736e+00 -1.358952045441e+00
G1-1 1466 1 1.171195982039e+01 -1.144728385457e+01 7.077781681915e+01 5.143190383911e+00 -1.548838376999e+00
G1-1 1466 2 7.795125887829e+00 -1.099433535648e+01 6.682416707925e+01 6.163213253021e+00 -1.907748937607e+00
G1-1 1466 3 9.125062532043e+00 -8.374986735982e+00 6.805465615294e+01 5.920487880707e+00 -1.803133249283e+00
G1-1 1466 4 1.105804360086e+01 -1.104401769876e+01 6.519465923455e+01 5.902467250824e+00 -1.852990865707e+00
G1-1 1467 1 1.092971176266e+01 -1.823176274578e+01 9.089080962501e+01 3.078098297119e+00 -7.493959665298e-01
G1-1 1467 2 1.176823725422e+01 -1.655471176266e+01 9.527264099755e+01 6.815710067749e+00 -3.760094642639e+00
G1-1 1467 3 1.092971176266e+01 -1.823176274578e+01 9.527264099755e+01 1.035885572433e+00 1.247156858444e+00
G1-1 1467 4 1.512233922047e+01 -1.823176274578e+01 9.089080962501e+01 8.667166233063e-01 8.438262939453e-01
G1-1 1468 1 -1.326177940664e+01 -1.631729940547e+01 4.886038448070e+01 4.656528472900e+00 -1.471788525581e+00
G1-1 1468 2 -1.745440686445e+01 -1.231311139060e+01 5.073877328322e+01 6.200438499451e+00 -2.031771659851e+00
G1-1 1468 3 -1.745440686445e+01 -1.244910242817e+01 4.656132643825e+01 6.683890342712e+00 -2.213728427887e+00
G1-1 1468 4 -1.745440686445e+01 -1.631729940547e+01 4.886038448070e+01 6.579285144806e+00 -2.181449890137e+00
G1-1 1469 1 -4.886628774192e+00 -6.515009493631e+00 4.768351277290e+01 5.382920265198e+00 -1.673489809036e+00
G1-1 1469 2 -6.174978444005e+00 -1.009944654254e+01 4.638411898606e+01 4.558845043182e+00 -1.376959085464e+00
G1-1 1469 3 -4.891732179080e+00 -9.922444137427e+00 5.214028539461e+01 4.458792209625e+00 -1.304767608643e+00
G1-1 1469 4 -9.140649068986e+00 -7.528335155077e+00 5.120158296851e+01 6.196627140045e+00 -1.999482512474e+00
G1-1 1470 1 1.525554146117e+01 -5.625629727913e+00 5.310067384963e+01 5.079853534698e+00 -1.612568020821e+00
G1-1 1470 2 1.792507024028e+01 -4.117470432460e+00 5.067559473364e+01 5.251673698425e+00 -1.683180212975e+00
G1-1 1470 3 1.792507024028e+01 -2.901008780387e+00 5.405125351978e+01 4.167996406555e+00 -1.272364377975e+00
G1-1 1470 4 1.792507024028e+01 -7.110504971345e+00 5.293144777610e+01 6.060857295990e+00 -1.975051879883e+00
G1-1 1471 1 -1.413473162947e+01 -2.493720062719e+00 2.230159320644e+01 6.182843685150e+00 -2.033291101456e+00
G1-1 1471 2 -1.766048293015e+01 -1.910638721309e+00 2.577262676091e+01 5.273698806763e+00 -1.686729788780e+00
G1-1 1471 3 -1.766048293015e+01 -1.740454652378e+00 2.105330218469e+01 4.732111454010e+00 -1.506148934364e+00
G1-1 1471 4 -1.766048293015e+01 -6.033168843253e+00 2.382758267584e+01 5.461829662323e+00 -1.775798201561e+00
G1-1 1472 1 1.662947710473e+01 -1.061147615253e+01 5.140452223040e+01 5.450597286224e+00 -1.754298210144e+00
G1-1 1472 2 1.243684964692e+01 -1.461624657036e+01 4.950841184121e+01 4.281255245209e+00 -1.320048570633e+00
G1-1 1472 3 1.395994832562e+01 -9.126600909097e+00 5.157374736089e+01 5.391844272614e+00 -1.725941896439e+00
G1-1 1472 4 1.662947710473e+01 -1.073355554892e+01 4.722335045837e+01 5.601319789886e+00 -1.815077304840e+00
G1-1 1473 1 -1.437486207560e+01 -1.361165837955e+01 9.056498104709e+01 5.164083480835e+00 -1.599121809006e+00
G1-1 1473 2 -1.284052906260e+01 -1.123800682797e+01 8.919205250523e+01 8.644735336304e+00 -2.710919380188e+00
G1-1 1473 3 -1.309915351502e+01 -1.229275666018e+01 8.640252221882e+01 8.120476722717e+00 -2.635641574860e+00
G1-1 1473 4 -1.619463102885e+01 -1.123800682797e+01 8.919205250523e+01 1.452012896538e+00 3.839670121670e-01
G1-1 1474 1 1.385174075374e+01 -9.639177831240e+00 7.505171432308e+01 7.762870788574e+00 -2.551670074463e+00
G1-1 1474 2 1.265598362733e+01 -6.372677455435e+00 7.805363285330e+01 8.602492332458e+00 -2.795413017273e+00
G1-1 1474 3 1.601008559358e+01 -8.548721934600e+00 7.435321262566e+01 3.968782186508e+00 -1.195616126060e+00
G1-1 1474 4 1.265598362733e+01 -4.216468863129e+00 7.431897010518e+01 8.595710754395e+00 -2.808851242065e+00
G1-1 1475 1 -1.309724454234e+01 -1.217768077222e+01 6.548896592990e+01 6.106551647186e+00 -1.960172414780e+00
G1-1 1475 2 -1.741556533393e+01 -1.513316666986e+01 6.781876675572e+01 5.469070911407e+00 -1.756972670555e+00
G1-1 1475 3 -1.741556533393e+01 -1.131917052547e+01 6.979289787618e+01 4.067271232605e+00 -1.204664349556e+00
G1-1 1475 4 -1.741556533393e+01 -1.019833019225e+01 6.568989601900e+01 5.525739192963e+00 -1.759530544281e+00
G1-1 1476 1 -1.633359122508e+01 -2.555988980377e+00 7.238529829342e+01 2.468156337738e+00 -3.918343186378e-01
G1-1 1476 2 -1.186803013427e+01 -4.762053902047e+00 7.059682605195e+01 8.305886268616e+00 -3.391857147217e+00
G1-1 1476 3 -1.297948925883e+01 -2.555988980377e+00 7.238529829342e+01 7.393067359924e+00 -5.221094608307e+00
G1-1 1476 4 -1.633359122508e+01 -6.887668767387e+00 7.241791671668e+01 1.655700445175e+00 1.120183348656e+00
G1-1 1477 1 -1.002202754917e+01 -1.273648201635e+01 6.706243487289e+01 5.044479846954e+00 -1.495222568512e+00
G1-1 1477 2 -8.581364313412e+00 -1.256545024830e+01 7.235521342720e+01 3.530263662338e+00 -7.117309570312e-01
G1-1 1477 3 -1.434034834075e+01 -1.187797176960e+01 7.136636493308e+01 5.449727058411e+00 -1.718187808990e+00
G1-1 1477 4 -1.014772088294e+01 -1.569196791399e+01 6.939223569872e+01 4.431117534637e+00 -1.244879484177e+00
G1-1 1478 1 -1.366149312886e+01 -1.023259979578e+01 8.137204847082e+01 2.922356367111e+00 -6.069653034210e-01
G1-1 1478 2 -1.340286844069e+01 -7.021641818945e+00 8.042691412301e+01 2.270525693893e+00 8.349693417549e-01
G1-1 1478 3 -1.675697040694e+01 -9.197113087325e+00 7.672486791206e+01 7.185710906982e+00 -2.554065704346e+00
G1-1 1478 4 -1.675697040694e+01 -7.021641818945e+00 8.042691412301e+01 3.476009845734e+00 -1.002529263496e+00
G1-1 1479 1 -1.309724454234e+01 -1.211890809774e+01 6.139719729764e+01 4.904921531677e+00 -1.511011481285e+00
G1-1 1479 2 -1.741556533393e+01 -1.013955775353e+01 6.159812644370e+01 5.377947330475e+00 -1.706545948982e+00
G1-1 1479 3 -1.741556533393e+01 -1.107020598051e+01 5.684171888284e+01 6.663180351257e+00 -2.185130357742e+00
G1-1 1479 4 -1.741556533393e+01 -1.507439423114e+01 5.934516410189e+01 6.506153583527e+00 -2.136613845825e+00
G1-1 1480 1 -1.667705098312e+01 -7.538567486198e+00 7.527873049636e+01 3.916745901108e+00 -1.166074872017e+00
G1-1 1480 2 -1.332294901688e+01 -3.206887448692e+00 7.524611207310e+01 5.655539512634e+00 -1.609284758568e+00
G1-1 1480 3 -1.667705098312e+01 -5.363096040997e+00 7.898077482122e+01 2.783184289932e+00 -6.729465723038e-01
G1-1 1480 4 -1.332294901688e+01 -5.363096453579e+00 7.898077482122e+01 7.543938636780e+00 -2.417396306992e+00
G1-1 1481 1 -1.180165140679e+01 -1.488121873336e+01 6.282866226852e+01 4.231193542480e+00 -1.241266131401e+00
G1-1 1481 2 -1.611997219838e+01 -1.783670463099e+01 6.077662907277e+01 5.935427665710e+00 -1.933288574219e+00
G1-1 1481 3 -1.192734474057e+01 -1.783670463099e+01 6.077662907277e+01 4.171318531036e+00 -1.243063569069e+00
G1-1 1481 4 -1.611997219838e+01 -1.783670463099e+01 6.515846120825e+01 5.313485622406e+00 -1.701202154160e+00
G1-1 1482 1 -1.413473162947e+01 -3.882460347816e+00 2.055369857524e+01 6.000679016113e+00 -1.976750493050e+00
G1-1 1482 2 -1.766048293015e+01 -3.129194893270e+00 1.930540755349e+01 5.155756473541e+00 -1.675644040108e+00
G1-1 1482 3 -1.766048293015e+01 -7.793436722400e+00 1.836842628562e+01 5.276645660400e+00 -1.729105234146e+00
G1-1 1482 4 -1.766048293015e+01 -7.421909128351e+00 2.207968804463e+01 4.869217872620e+00 -1.567967534065e+00
G1-1 1483 1 -6.168160896962e+00 3.431856014459e+00 6.800692154607e+01 7.832934379578e+00 -1.906351447105e+00
G1-1 1483 2 -9.258544010011e+00 5.128871944546e+00 6.752727188755e+01 8.842149734497e+00 -2.317394971848e+00
G1-1 1483 3 -5.904440290093e+00 6.566344975409e+00 6.503750107715e+01 8.781742095947e+00 -2.437278509140e+00
G1-1 1483 4 -9.258544010011e+00 4.649714370464e+00 6.567391858738e+01 8.782216072083e+00 -2.437838315964e+00
G1-1 1484 1 -1.745440686445e+01 -1.757141037490e+01 7.493246885758e+01 4.668402671814e+00 -1.467225432396e+00
G1-1 1484 2 -1.745440686445e+01 -1.375741423051e+01 7.252476519353e+01 4.770344257355e+00 -1.495912551880e+00
G1-1 1484 3 -1.326177940664e+01 -1.757141037490e+01 7.055063407308e+01 4.835786342621e+00 -1.471107602119e+00
G1-1 1484 4 -1.745440686445e+01 -1.757141037490e+01 7.055063407308e+01 5.522262096405e+00 -1.789096474648e+00
G1-1 1485 1 -1.023522312592e+01 2.053586027145e+00 5.597944353371e+01 6.667942523956e+00 -2.177223920822e+00
G1-1 1485 2 -1.180223962534e+01 5.933814103612e+00 5.698728969089e+01 8.510223388672e+00 -2.980544328690e+00
G1-1 1485 3 -1.515634159159e+01 1.701144691427e+00 5.672416376266e+01 4.571461677551e+00 -1.435506105423e+00
G1-1 1485 4 -1.180223962534e+01 3.777605759653e+00 6.072195243901e+01 8.576702117920e+00 -2.847483634949e+00
G1-1 1486 1 -1.073634316354e+01 -2.970097564584e+00 6.711550380917e+01 8.453332901001e+00 -2.758871555328e+00
G1-1 1486 2 -1.054669910481e+01 -3.837240732549e+00 6.934509663252e+01 6.022190093994e+00 -1.782714128494e+00
G1-1 1486 3 -1.165815822938e+01 -1.631175869820e+00 7.113356887400e+01 6.090546607971e+00 -1.716646909714e+00
G1-1 1486 4 -1.501226019563e+01 -1.631175869820e+00 7.113356887400e+01 2.871801137924e+00 -5.123367905617e-01
G1-1 1487 1 1.392563625949e+01 -5.521250428821e-01 4.996943162547e+01 7.661607742310e+00 -2.632781505585e+00
G1-1 1487 2 1.370327336018e+01 -4.742368464537e+00 5.111372753931e+01 6.612415790558e+00 -2.175019025803e+00
G1-1 1487 3 1.379672292503e+01 -4.834572660715e+00 4.660948666238e+01 4.552796363831e+00 -1.403790354729e+00
G1-1 1487 4 1.637280190354e+01 -3.234209169085e+00 4.868864842333e+01 5.274959564209e+00 -1.692554593086e+00
G1-1 1488 1 -1.586574266955e+01 -5.206953219434e+00 6.111642008203e+00 4.878485202789e+00 -2.408800840378e+00
G1-1 1488 2 -1.072471759110e+01 -5.138209295327e+00 4.856134245613e+00 3.810473203659e+00 -3.038630485535e+00
G1-1 1488 3 -1.167311521174e+01 -6.969098281920e+00 2.094658873977e+00 2.968521118164e+00 -3.255116939545e+00
G1-1 1488 4 -1.586574266955e+01 -2.776470824108e+00 2.094658873977e+00 4.008459568024e+00 -2.837285041809e+00
G1-1 1489 1 -6.002357210636e+00 -9.773993108252e+00 1.188413266483e+01 5.449846744537e+00 -2.749289512634e+00
G1-1 1489 2 -6.701727562773e+00 -6.597530187942e+00 8.677394300212e+00 4.792339801788e+00 -2.187233209610e+00
G1-1 1489 3 -8.756105479878e+00 -7.993882749704e+00 1.176305894629e+01 5.578373908997e+00 -2.550579071045e+00
G1-1 1489 4 -3.558497933716e+00 -6.285070505157e+00 1.048340339988e+01 5.228851795197e+00 -2.259795427322e+00
G1-1 1490 1 -1.887764689469e+00 5.695613024112e+00 3.963771074242e+00 2.951109409332e+00 -3.322289705276e+00
G1-1 1490 2 -5.628013363897e+00 7.516669414847e+00 9.357194207685e-01 2.024952173233e+00 -4.254935741425e+00
G1-1 1490 3 -1.435385876614e+00 7.516669414847e+00 9.357194207685e-01 1.910503983498e+00 -4.176340103149e+00
G1-1 1490 4 -1.435385876614e+00 3.324042015975e+00 9.357194207685e-01 1.390825033188e+00 -3.932468414307e+00
G1-1 1491 1 1.291807494633e+01 -1.558056591094e+01 4.395942212302e+00 5.949565410614e+00 -3.094031810760e+00
G1-1 1491 2 1.120115150321e+01 -1.800179822266e+01 6.453984738378e+00 1.326029181480e+00 6.498801708221e-01
G1-1 1491 3 1.120115150321e+01 -1.800179822266e+01 2.072151659853e+00 5.722594738007e+00 -3.907681703568e+00
G1-1 1491 4 1.539377896102e+01 -1.800179822266e+01 2.072151659853e+00 6.179364681244e+00 -5.115169048309e+00
G1-1 1492 1 -5.979839362438e+00 -5.463380416443e+00 4.387944387937e+01 5.664182662964e+00 -1.794838309288e+00
G1-1 1492 2 -9.878452763527e+00 -6.582066245572e+00 3.978238737811e+01 6.370328426361e+00 -2.080643892288e+00
G1-1 1492 3 -7.268189032251e+00 -9.047817524291e+00 4.258005009253e+01 5.239676952362e+00 -1.656863212585e+00
G1-1 1492 4 -9.878053563158e+00 -5.362312138156e+00 4.364111272958e+01 6.583380222321e+00 -2.151872158051e+00
G1-1 1493 1 -1.409134761749e+01 1.330742757155e+01 3.281078170239e+00 4.843058586121e+00 -3.015235662460e+00
G1-1 1493 2 -1.666049626981e+01 1.129306530786e+01 7.745574876670e-01 4.418156147003e+00 -4.408329010010e+00
G1-1 1493 3 -1.666049626981e+01 1.548569252991e+01 7.745574876670e-01 5.161098480225e+00 -5.318157672882e+00
G1-1 1493 4 -1.246786881200e+01 1.129306530786e+01 7.745574876670e-01 3.477487564087e+00 -3.939908504486e+00
G1-1 1494 1 -1.247534159619e+01 1.029297095533e+01 1.451939449473e+01 5.465140342712e+00 -1.799580812454e+00
G1-1 1494 2 -1.351148150597e+01 7.607992898642e+00 1.812112157846e+01 4.974433898926e+00 -1.603713274002e+00
G1-1 1494 3 -1.655117863600e+01 9.462234371668e+00 1.568572893330e+01 4.808356761932e+00 -1.562061309814e+00
G1-1 1494 4 -1.655117863600e+01 7.294956261974e+00 1.241780330283e+01 3.605855226517e+00 -1.127113103867e+00
G1-1 1495 1 -5.922450739611e+00 -1.502315855307e+01 1.322873752947e+01 5.146773338318e+00 -1.783534765244e+00
G1-1 1495 2 -7.570218653446e+00 -1.787021207716e+01 1.602418947874e+01 3.566875219345e+00 -1.142477393150e+00
G1-1 1495 3 -7.570218653446e+00 -1.787021207716e+01 1.164235640022e+01 4.358589649200e+00 -1.442065715790e+00
G1-1 1495 4 -3.377591136694e+00 -1.787021207716e+01 1.164235640022e+01 3.684359788895e+00 -1.210759282112e+00
G1-1 1496 1 -1.196618627109e+01 -1.761791161389e+01 1.778059835175e+01 4.666822433472e+00 -1.531898975372e+00
G1-1 1496 2 -1.196618627109e+01 -1.761791161389e+01 1.339876550899e+01 3.670671939850e+00 -1.176953196526e+00
G1-1 1496 3 -1.615881372891e+01 -1.761791161389e+01 1.778059835175e+01 5.101156711578e+00 -1.688700318336e+00
G1-1 1496 4 -1.615881372891e+01 -1.395439713924e+01 1.628717333134e+01 5.025350570679e+00 -1.651633977890e+00
G1-1 1497 1 4.867723305427e+00 -1.506645613225e+01 5.180230975402e+00 5.007944107056e+00 -2.902749061584e+00
G1-1 1497 2 6.331486137929e+00 -1.788043336699e+01 2.257297121934e+00 5.411522865295e+00 -3.880611419678e+00
G1-1 1497 3 2.138858680117e+00 -1.788043336699e+01 6.639130259399e+00 3.405905485153e+00 -1.085332393646e+00
G1-1 1497 4 2.138858680117e+00 -1.788043336699e+01 2.257297121934e+00 5.274378299713e+00 -3.798868656158e+00
G1-1 1498 1 1.608788058463e+01 -9.502234775718e+00 1.686645242050e+01 5.514333248138e+00 -1.817168831825e+00
G1-1 1498 2 1.317697803240e+01 -9.724168547070e+00 1.531422765952e+01 5.878029346466e+00 -1.953173398972e+00
G1-1 1498 3 1.038398374451e+01 -9.916994884080e+00 1.955883153721e+01 5.902370452881e+00 -1.954122066498e+00
G1-1 1498 4 1.608788058463e+01 -4.828073579631e+00 1.781415106434e+01 5.661311149597e+00 -1.860417008400e+00
G1-1 1499 1 1.236226104903e+01 -1.660740293107e+01 1.682963325147e+01 4.611948490143e+00 -1.507136702538e+00
G1-1 1499 2 1.655488850684e+01 -1.302964109082e+01 1.532033963495e+01 5.197250843048e+00 -1.710232019424e+00
G1-1 1499 3 1.655488850684e+01 -1.660740293107e+01 1.244780040871e+01 5.375582218170e+00 -1.787758946419e+00
G1-1 1499 4 1.364398595461e+01 -1.325157450853e+01 1.376811510972e+01 5.892535686493e+00 -1.974352955818e+00
G1-1 1500 1 -1.687741852224e+01 -7.467934837466e+00 1.021452258723e+01 5.517462253571e+00 -1.855183362961e+00
G1-1 1500 2 -1.390426416984e+01 -1.042867699117e+01 9.118833156699e+00 5.348636150360e+00 -2.372439384460e+00
G1-1 1500 3 -1.379077118407e+01 -8.795543475122e+00 1.204467958860e+01 5.712631225586e+00 -1.900859236717e+00
G1-1 1500 4 -1.687741852224e+01 -9.759193000994e+00 1.346778070752e+01 4.363191604614e+00 -1.407477974892e+00
G1-1 1501 1 6.622175541894e+00 -3.790616467308e+00 3.847590786006e+00 3.076848268509e+00 -3.332616090775e+00
G1-1 1501 2 7.735401213387e+00 -6.077215705103e+00 9.082929750993e-01 2.044168949127e+00 -4.106989860535e+00
G1-1 1501 3 3.542773755575e+00 -1.884588247291e+00 9.082929750993e-01 1.406896829605e+00 -3.856856346130e+00
G1-1 1501 4 7.735401213387e+00 -1.884588247291e+00 9.082929750993e-01 1.899657487869e+00 -4.152555942535e+00
G1-1 1502 1 -1.485809088873e+01 -1.169504444437e+01 6.419400009646e+00 5.597563743591e+00 -3.123103857040e+00
G1-1 1502 2 -1.783124500537e+01 -8.734302054911e+00 7.515089322294e+00 6.100987911224e+00 -2.781383991241e+00
G1-1 1502 3 -1.783124500537e+01 -1.049644735316e+01 3.498106305948e+00 4.911027908325e+00 -1.642012000084e+00
G1-1 1502 4 -1.783124500537e+01 -1.468907469309e+01 7.879939266592e+00 4.031074523926e+00 -1.294995307922e+00
G1-1 1503 1 -2.560769609758e+00 8.286799218052e+00 5.456444220640e+00 3.614563941956e+00 -3.048903942108e+00
G1-1 1503 2 -6.301018254715e+00 1.010785566773e+01 2.428392685047e+00 2.813488960266e+00 -3.205066442490e+00
G1-1 1503 3 -4.286280592984e+00 1.430048312554e+01 7.258784836450e+00 4.985228061676e+00 -2.823185443878e+00
G1-1 1503 4 -2.108390826373e+00 1.010785566773e+01 2.428392685047e+00 2.661360740662e+00 -3.090210676193e+00
G1-1 1504 1 -1.485809088873e+01 -1.353517054152e+01 5.178083991480e+00 6.256155490875e+00 -2.433515548706e+00
G1-1 1504 2 -1.783124500537e+01 -1.652920079023e+01 6.638623366307e+00 3.213535070419e+00 -8.387081027031e-01
G1-1 1504 3 -1.783124500537e+01 -1.233657333242e+01 2.256790287782e+00 5.977260589600e+00 -3.936329603195e+00
G1-1 1504 4 -1.783124500537e+01 -1.652920079023e+01 2.256790287782e+00 6.503357410431e+00 -3.567637681961e+00
G1-1 1505 1 1.234839281907e+01 -1.435716356468e+01 1.288045143604e+01 5.637664794922e+00 -1.950154542923e+00
G1-1 1505 2 1.106666791349e+01 -1.771299198723e+01 1.156013697079e+01 3.310295820236e+00 -1.050392746925e+00
G1-1 1505 3 1.525929537130e+01 -1.771299198723e+01 1.156013697079e+01 3.949028491974e+00 -1.280885815620e+00
G1-1 1505 4 1.106666791349e+01 -1.771299198723e+01 1.594197004932e+01 3.905539512634e+00 -1.256256818771e+00
G1-1 1506 1 -1.745440686445e+01 1.751235788668e+01 1.128419077333e+02 6.598434925079e+00 -2.196755886078e+00
G1-1 1506 2 -1.745440686445e+01 1.350726437553e+01 1.150429245536e+02 6.884067058563e+00 -2.372511863708e+00
G1-1 1506 3 -1.326177940664e+01 1.751235788668e+01 1.128419077333e+02 4.539894104004e+00 -1.442994952202e+00
G1-1 1506 4 -1.745440686445e+01 1.751235788668e+01 1.172237406317e+02 6.577314853668e+00 -2.189761877060e+00
G1-1 1507 1 -1.326177940664e+01 2.069778698996e+00 1.243231688365e+00 3.032611131668e+00 -3.765637159348e+00
G1-1 1507 2 -1.745440686445e+01 6.262406156808e+00 1.243231688365e+00 4.517230987549e+00 -6.274533271790e+00
G1-1 1507 3 -1.745440686445e+01 2.069778698996e+00 1.243231688365e+00 4.606364727020e+00 -6.979779720306e+00
G1-1 1507 4 -1.745440686445e+01 4.575095809518e+00 5.266413943695e+00 4.615767478943e+00 -1.529237627983e+00
G1-1 1508 1 2.345027281067e+00 -1.454548831097e+01 1.301644567337e+01 5.070158004761e+00 -1.920360088348e+00
G1-1 1508 2 1.543330931799e+00 -1.775744954708e+01 1.159224097323e+01 4.089826107025e+00 -1.356839299202e+00
G1-1 1508 3 5.735958360141e+00 -1.775744954708e+01 1.159224097323e+01 3.693908929825e+00 -1.206218719482e+00
G1-1 1508 4 1.543330931799e+00 -1.775744954708e+01 1.597407428752e+01 4.244362831116e+00 -1.399319529533e+00
G1-1 1509 1 -1.702151681307e+01 -2.073895143697e+00 1.081872900793e+01 4.795299530029e+00 -1.585636138916e+00
G1-1 1509 2 -1.142802797188e+01 1.493192083777e+00 1.256526985688e+01 5.821313858032e+00 -2.117957830429e+00
G1-1 1509 3 -1.702151681307e+01 2.861904391621e+00 1.082492789327e+01 4.932245254517e+00 -1.637679815292e+00
G1-1 1509 4 -1.702151681307e+01 2.990883450840e-01 1.500896874973e+01 4.888493537903e+00 -1.596749186516e+00
G1-1 1510 1 -2.852145230424e+00 1.285386459717e+01 1.750688664701e+01 5.317686080933e+00 -1.732227563858e+00
G1-1 1510 2 -3.357257272152e-01 1.406393881685e+01 1.396242263833e+01 5.231906414032e+00 -1.722632527351e+00
G1-1 1510 3 -3.566229893734e+00 1.672898043029e+01 1.346396340153e+01 5.611040115356e+00 -1.865017533302e+00
G1-1 1510 4 -3.292021890326e+00 1.672898043029e+01 1.753983541402e+01 4.981363773346e+00 -1.618081092834e+00
G1-1 1511 1 8.692315831020e+00 -1.340374126283e+01 2.317242815082e+01 5.019829750061e+00 -1.637694001198e+00
G1-1 1511 2 1.020358521333e+01 -1.656674287685e+01 2.198934194336e+01 4.297468662262e+00 -1.385719895363e+00
G1-1 1511 3 1.439621267115e+01 -1.266457676308e+01 2.416894524654e+01 5.550369262695e+00 -1.825078487396e+00
G1-1 1511 4 1.020358521333e+01 -1.656674287685e+01 2.637117369737e+01 4.377435684204e+00 -1.407186269760e+00
G1-1 1512 1 7.205983927590e+00 -1.026742692852e+01 5.783421902106e+01 4.786376476288e+00 -1.426056981087e+00
G1-1 1512 2 1.107147862547e+01 -9.223957492182e+00 5.604755512313e+01 5.695744037628e+00 -1.814956784248e+00
G1-1 1512 3 1.092874658097e+01 -1.158736972491e+01 5.983698509101e+01 5.430678367615e+00 -1.704219222069e+00
G1-1 1512 4 9.548379946777e+00 -1.471360291768e+01 5.836405173893e+01 4.389420032501e+00 -1.301095724106e+00
G1-1 1513 1 -1.138746453467e+01 3.798375850330e+00 4.535190053852e+01 7.366457939148e+00 -2.427762985229e+00
G1-1 1513 2 -9.753897580692e+00 2.777290877011e+00 4.203348700465e+01 8.505081176758e+00 -2.990367412567e+00
G1-1 1513 3 -1.086406806974e+01 5.783911554187e+00 4.171958662328e+01 7.961586952209e+00 -2.629020690918e+00
G1-1 1513 4 -8.339213693829e+00 7.600259582065e+00 4.735063877911e+01 8.509654045105e+00 -2.817779302597e+00
G1-1 1514 1 1.578402117490e+00 1.526141570022e+01 9.749770233645e+00 6.062133312225e+00 -3.535660028458e+00
G1-1 1514 2 -1.652102049029e+00 1.792645707789e+01 9.251310878969e+00 6.082284450531e+00 -2.904968500137e+00
G1-1 1514 3 3.352548460920e+00 1.792645707789e+01 8.568068595490e+00 5.754326343536e+00 -2.523643493652e+00
G1-1 1514 4 5.257878059926e-01 1.792645707789e+01 4.420918727566e+00 3.685345888138e+00 -1.171916007996e+00
G1-1 1515 1 1.373533012414e+01 9.266146254070e+00 1.225755684247e+02 5.903474807739e+00 -1.929464221001e+00
G1-1 1515 2 1.657645194020e+01 1.073633500824e+01 1.232910173719e+02 6.376292228699e+00 -2.103447914124e+00
G1-1 1515 3 1.657645194020e+01 1.063792230805e+01 1.189315905134e+02 6.567080497742e+00 -2.174515724182e+00
G1-1 1515 4 1.238382448239e+01 1.464331005650e+01 1.210837771202e+02 5.991596698761e+00 -1.973646998405e+00
G1-1 1516 1 3.196492867462e+00 1.084802636936e+01 9.631985204467e+01 4.195158958435e+00 -1.183157682419e+00
G1-1 1516 2 4.262500833640e+00 1.244082200026e+01 1.015292136587e+02 3.680886745453e+00 -1.000049352646e+00
G1-1 1516 3 1.424541030347e+00 1.525904012168e+01 1.001434682355e+02 3.703150033951e+00 -9.984493255615e-01
G1-1 1516 4 1.424541030347e+00 1.119128902182e+01 9.977841485259e+01 4.256444931030e+00 -1.223693490028e+00
G1-1 1517 1 -1.518557312477e+01 -1.332324346721e+01 2.606704308953e+01 5.647385120392e+00 -1.863405108452e+00
G1-1 1517 2 -1.790855295662e+01 -1.248133027194e+01 2.489953090443e+01 5.591067790985e+00 -1.843908548355e+00
G1-1 1517 3 -1.790855295662e+01 -1.651637234063e+01 2.268169345855e+01 5.028489112854e+00 -1.656577110291e+00
G1-1 1517 4 -1.790855295662e+01 -1.651637234063e+01 2.706352568409e+01 5.466631889343e+00 -1.809816002846e+00
G1-1 1518 1 9.065292982947e+00 -1.400575795796e+01 4.501223738254e+01 4.425287246704e+00 -1.367502808571e+00
G1-1 1518 2 1.029163329312e+01 -1.671345747756e+01 4.209559589852e+01 4.066997051239e+00 -1.254833579063e+00
G1-1 1518 3 1.448426075094e+01 -1.283076645612e+01 4.419236683126e+01 5.619493484497e+00 -1.831755161285e+00
G1-1 1518 4 1.029163329312e+01 -1.671345747756e+01 4.647742821410e+01 4.250928401947e+00 -1.316548109055e+00
G1-1 1519 1 -1.518557312477e+01 -1.208035655338e+01 2.809885331872e+01 5.619678020477e+00 -1.848494529724e+00
G1-1 1519 2 -1.790855295662e+01 -1.125141888533e+01 3.128857770939e+01 6.275968551636e+00 -2.080891847610e+00
G1-1 1519 3 -1.790855295662e+01 -1.123844335811e+01 2.693134019058e+01 5.915063381195e+00 -1.954832673073e+00
G1-1 1519 4 -1.790855295662e+01 -1.527348542681e+01 2.909533591328e+01 5.937586307526e+00 -1.972373843193e+00
G1-1 1520 1 -3.892452989612e+00 8.691829172013e+00 7.349103266102e+00 4.395275115967e+00 -3.033629179001e+00
G1-1 1520 2 -7.749492023105e+00 1.182359008563e+01 1.044582505985e+01 5.493907928467e+00 -2.304603815079e+00
G1-1 1520 3 -5.617964002309e+00 1.470551307950e+01 9.151443764031e+00 5.355019092560e+00 -2.506185770035e+00
G1-1 1520 4 -7.632701487218e+00 1.051288562169e+01 4.321051730509e+00 3.739181280136e+00 -3.030837297440e+00
G1-1 1521 1 8.045397641341e+00 9.360275035438e+00 4.754848158174e+00 3.732036352158e+00 -2.229392766953e+00
G1-1 1521 2 5.847875434805e+00 6.689131732748e+00 1.027301617396e+01 5.362256526947e+00 -2.799743890762e+00
G1-1 1521 3 9.080249841451e+00 1.045618015512e+01 9.294840498854e+00 5.474245071411e+00 -3.098209142685e+00
G1-1 1521 4 4.905384524496e+00 1.088786076193e+01 1.008369966425e+01 5.414227485657e+00 -2.758242130280e+00
G1-1 1522 1 -8.996234558479e+00 -1.966140022624e+00 6.639076546937e+00 4.183537483215e+00 -3.105075120926e+00
G1-1 1522 2 -8.543770795743e+00 1.532203280744e+00 9.641125040591e+00 5.154402732849e+00 -2.815254688263e+00
G1-1 1522 3 -9.944632061238e+00 3.955984485959e-01 3.877601293181e+00 3.224865436554e+00 -2.928552865982e+00
G1-1 1522 4 -1.413725951905e+01 2.900915588587e+00 7.900783430631e+00 5.180922508240e+00 -3.141674995422e+00
G1-1 1523 1 2.058034465712e+00 1.526141570022e+01 1.227254828044e+01 4.670117855072e+00 -1.517349600792e+00
G1-1 1523 2 3.832180779672e+00 1.792645707789e+01 1.109084652440e+01 5.585804939270e+00 -1.858558535576e+00
G1-1 1523 3 -1.172469700807e+00 1.792645707789e+01 1.177408904364e+01 5.592812061310e+00 -1.850208640099e+00
G1-1 1523 4 2.557543037271e+00 1.792645707789e+01 1.510757802591e+01 5.476507663727e+00 -1.802477002144e+00
G1-1 1524 1 -1.125790047996e+01 1.397269046585e+01 2.090146560793e+01 5.202401638031e+00 -1.674078702927e+00
G1-1 1524 2 -1.619373794396e+01 1.303313041170e+01 1.783218798651e+01 4.752372741699e+00 -1.529220700264e+00
G1-1 1524 3 -1.619373794396e+01 1.674578998923e+01 1.937892563915e+01 4.738881111145e+00 -1.525363802910e+00
G1-1 1524 4 -1.285733836143e+01 1.674578998923e+01 1.816339122540e+01 5.120873928070e+00 -1.660278081894e+00
G1-1 1525 1 -4.626857526910e+00 -1.502315855307e+01 1.458279841725e+01 5.027972698212e+00 -1.672434687614e+00
G1-1 1525 2 -6.274625499686e+00 -1.787021207716e+01 1.737825036652e+01 4.121278762817e+00 -1.346458315849e+00
G1-1 1525 3 -2.081997982933e+00 -1.787021207716e+01 1.299641728800e+01 4.491707324982e+00 -1.575243949890e+00
G1-1 1525 4 -2.081997982933e+00 -1.787021207716e+01 1.737825036652e+01 4.359441757202e+00 -1.436800241470e+00
G1-1 1526 1 -4.827995055569e+00 8.576114678240e-01 1.074504347764e+01 5.345107078552e+00 -2.540543556213e+00
G1-1 1526 2 -2.137229174514e+00 -2.328272034879e+00 9.549004201541e+00 4.994872093201e+00 -2.679957866669e+00
G1-1 1526 3 -5.280458818305e+00 -2.640731835544e+00 7.742994866108e+00 4.328690528870e+00 -2.914999246597e+00
G1-1 1526 4 -2.488607631901e+00 2.092577791164e+00 8.009571147945e+00 4.461467742920e+00 -2.881235837936e+00
G1-1 1527 1 -1.367253731715e+01 1.370240541716e+01 2.861362207992e+01 3.952616214752e+00 -1.155575990677e+00
G1-1 1527 2 -1.660874004571e+01 1.228400025629e+01 2.596590004742e+01 3.845395326614e+00 -1.135482549667e+00
G1-1 1527 3 -1.660874004571e+01 1.655109924534e+01 2.833572194463e+01 5.660231113434e+00 -1.847147226334e+00
G1-1 1527 4 -1.261567926959e+01 1.655109924534e+01 2.619708350371e+01 4.704643249512e+00 -1.475410580635e+00
G1-1 1528 1 7.776705191533e+00 -5.421961794133e+00 8.964521668962e+01 8.689840316772e+00 -2.621069669724e+00
G1-1 1528 2 1.043006626036e+01 -8.320448926431e+00 8.962684664874e+01 8.942376136780e+00 -2.117153406143e+00
G1-1 1528 3 1.043006626036e+01 -5.685082913022e+00 8.774554002993e+01 8.961148262024e+00 -2.079070806503e+00
G1-1 1528 4 1.043006626036e+01 -7.841291080160e+00 9.148020089196e+01 8.903637886047e+00 -2.194437503815e+00
G1-1 1529 1 8.846436840529e+00 -1.366117208031e+01 3.521518487919e+01 4.489892482758e+00 -1.415571928024e+00
G1-1 1529 2 1.023996824834e+01 -1.660221065765e+01 3.231119706352e+01 4.217566490173e+00 -1.334221005440e+00
G1-1 1529 3 1.443259558827e+01 -1.259285692178e+01 3.446488949295e+01 5.597239494324e+00 -1.833389997482e+00
G1-1 1529 4 1.023996824834e+01 -1.660221065765e+01 3.669303146656e+01 4.249841213226e+00 -1.337557435036e+00
G1-1 1530 1 9.337245521963e+00 1.257720208349e+01 8.871172745877e+00 5.594273567200e+00 -2.870072126389e+00
G1-1 1530 2 8.302393321853e+00 1.148129684593e+01 4.331180287316e+00 4.030217647552e+00 -3.732131958008e+00
G1-1 1530 3 5.162380205009e+00 1.300888269030e+01 9.660031911276e+00 5.524785041809e+00 -2.377737760544e+00
G1-1 1530 4 6.936526607379e+00 1.567392430374e+01 8.478330273121e+00 5.615661144257e+00 -2.968864917755e+00
G1-1 1531 1 1.771352549156e+01 -2.192661153317e+00 9.176786508236e+01 6.656914234161e+00 -2.397792816162e+00
G1-1 1531 2 1.771352549156e+01 -4.300622694580e+00 8.780251076305e+01 4.065134525299e+00 -1.259138822556e+00
G1-1 1531 3 1.771352549156e+01 -6.456831510062e+00 9.153717351117e+01 3.770187616348e+00 -1.160250425339e+00
G1-1 1531 4 1.435942352531e+01 -4.300623048222e+00 8.780251076305e+01 3.055563211441e+00 -5.827600359917e-01
G1-1 1532 1 1.980803423061e+00 6.529165567124e+00 3.820673326948e+01 7.658680915833e+00 -2.481360197067e+00
G1-1 1532 2 -2.048673915000e+00 6.530406575465e+00 3.814577085713e+01 7.649759292603e+00 -2.478746891022e+00
G1-1 1532 3 -6.847524881769e-02 7.980919879504e+00 4.252585453863e+01 8.600587844849e+00 -2.794760942459e+00
G1-1 1532 4 -5.120625833575e-02 8.793120324557e+00 3.717425363945e+01 7.916937351227e+00 -2.565203428268e+00
G1-1 1533 1 -1.326177940664e+01 -1.755466139642e+01 4.118997985081e+01 4.138586997986e+00 -1.298924565315e+00
G1-1 1533 2 -1.745440686445e+01 -1.755466139642e+01 4.557181028031e+01 6.413392543793e+00 -2.129772424698e+00
G1-1 1533 3 -1.745440686445e+01 -1.368646441912e+01 4.327275318090e+01 6.608397006989e+00 -2.193378925323e+00
G1-1 1533 4 -1.745440686445e+01 -1.755466139642e+01 4.118997985081e+01 6.192635059357e+00 -2.056801557541e+00
G1-1 1534 1 -1.384388216502e+01 7.518661498610e+00 5.500016470156e+01 5.999543666840e+00 -1.928563356400e+00
G1-1 1534 2 -1.719798413127e+01 3.285992020117e+00 5.473703877333e+01 4.366959571838e+00 -1.391990542412e+00
G1-1 1534 3 -1.719798413127e+01 7.518661498610e+00 5.500016470156e+01 3.626045942307e+00 -1.086245417595e+00
G1-1 1534 4 -1.552965774351e+01 6.610898626930e+00 5.129650480939e+01 6.662613868713e+00 -2.390924215317e+00
G1-1 1535 1 5.876290690584e+00 -1.406340535394e+01 3.815907109701e+01 4.022279262543e+00 -1.218059778214e+00
G1-1 1535 2 7.269822098394e+00 -1.700444393128e+01 3.963691768439e+01 3.346939086914e+00 -9.559938311577e-01
G1-1 1535 3 6.043481552457e+00 -1.429674441168e+01 4.255355822537e+01 3.626107454300e+00 -1.036575436592e+00
G1-1 1535 4 3.077194522701e+00 -1.700444393128e+01 3.963691768439e+01 3.060386896133e+00 -8.161801099777e-01
G1-1 1536 1 -1.469639427883e+01 6.090724217780e+00 4.017473903757e+01 4.613382816315e+00 -1.375820398331e+00
G1-1 1536 2 -1.779307361370e+01 3.025037067355e+00 4.040847179625e+01 4.588847637177e+00 -1.381241679192e+00
G1-1 1536 3 -1.779307361370e+01 5.293240293536e+00 4.421446251842e+01 4.304244041443e+00 -1.296611070633e+00
G1-1 1536 4 -1.779307361370e+01 7.770953508932e+00 4.047931944561e+01 3.541568756104e+00 -9.358366131783e-01
G1-1 1537 1 -1.388997998922e+01 -1.457014019376e+01 2.944387602774e+01 5.063506126404e+00 -1.651981472969e+00
G1-1 1537 2 -1.661295982107e+01 -1.776326906719e+01 3.044035862229e+01 5.179839611053e+00 -1.705903172493e+00
G1-1 1537 3 -1.242033236326e+01 -1.776326906719e+01 3.044035862229e+01 4.449168682098e+00 -1.434210419655e+00
G1-1 1537 4 -1.661295982107e+01 -1.776326906719e+01 3.482219208229e+01 5.401626110077e+00 -1.781023979187e+00
G1-1 1538 1 -1.656613225195e+01 8.015098327951e+00 4.905835129081e+01 2.609132051468e+00 -6.914458870888e-01
G1-1 1538 2 -1.823445863971e+01 1.107906967538e+01 4.902734843486e+01 5.910833358765e+00 -1.962295889854e+00
G1-1 1538 3 -1.823445863971e+01 7.078069197151e+00 4.899073800792e+01 2.705070495605e+00 -7.143979668617e-01
G1-1 1538 4 -1.823445863971e+01 8.922861199630e+00 5.276201212602e+01 6.405832290649e+00 -2.158139228821e+00
G1-1 1539 1 -2.516244673571e+00 1.242383670443e+01 3.688656397276e+01 5.532252311707e+00 -1.658633828163e+00
G1-1 1539 2 -6.183253489047e+00 1.385147256585e+01 4.012157286845e+01 5.271073818207e+00 -1.557931661606e+00
G1-1 1539 3 -4.665901087942e+00 1.613887532234e+01 4.016370556715e+01 4.948389530182e+00 -1.445787549019e+00
G1-1 1539 4 -4.659338165648e+00 1.369153974210e+01 3.679903085214e+01 4.540891170502e+00 -1.260091423988e+00
G1-1 1540 1 -8.055484145691e+00 1.575575091878e+01 4.060681193064e+01 5.051569461823e+00 -1.528820633888e+00
G1-1 1540 2 -9.394340956255e+00 1.804315367527e+01 3.943918156109e+01 5.223101615906e+00 -1.625569343567e+00
G1-1 1540 3 -6.538131626705e+00 1.804315367527e+01 4.064894462934e+01 8.162443161011e+00 -2.702764511108e+00
G1-1 1540 4 -7.584368405626e+00 1.804315367527e+01 3.678715797878e+01 4.858428478241e+00 -1.464066386223e+00
G1-1 1541 1 -1.490646119230e+01 1.233982993128e+01 3.173124701712e+01 4.254366874695e+00 -1.257295131683e+00
G1-1 1541 2 -1.784266368511e+01 1.150902762220e+01 3.583517996035e+01 5.034004688263e+00 -1.558603405952e+00
G1-1 1541 3 -1.784266368511e+01 1.518852375946e+01 3.145334735335e+01 3.046308994293e+00 -8.203001618385e-01
G1-1 1541 4 -1.784266368511e+01 1.019153475991e+01 3.265190116052e+01 4.391162395477e+00 -1.298963069916e+00
G1-1 1542 1 6.255250723743e+00 -1.490013036685e+01 3.590371861491e+01 3.888827323914e+00 -1.179593324661e+00
G1-1 1542 2 7.648782013672e+00 -1.784116894418e+01 3.299973079925e+01 3.636918306351e+00 -1.109385490417e+00
G1-1 1542 3 7.648782013672e+00 -1.784116894418e+01 3.738156520229e+01 3.066370964050e+00 -8.554157018661e-01
G1-1 1542 4 3.456154555860e+00 -1.784116894418e+01 3.738156520229e+01 3.122159957886e+00 -8.639200329781e-01
G1-1 1543 1 -1.113436930636e+01 1.134935355571e+01 4.209910788229e+01 7.253122806549e+00 -2.352566957474e+00
G1-1 1543 2 -1.273064874829e+01 8.277031178489e+00 4.058980446699e+01 5.523518085480e+00 -1.719406962395e+00
G1-1 1543 3 -1.415900193117e+01 8.416576679745e+00 4.469714217377e+01 6.000260353088e+00 -1.935740470886e+00
G1-1 1543 4 -1.582732831893e+01 9.957260410700e+00 4.089438676112e+01 5.381339073181e+00 -1.696101069450e+00
G1-1 1544 1 5.321146641593e+00 1.663086394235e+01 7.075395331211e+00 4.535495281219e+00 -1.487121701241e+00
G1-1 1544 2 3.547000209752e+00 1.396582256467e+01 8.257097087247e+00 5.411172866821e+00 -1.916524052620e+00
G1-1 1544 3 2.494385927725e+00 1.663086394235e+01 2.928245463287e+00 4.083495140076e+00 -3.347418069839e+00
G1-1 1544 4 6.687013415007e+00 1.243823648453e+01 2.928245463287e+00 3.539070129395e+00 -2.901653289795e+00
G1-1 1545 1 -1.378905765532e+01 8.172552319946e+00 3.679053730321e+01 4.717618465424e+00 -1.386660456657e+00
G1-1 1545 2 -1.394953449739e+01 1.068358362548e+01 3.299118665411e+01 5.201166629791e+00 -1.604197859764e+00
G1-1 1545 3 -1.688573722595e+01 8.535288454106e+00 3.391184032599e+01 3.924624204636e+00 -1.074656248093e+00
G1-1 1545 4 -1.688573722595e+01 9.852781552157e+00 3.709511865430e+01 3.348912715912e+00 -8.078124523163e-01
G1-1 1546 1 -1.608219858783e+01 1.921067922917e+00 1.677330664640e+01 4.875457763672e+00 -1.579380035400e+00
G1-1 1546 2 -1.048870998241e+01 3.115171691081e+00 1.432960798931e+01 6.122298240662e+00 -2.046558856964e+00
G1-1 1546 3 -1.608219858783e+01 4.483883969454e+00 1.258926602571e+01 5.067636489868e+00 -1.675529122353e+00
G1-1 1546 4 -1.304250145780e+01 4.796920606121e+00 1.829258477285e+01 5.246140956879e+00 -1.704061627388e+00
G1-1 1547 1 -1.480189456193e+01 4.737306065763e+00 3.241010831874e+01 5.737558364868e+00 -1.810311079025e+00
G1-1 1547 2 -1.781797873428e+01 1.627275740144e+00 3.118870190642e+01 4.336670398712e+00 -1.286616444588e+00
G1-1 1547 3 -1.781797873428e+01 1.814801406051e+00 3.582990689432e+01 4.113378047943e+00 -1.188036799431e+00
G1-1 1547 4 -1.781797873428e+01 5.243224506449e+00 3.271747810146e+01 4.524096488953e+00 -1.335491180420e+00
G1-1 1548 1 -1.538152868329e+01 1.575889661027e+00 4.836568886858e+01 6.454960823059e+00 -2.122122764587e+00
G1-1 1548 2 -1.795481178900e+01 -8.381179060820e-01 4.884356412314e+01 4.366926193237e+00 -1.344816327095e+00
G1-1 1548 3 -1.795481178900e+01 3.760640825064e-01 5.228124568103e+01 6.986041069031e+00 -2.329076528549e+00
G1-1 1548 4 -1.795481178900e+01 2.763941411169e+00 4.877309843419e+01 3.627991914749e+00 -1.069797277451e+00
G1-1 1549 1 -1.279575448195e+01 1.460302039848e+01 3.281078170239e+00 4.876058101654e+00 -3.043955326080e+00
G1-1 1549 2 -1.536490313426e+01 1.678128559260e+01 7.745574876670e-01 5.203387737274e+00 -5.328414440155e+00
G1-1 1549 3 -1.117227567645e+01 1.678128559260e+01 7.745574876670e-01 4.585285663605e+00 -4.433319091797e+00
G1-1 1549 4 -1.117227567645e+01 1.258865837055e+01 7.745574876670e-01 3.515114307404e+00 -3.950164556503e+00
G1-1 1550 1 -7.056855384389e+00 2.991017736098e+00 7.355178150644e+01 8.671966552734e+00 -2.657263517380e+00
G1-1 1550 2 -9.530592163211e+00 3.775839902473e+00 7.041885701604e+01 6.076403617859e+00 -4.676467739046e-03
G1-1 1550 3 -6.440209285924e+00 2.078824001856e+00 7.089850290238e+01 8.674883842468e+00 -2.651880979538e+00
G1-1 1550 4 -9.530592163211e+00 1.140474107941e+00 7.230016552094e+01 9.074531555176e+00 -1.851048469543e+00
G1-1 1551 1 -1.262501862043e+01 -1.089295302762e+01 8.482419094436e+01 5.115296363831e+00 -1.392416715622e+00
G1-1 1551 2 -1.572049589850e+01 -9.838203902696e+00 8.761372123076e+01 1.981747984886e+00 -9.637093544006e-02
G1-1 1551 3 -1.236639393225e+01 -9.838203431173e+00 8.761371934467e+01 8.671936035156e+00 -2.656558275223e+00
G1-1 1551 4 -1.236639393225e+01 -7.681995286549e+00 8.387905848265e+01 8.654545783997e+00 -2.690926551819e+00
G1-1 1552 1 -1.435942352531e+01 1.985542984836e+00 6.323780005552e+01 3.097840070724e+00 -7.073727846146e-01
G1-1 1552 2 -1.771352549156e+01 -3.381504851491e+00 6.290208125581e+01 4.896012783051e+00 -1.518897533417e+00
G1-1 1552 3 -1.771352549156e+01 1.985542984836e+00 6.323780005552e+01 5.019107341766e+00 -1.611425280571e+00
G1-1 1552 4 -1.771352549156e+01 -9.091797287687e-02 5.924001043613e+01 7.265220642090e+00 -2.464200019836e+00
G1-1 1553 1 -5.024698231286e+00 1.554639628883e+01 3.230967418099e+01 4.769258975983e+00 -1.413329124451e+00
G1-1 1553 2 -6.077497932501e+00 1.799373186907e+01 3.181256271696e+01 4.168553352356e+00 -1.181040406227e+00
G1-1 1553 3 -2.317800134327e+00 1.799373186907e+01 2.945632775167e+01 4.944902896881e+00 -1.517258882523e+00
G1-1 1553 4 -7.248511850078e+00 1.799373186907e+01 2.790702685735e+01 4.516845703125e+00 -1.365699052811e+00
G1-1 1554 1 6.723511352429e+00 5.162151939645e+00 7.454169310226e+01 8.645836830139e+00 -2.708873748779e+00
G1-1 1554 2 9.613725335505e+00 5.477951286383e+00 7.161733203847e+01 6.480176925659e+00 -1.506552100182e+00
G1-1 1554 3 7.208843274413e+00 8.340901151348e+00 7.433052975531e+01 6.516798496246e+00 -1.890469908714e+00
G1-1 1554 4 9.613725335505e+00 3.321742753018e+00 7.535199478659e+01 8.728157997131e+00 -2.543825387955e+00
G1-1 1555 1 -1.085839814686e+01 1.297330381378e+01 1.582746816478e+01 4.850370407104e+00 -1.569851160049e+00
G1-1 1555 2 -1.493423495090e+01 1.214256723012e+01 1.699380260335e+01 4.816408634186e+00 -1.552965760231e+00
G1-1 1555 3 -9.998397722664e+00 1.308212728426e+01 2.006308046054e+01 5.175762653351e+00 -1.666251540184e+00
G1-1 1555 4 -1.159783560413e+01 1.585522680765e+01 1.732500584225e+01 5.423093318939e+00 -1.770250916481e+00
G1-1 1556 1 -1.207675041763e+01 1.502101136715e+01 2.989193910382e+01 4.383106708527e+00 -1.322017669678e+00
G1-1 1556 2 -1.501295314620e+01 1.786970519532e+01 2.961403849700e+01 4.917246818542e+00 -1.578193306923e+00
G1-1 1556 3 -9.848878511438e+00 1.786970519532e+01 3.138093685875e+01 5.124790191650e+00 -1.608355879784e+00
G1-1 1556 4 -1.101989237008e+01 1.786970519532e+01 2.747540052761e+01 5.263070106506e+00 -1.677335619926e+00
G1-1 1557 1 -1.751607643346e+01 1.316429506096e+01 2.451450207684e+01 4.658802032471e+00 -1.467502951622e+00
G1-1 1557 2 -1.352301589310e+01 1.743139405001e+01 2.474568553313e+01 5.424409389496e+00 -1.753174901009e+00
G1-1 1557 3 -1.751607643346e+01 1.743139405001e+01 2.246540061542e+01 4.946532726288e+00 -1.596883535385e+00
G1-1 1557 4 -1.751607643346e+01 1.743139405001e+01 2.688432350252e+01 5.040359973907e+00 -1.626551866531e+00
G1-1 1558 1 1.182566968496e+01 1.312103390504e+01 2.555299641477e+01 5.439205646515e+00 -1.745260715485e+00
G1-1 1558 2 1.044509046496e+01 1.315267418196e+01 2.087903993682e+01 4.810645103455e+00 -1.530826449394e+00
G1-1 1558 3 1.157602340237e+01 1.579459946993e+01 2.387884645826e+01 5.341639041901e+00 -1.725018024445e+00
G1-1 1558 4 1.515747746456e+01 1.154621404188e+01 2.395884604146e+01 4.549088954926e+00 -1.420391201973e+00
G1-1 1559 1 1.362673613828e+01 1.353564226198e+01 1.181712951501e+01 4.137708663940e+00 -1.315613508224e+00
G1-1 1559 2 1.678451151386e+01 1.663236448223e+01 1.169606006144e+01 4.192946910858e+00 -1.341537594795e+00
G1-1 1559 3 1.358183253932e+01 1.663236448223e+01 1.459277029302e+01 5.031807899475e+00 -1.637140989304e+00
G1-1 1559 4 1.678451151386e+01 1.287627348029e+01 1.455189916984e+01 5.019269943237e+00 -1.637280941010e+00
G1-1 1560 1 -6.267378189850e+00 8.157616971827e+00 3.124846012399e+01 6.644774913788e+00 -2.138661623001e+00
G1-1 1560 2 -5.759164464927e+00 6.983771700817e+00 3.487439489173e+01 7.453961849213e+00 -2.424010038376e+00
G1-1 1560 3 -5.904790049843e+00 1.051418801606e+01 3.381534408191e+01 7.248342037201e+00 -2.343941926956e+00
G1-1 1560 4 -9.105580213470e+00 7.458616273946e+00 3.244251875211e+01 6.263290882111e+00 -1.997459650040e+00
G1-1 1561 1 1.617094703232e+01 1.410049014977e+01 4.037611317713e+01 4.501538276672e+00 -1.387966036797e+00
G1-1 1561 2 1.814116841782e+01 1.398343506841e+01 4.458013661126e+01 3.931828737259e+00 -1.228579401970e+00
G1-1 1561 3 1.814116841782e+01 1.188771525787e+01 4.185639420435e+01 5.244646549225e+00 -1.661385297775e+00
G1-1 1561 4 1.814116841782e+01 1.613964358919e+01 4.084547292010e+01 3.666149139404e+00 -1.139449954033e+00
G1-1 1562 1 4.540924648152e+00 1.534786589374e+01 3.308264803678e+01 5.250220775604e+00 -1.616038560867e+00
G1-1 1562 2 1.753504052615e+00 1.794686520023e+01 3.475324016266e+01 3.622339963913e+00 -9.123003482819e-01
G1-1 1562 3 4.304588007461e+00 1.794686520023e+01 3.451542592616e+01 3.532010793686e+00 -8.870004415512e-01
G1-1 1562 4 2.324504111616e+00 1.794686520023e+01 3.111154636329e+01 4.849033355713e+00 -1.480030775070e+00
G1-1 1563 1 -1.538694075304e+01 1.460302039848e+01 4.646600439186e+00 6.806785106659e+00 -3.440820693970e+00
G1-1 1563 2 -1.795608940536e+01 1.678128559260e+01 6.559002643716e+00 2.408197879791e+00 -3.381807208061e-01
G1-1 1563 3 -1.795608940536e+01 1.678128559260e+01 2.140079756614e+00 6.753120899200e+00 -3.435941696167e+00
G1-1 1563 4 -1.795608940536e+01 1.258865837055e+01 2.140079756614e+00 6.176722526550e+00 -4.150835514069e+00
G1-1 1564 1 -6.294467980298e+00 1.511996513387e+01 2.366425144435e+01 5.364219188690e+00 -1.717572450638e+00
G1-1 1564 2 -7.237244786059e+00 1.789306489302e+01 2.442199639328e+01 5.072326183319e+00 -1.608504056931e+00
G1-1 1564 3 -2.306532893487e+00 1.789306489302e+01 2.597129728760e+01 4.641399860382e+00 -1.432190060616e+00
G1-1 1564 4 -4.748732203468e+00 1.789306489302e+01 2.221012951161e+01 4.847033977509e+00 -1.537457585335e+00
G1-1 1565 1 -1.227419978435e+01 1.502101136715e+01 3.191833732165e+01 7.388957977295e+00 -2.441548109055e+00
G1-1 1565 2 -1.521040227715e+01 1.786970519532e+01 3.164043624331e+01 3.437003612518e+00 -1.027910709381e+00
G1-1 1565 3 -1.185630031090e+01 1.786970519532e+01 3.605935913041e+01 2.949864149094e+00 -8.022242188454e-01
G1-1 1565 4 -1.004632764239e+01 1.786970519532e+01 3.340733460505e+01 5.337003707886e+00 -1.694228529930e+00
G1-1 1566 1 -5.700465387830e+00 1.298291936539e+01 4.501408796594e+01 8.601950645447e+00 -2.796581268311e+00
G1-1 1566 2 -2.050725731368e+00 1.074308353043e+01 4.713067808333e+01 8.575740814209e+00 -2.850837945938e+00
G1-1 1566 3 -2.008169535432e+00 1.436786789242e+01 4.809283456417e+01 8.605550765991e+00 -2.789765119553e+00
G1-1 1566 4 -4.771890571736e+00 1.172694525180e+01 4.913583764950e+01 8.596289634705e+00 -2.808449506760e+00
G1-1 1567 1 1.050569835557e+01 -2.672897759429e+00 8.788131269529e+00 4.984656810760e+00 -2.913871288300e+00
G1-1 1567 2 1.581155172063e+01 1.604902951715e+00 9.832715920362e+00 5.137073516846e+00 -1.705791115761e+00
G1-1 1567 3 1.160838597019e+01 -1.140883736306e+00 1.387570868470e+01 6.265604496002e+00 -2.146671056747e+00
G1-1 1567 4 1.581155172063e+01 -3.340241143061e+00 9.826000621072e+00 5.206395626068e+00 -1.728050470352e+00
G1-1 1568 1 -1.217316620990e+01 1.589861322541e+01 6.139273776319e+00 5.978772640228e+00 -2.588917255402e+00
G1-1 1568 2 -1.054968740440e+01 1.807687865529e+01 3.632753093747e+00 4.973240375519e+00 -2.473495721817e+00
G1-1 1568 3 -1.474231486222e+01 1.807687865529e+01 8.051676098730e+00 2.308636426926e+00 -4.871134757996e-01
G1-1 1568 4 -8.534949683732e+00 1.807687865529e+01 8.463145480911e+00 6.799226284027e+00 -2.686706542969e+00
G1-1 1569 1 -8.462558555819e+00 1.497751382454e+01 1.461771620601e+01 5.798017501831e+00 -1.920464038849e+00
G1-1 1569 2 -6.056822295854e+00 1.785943681841e+01 1.739920727632e+01 4.645396709442e+00 -1.493582487106e+00
G1-1 1569 3 -6.331030299262e+00 1.785943681841e+01 1.332333549959e+01 3.437410831451e+00 -1.061893820763e+00
G1-1 1569 4 -9.201995541570e+00 1.785943681841e+01 1.611525459077e+01 5.254551410675e+00 -1.718683362007e+00
G1-1 1570 1 1.196618627109e+01 -1.754416412881e+01 2.162374789082e+01 4.189017772675e+00 -1.349606990814e+00
G1-1 1570 2 1.615881372891e+01 -1.364199777928e+01 2.380335119401e+01 5.644762039185e+00 -1.863139629364e+00
G1-1 1570 3 1.196618627109e+01 -1.754416412881e+01 2.600557964483e+01 4.323127746582e+00 -1.391441583633e+00
G1-1 1570 4 1.615881372891e+01 -1.754416412881e+01 2.162374789082e+01 4.871463775635e+00 -1.601153731346e+00
G1-1 1571 1 -7.747640620962e+00 1.292310221567e+01 1.671316017480e+01 5.392080307007e+00 -1.763800501823e+00
G1-1 1571 2 -5.341904714639e+00 1.580502520954e+01 1.949465053783e+01 5.197179317474e+00 -1.682891845703e+00
G1-1 1571 3 -6.887640196767e+00 1.303192568615e+01 2.094877294209e+01 5.260600566864e+00 -1.693642854691e+00
G1-1 1571 4 -4.902027848446e+00 1.192990984794e+01 1.946170247810e+01 5.732708930969e+00 -1.871607065201e+00
G1-1 1572 1 -6.410469486813e+00 -8.710780788086e+00 2.329774768367e+01 5.631740093231e+00 -1.849667191505e+00
G1-1 1572 2 -4.240329634509e+00 -7.103584751460e+00 2.168959544274e+01 5.920707702637e+00 -1.954796433449e+00
G1-1 1572 3 -8.586613752156e+00 -4.050294633125e+00 2.234300199941e+01 6.243947505951e+00 -2.060425758362e+00
G1-1 1572 4 -7.732209810047e+00 -3.576801271230e+00 2.592439654288e+01 6.763395309448e+00 -2.234504938126e+00
G1-1 1573 1 -1.538694075304e+01 1.293433831266e+01 8.142908599246e+00 5.055006504059e+00 -1.932613134384e+00
G1-1 1573 2 -1.795608940536e+01 9.232665701682e+00 9.659570054124e+00 4.713540077209e+00 -1.558522462845e+00
G1-1 1573 3 -1.795608940536e+01 1.139994369349e+01 1.292749603824e+01 4.020504951477e+00 -1.291254401207e+00
G1-1 1573 4 -1.795608940536e+01 1.511260303526e+01 1.005531068590e+01 4.995175361633e+00 -1.704251646996e+00
G1-1 1574 1 1.332082507909e+01 1.469633844976e+01 7.308449397229e+00 4.058413505554e+00 -1.254088878632e+00
G1-1 1574 2 1.228597299686e+01 1.779306043425e+01 2.768457056549e+00 6.107038497925e+00 -2.926543951035e+00
G1-1 1574 3 1.647860045467e+01 1.779306043425e+01 7.187379943652e+00 4.335552215576e+00 -1.316175818443e+00
G1-1 1574 4 1.647860045467e+01 1.779306043425e+01 2.768457056549e+00 6.722277164459e+00 -3.886961460114e+00
G1-1 1575 1 1.291741465150e+01 6.325374892711e+00 2.170560981922e+01 5.000626087189e+00 -1.584663152695e+00
G1-1 1575 2 1.737311325531e+01 8.160287135084e+00 1.863282725268e+01 4.325500488281e+00 -1.359562039375e+00
G1-1 1575 3 1.737311325531e+01 7.667992591087e+00 2.228915460545e+01 3.222640037537e+00 -8.739601969719e-01
G1-1 1575 4 1.737311325531e+01 3.397791342116e+00 1.956013644154e+01 5.176504135132e+00 -1.665010690689e+00
G1-1 1576 1 7.420904911138e+00 4.967752644047e+00 3.719672424028e+01 8.251279830933e+00 -2.708875179291e+00
G1-1 1576 2 1.010341888649e+01 2.408547613005e+00 3.873392467674e+01 7.317060947418e+00 -2.389530181885e+00
G1-1 1576 3 1.072390164868e+01 5.528542310604e+00 3.479982325142e+01 6.228745937347e+00 -1.975510954857e+00
G1-1 1576 4 1.092916570130e+01 5.630277842071e+00 3.801363832045e+01 6.861784934998e+00 -2.214517354965e+00
G1-1 1577 1 -1.366149312886e+01 -1.022664776321e+01 8.367011792139e+01 5.269596099854e+00 -1.605507969856e+00
G1-1 1577 2 -1.340286844069e+01 -7.015690257895e+00 8.272498545968e+01 4.612163066864e+00 -1.221067190170e+00
G1-1 1577 3 -1.675697040694e+01 -7.015689786373e+00 8.272498357359e+01 3.109301805496e+00 -8.301132321358e-01
G1-1 1577 4 -1.675697040694e+01 -9.171898874043e+00 8.645964632171e+01 1.624592781067e+00 -2.024604976177e-01
G1-1 1578 1 7.762500169207e+00 1.529167505448e+01 1.634243610394e+01 5.827817440033e+00 -1.921602249146e+00
G1-1 1578 2 9.272207722729e+00 1.793360034246e+01 1.580678597898e+01 5.189602851868e+00 -1.694527268410e+00
G1-1 1578 3 6.916392524991e+00 1.793360034246e+01 1.263830213882e+01 4.048030853271e+00 -1.301704883575e+00
G1-1 1578 4 5.641754988880e+00 1.793360034246e+01 1.665503387610e+01 5.101215362549e+00 -1.661719918251e+00
G1-1 1579 1 1.035361195425e+01 -9.114202625304e+00 2.147535935237e+01 5.892703056335e+00 -1.944319009781e+00
G1-1 1579 2 1.605750879438e+01 -4.025281379796e+00 1.973067887950e+01 5.360453128815e+00 -1.743118524551e+00
G1-1 1579 3 1.304832106429e+01 -6.323486216759e+00 2.343276926595e+01 6.430917263031e+00 -2.124416589737e+00
G1-1 1579 4 1.605750879438e+01 -8.699442516942e+00 1.878297976414e+01 5.312069416046e+00 -1.737562060356e+00
G1-1 1580 1 -8.021061190008e+00 1.511996513387e+01 2.210522324730e+01 5.072437763214e+00 -1.618493795395e+00
G1-1 1580 2 -8.963837877887e+00 1.789306489302e+01 2.286296866776e+01 4.247577190399e+00 -1.305068850517e+00
G1-1 1580 3 -6.475325236357e+00 1.789306489302e+01 2.065110178609e+01 5.355832576752e+00 -1.734649419785e+00
G1-1 1580 4 -9.620498599954e+00 1.789306489302e+01 1.936714886478e+01 4.554837703705e+00 -1.442983746529e+00
G1-1 1581 1 -1.409134761749e+01 1.589861322541e+01 4.646600439186e+00 6.750134944916e+00 -3.477137804031e+00
G1-1 1581 2 -1.246786881200e+01 1.807687865529e+01 2.140079756614e+00 5.991260051727e+00 -3.832865953445e+00
G1-1 1581 3 -1.666049626981e+01 1.807687865529e+01 2.140079756614e+00 6.715550899506e+00 -3.164322376251e+00
G1-1 1581 4 -1.666049626981e+01 1.807687865529e+01 6.559002643716e+00 2.028046607971e+00 -6.855098903179e-02
G1-1 1582 1 -1.968598094412e+00 1.326177940664e+01 1.492673300706e+00 3.085396051407e+00 -3.617940187454e+00
G1-1 1582 2 -4.146487890494e+00 1.745440686445e+01 6.323065569989e+00 3.183613777161e+00 -9.674986600876e-01
G1-1 1582 3 -1.968598094412e+00 1.745440686445e+01 1.492673300706e+00 4.555427074432e+00 -6.468576431274e+00
G1-1 1582 4 -6.161225493284e+00 1.745440686445e+01 1.492673300706e+00 4.446745395660e+00 -5.997120380402e+00
G1-1 1583 1 1.455763894910e+01 1.758930412084e+01 1.592087997045e+01 5.278760433197e+00 -1.727849841118e+00
G1-1 1583 2 1.776031792365e+01 1.758930412084e+01 1.744309239021e+01 5.251108646393e+00 -1.722943544388e+00
G1-1 1583 3 1.776031792365e+01 1.383321335466e+01 1.588000861152e+01 4.926253318787e+00 -1.603042006493e+00
G1-1 1583 4 1.776031792365e+01 1.758930412084e+01 1.302416973887e+01 4.269857406616e+00 -1.373515009880e+00
G1-1 1584 1 5.911899939978e-01 1.340892482391e+01 2.452803045819e+01 5.216540813446e+00 -1.652238249779e+00
G1-1 1584 2 1.735818924147e+00 1.748914306763e+01 2.097425324448e+01 5.257463455200e+00 -1.696754097939e+00
G1-1 1584 3 -1.719985898932e+00 1.748914306763e+01 2.171663627469e+01 5.400850772858e+00 -1.747291445732e+00
G1-1 1584 4 7.222134405195e-01 1.748914306763e+01 2.547780357916e+01 4.889835834503e+00 -1.531600952148e+00
G1-1 1585 1 1.326177940664e+01 -1.631264037279e+01 4.887018806654e+01 4.570805072784e+00 -1.441537976265e+00
G1-1 1585 2 1.745440686445e+01 -1.631264037279e+01 4.887018806654e+01 6.658518791199e+00 -2.211560010910e+00
G1-1 1585 3 1.745440686445e+01 -1.242994935135e+01 4.658512668371e+01 6.501882076263e+00 -2.148369550705e+00
G1-1 1585 4 1.745440686445e+01 -1.230786995496e+01 5.076629939878e+01 6.417054653168e+00 -2.113435745239e+00
G1-1 1586 1 -3.677473289009e+00 1.554639628883e+01 3.391377943324e+01 5.724165439606e+00 -1.774206519127e+00
G1-1 1586 2 -4.730272990224e+00 1.799373186907e+01 3.341666844073e+01 4.395771503448e+00 -1.251712918282e+00
G1-1 1586 3 -1.541575206846e+00 1.799373186907e+01 3.470212774634e+01 4.615030765533e+00 -1.347445249557e+00
G1-1 1586 4 -9.705751478446e-01 1.799373186907e+01 3.106043394696e+01 4.322348117828e+00 -1.256796002388e+00
G1-1 1587 1 7.657330896570e+00 1.326177940664e+01 1.281539750981e+00 3.284490823746e+00 -3.524916887283e+00
G1-1 1587 2 7.657330896570e+00 1.745440686445e+01 1.281539750981e+00 4.843606948853e+00 -7.312312602997e+00
G1-1 1587 3 3.464703379817e+00 1.745440686445e+01 1.281539750981e+00 4.595726966858e+00 -7.335685729980e+00
G1-1 1587 4 6.291464123155e+00 1.745440686445e+01 5.428689501024e+00 3.699263572693e+00 -1.170048594475e+00
G1-1 1588 1 4.599312466990e+00 1.444697536865e+01 3.950453966955e+01 5.049748897552e+00 -1.466680645943e+00
G1-1 1588 2 6.049647543334e+00 1.389459934536e+01 3.561507588972e+01 5.220835685730e+00 -1.579903125763e+00
G1-1 1588 3 5.813310784762e+00 1.649359888761e+01 3.704785377910e+01 5.258311748505e+00 -1.605284810066e+00
G1-1 1588 4 7.378471268436e+00 1.383735333015e+01 3.962021224122e+01 4.773312091827e+00 -1.379904270172e+00
G1-1 1589 1 1.113933751387e+00 1.445553997628e+01 4.768590553424e+01 5.654905319214e+00 -1.417104363441e+00
G1-1 1589 2 3.456652377130e+00 1.185755142057e+01 4.772738748991e+01 8.633976936340e+00 -2.732320308685e+00
G1-1 1589 3 1.071377555451e+00 1.083075561428e+01 4.672374999644e+01 8.599911689758e+00 -2.801089286804e+00
G1-1 1589 4 2.418536617453e+00 1.331137092253e+01 4.429183500065e+01 4.993481636047e+00 -1.258478999138e+00
G1-1 1590 1 -1.014772924888e+01 -6.669910007213e+00 7.565729543169e+00 4.955255031586e+00 -3.240026712418e+00
G1-1 1590 2 -1.231559997493e+01 -9.699396085018e+00 7.725547875231e+00 5.112072944641e+00 -2.476119041443e+00
G1-1 1590 3 -1.220210698917e+01 -8.066262804737e+00 1.065139454289e+01 5.545305728912e+00 -2.130886316299e+00
G1-1 1590 4 -1.528875432733e+01 -6.738654049199e+00 8.821237187879e+00 5.174458980560e+00 -1.719114422798e+00
G1-1 1591 1 -6.376264422078e+00 1.436369700295e+01 2.570824888903e+01 5.109446048737e+00 -1.607651710510e+00
G1-1 1591 2 -7.319041227839e+00 1.713679676209e+01 2.646599383796e+01 4.589374065399e+00 -1.408899188042e+00
G1-1 1591 3 -5.095227491166e+00 1.468946118185e+01 3.086864163313e+01 4.857278823853e+00 -1.464026689529e+00
G1-1 1591 4 -2.388329335266e+00 1.713679676209e+01 2.801529473229e+01 4.772857666016e+00 -1.465375900269e+00
G1-1 1592 1 1.435942352531e+01 8.653973092718e-01 7.948022068404e+01 4.157954692841e+00 -1.061281561852e+00
G1-1 1592 2 1.771352549156e+01 4.088477406355e+00 8.353836197333e+01 6.740391731262e+00 -2.215913772583e+00
G1-1 1592 3 1.771352549156e+01 -1.290811043794e+00 8.321488343216e+01 3.708261013031e+00 -1.082105994225e+00
G1-1 1592 4 1.771352549156e+01 8.653969261597e-01 7.948022257013e+01 3.912162065506e+00 -1.150705695152e+00
G1-1 1593 1 -7.060084601591e+00 1.481057207605e+01 4.389261039212e+01 6.190207481384e+00 -1.933228850365e+00
G1-1 1593 2 -5.542732141545e+00 1.709797483253e+01 4.393474309082e+01 6.540825366974e+00 -2.105624437332e+00
G1-1 1593 3 -8.398941530035e+00 1.494176678327e+01 4.645964277069e+01 2.442545652390e+00 1.649684458971e-02
G1-1 1593 4 -3.367788521720e+00 1.619551989580e+01 4.697135793339e+01 7.672922134399e+00 -2.452381610870e+00
G1-1 1594 1 8.426643466858e+00 -1.563936974127e+01 1.100205300199e+02 5.167463779449e+00 -1.560422658920e+00
G1-1 1594 2 9.436090808350e+00 -1.801567968819e+01 1.106386184328e+02 6.338488578796e+00 -2.035007715225e+00
G1-1 1594 3 7.417801677002e+00 -1.801567968819e+01 1.129553282967e+02 4.187880516052e+00 -1.182402491570e+00
G1-1 1594 4 6.593893464446e+00 -1.801567968819e+01 1.094663902550e+02 5.141309261322e+00 -1.599032402039e+00
G1-1 1595 1 -1.615881372891e+01 1.374618812174e+01 1.067407499565e+02 5.860630989075e+00 -1.927959561348e+00
G1-1 1595 2 -1.615881372891e+01 1.756876025011e+01 1.088132106104e+02 5.235643386841e+00 -1.705906987190e+00
G1-1 1595 3 -1.196618627109e+01 1.756876025011e+01 1.088132106104e+02 4.869596004486e+00 -1.560233831406e+00
G1-1 1595 4 -1.196618627109e+01 1.756876025011e+01 1.044313792378e+02 4.782975196838e+00 -1.521383523941e+00
G1-1 1596 1 1.380523742168e+01 1.327966497698e+01 4.067523543155e+01 3.379547834396e+00 -8.138213753700e-01
G1-1 1596 2 1.242135707668e+01 1.316261013138e+01 4.487925886569e+01 7.300211906433e+00 -2.379267930984e+00
G1-1 1596 3 1.147396589152e+01 1.266257285894e+01 4.211257512344e+01 5.479279518127e+00 -1.667430639267e+00
G1-1 1596 4 1.577545927870e+01 1.106689008507e+01 4.215551740183e+01 3.474979877472e+00 -9.135637283325e-01
G1-1 1597 1 -6.837938261612e+00 -5.682742066190e+00 3.614818191020e+00 2.942509174347e+00 -3.387991428375e+00
G1-1 1597 2 -7.786335823311e+00 -7.513631052782e+00 8.533428193834e-01 2.178503036499e+00 -4.192847728729e+00
G1-1 1597 3 -7.786335823311e+00 -3.321003594970e+00 8.533428193834e-01 1.888956904411e+00 -4.062459945679e+00
G1-1 1597 4 -3.593708424439e+00 -7.513631052782e+00 8.533428193834e-01 1.832510828972e+00 -3.995294809341e+00
G1-1 1598 1 7.107892948623e-01 1.379514796120e+01 5.049096221633e+01 5.248622894287e+00 -9.559682846069e+00
G1-1 1598 2 7.107892948623e-01 1.456974447912e+01 4.914932142983e+01 6.589572429657e+00 -6.839305400848e+00
G1-1 1598 3 3.053507950075e+00 1.197175568765e+01 4.919080244246e+01 8.119277000427e+00 -3.774851322174e+00
G1-1 1598 4 6.682331072145e-01 1.094495988136e+01 4.818716494899e+01 8.686975479126e+00 -2.626415014267e+00
G1-1 1599 1 -7.242026726959e+00 1.371560825141e+01 4.515328198821e+01 3.132510423660e+00 -4.696434736252e-01
G1-1 1599 2 -6.313451851924e+00 1.245963413783e+01 4.927503167178e+01 8.533518791199e+00 -2.935780286789e+00
G1-1 1599 3 -3.549730764969e+00 1.510055654269e+01 4.823202858644e+01 8.593585014343e+00 -2.813688516617e+00
G1-1 1599 4 -8.580883891164e+00 1.384680295864e+01 4.772031342374e+01 6.717940330505e+00 -2.089974880219e+00
G1-1 1600 1 1.745440686445e+01 1.655471176266e+01 5.472735805941e+01 3.945541977882e-01 7.558991312981e-01
G1-1 1600 2 1.745440686445e+01 1.823176274578e+01 5.472735900245e+01 6.345884203911e-01 3.185783028603e-01
G1-1 1600 3 1.326177940664e+01 1.823176274578e+01 5.910919113793e+01 3.764945983887e+00 -1.164090394974e+00
G1-1 1600 4 1.745440686445e+01 1.823176274578e+01 5.910919208098e+01 1.615445494652e+00 -5.844686627388e-01
G1-1 1601 1 1.433359072613e+01 1.145213310269e+01 3.702830360803e+01 5.287123680115e+00 -1.637519240379e+00
G1-1 1601 2 1.322827698416e+01 8.073083245905e+00 3.406586535211e+01 4.789879322052e+00 -1.416242957115e+00
G1-1 1601 3 1.630381305468e+01 9.247556319204e+00 3.505929385298e+01 4.064719200134e+00 -1.121697664261e+00
G1-1 1601 4 1.343354103678e+01 8.174818541611e+00 3.727968042114e+01 4.966836452484e+00 -1.492885828018e+00
G1-1 1602 1 -1.386998668387e+01 1.388398437570e+01 3.409191853145e+01 3.291372299194e+00 -8.796866536140e-01
G1-1 1602 2 -1.680618917667e+01 1.673267820387e+01 3.823294128325e+01 5.018784999847e+00 -1.653565287590e+00
G1-1 1602 3 -1.680618917667e+01 1.305318206661e+01 3.819585147468e+01 2.196360111237e+00 -3.646345734596e-01
G1-1 1602 4 -1.345208721042e+01 1.673267820387e+01 3.823294128325e+01 6.669805526733e+00 -2.222151994705e+00
G1-1 1603 1 5.888168619522e+00 1.446982630503e+01 6.008314151326e+01 8.584625244141e+00 -2.832376480103e+00
G1-1 1603 2 8.380053187061e+00 1.609660770574e+01 6.163562150966e+01 6.362217903137e+00 -1.950680851936e+00
G1-1 1603 3 6.813696617532e+00 1.297008980430e+01 6.324729916752e+01 5.990276336670e+00 -1.709563851357e+00
G1-1 1603 4 9.218578678623e+00 1.226334820184e+01 6.098845212230e+01 8.614314079285e+00 -2.772271156311e+00
G1-1 1604 1 1.667705098312e+01 -7.123136722493e+00 9.269124653414e+01 4.179704189301e+00 -1.332240939140e+00
G1-1 1604 2 1.332294901688e+01 -4.966928260653e+00 8.895658567211e+01 7.584307670593e+00 -2.459989070892e+00
G1-1 1604 3 1.332294901688e+01 -7.123136368851e+00 9.269124653414e+01 2.349656105042e+00 1.799314469099e-01
G1-1 1604 4 1.667705098312e+01 -2.858966306808e+00 9.292193810533e+01 5.680167198181e+00 -1.877218961716e+00
G1-1 1605 1 1.291741465150e+01 4.847840163362e+00 2.349177806964e+01 5.540574550629e+00 -1.772918343544e+00
G1-1 1605 2 1.737311325531e+01 1.901349036279e+00 2.619915837940e+01 3.875720739365e+00 -1.108002543449e+00
G1-1 1605 3 1.737311325531e+01 1.920256480151e+00 2.134630469196e+01 4.261899948120e+00 -1.301427960396e+00
G1-1 1605 4 1.737311325531e+01 6.190457625977e+00 2.407532332739e+01 4.915177822113e+00 -1.535928010941e+00
G1-1 1606 1 -1.409134761749e+01 1.149042732683e+01 4.524309858604e+00 4.886739253998e+00 -2.964026927948e+00
G1-1 1606 2 -1.666049626981e+01 9.476064709492e+00 2.017789176032e+00 4.492815494537e+00 -4.527564525604e+00
G1-1 1606 3 -1.246786881200e+01 9.476064709492e+00 2.017789176032e+00 3.464833974838e+00 -3.085193157196e+00
G1-1 1606 4 -1.666049626981e+01 7.788754480082e+00 6.040971431362e+00 5.287324905396e+00 -2.049427747726e+00
G1-1 1607 1 -1.625904475577e+00 1.741347629825e+00 6.228544171777e+00 3.750013113022e+00 -3.128524780273e+00
G1-1 1607 2 -1.274525997928e+00 -2.679502225688e+00 7.767977343254e+00 4.318387985229e+00 -3.059959888458e+00
G1-1 1607 3 -4.417755632511e+00 -2.991962026353e+00 5.961968125701e+00 3.628305435181e+00 -3.126613616943e+00
G1-1 1607 4 -1.173525716136e+00 -6.302234961927e-01 3.200492636184e+00 2.324141740799e+00 -3.516527414322e+00
G1-1 1608 1 1.326177940664e+01 -1.630520584227e+01 2.937922847176e+01 4.909353733063e+00 -1.599138259888e+00
G1-1 1608 2 1.745440686445e+01 -1.229585210640e+01 3.153292042967e+01 6.105565547943e+00 -2.021034002304e+00
G1-1 1608 3 1.745440686445e+01 -1.630520584227e+01 2.937922847176e+01 5.914458751678e+00 -1.964859247208e+00
G1-1 1608 4 1.745440686445e+01 -1.240303949274e+01 2.717699954941e+01 5.775563716888e+00 -1.905621170998e+00
G1-1 1609 1 -7.651911343446e+00 -1.697478752184e+01 9.030204436296e+01 3.544925689697e+00 -7.530786395073e-01
G1-1 1609 2 -5.429981285827e+00 -1.290713025111e+01 9.277859132472e+01 7.883596420288e+00 -4.244949817657e+00
G1-1 1609 3 -8.490436835008e+00 -1.529773653871e+01 9.468387573550e+01 3.254576921463e+00 3.869056999683e-01
G1-1 1609 4 -3.459283885634e+00 -1.697478752184e+01 9.030204436296e+01 8.224287033081e+00 -3.553973674774e+00
G1-1 1610 1 1.617094703232e+01 1.476932919817e+01 3.679062656326e+01 3.238191843033e+00 -8.854088783264e-01
G1-1 1610 2 1.814116841782e+01 1.680848240182e+01 3.284106436217e+01 4.665304183960e+00 -1.501124501228e+00
G1-1 1610 3 1.814116841782e+01 1.680848240182e+01 3.725998724927e+01 2.829236030579e+00 -8.196486234665e-01
G1-1 1610 4 1.814116841782e+01 1.256475217891e+01 3.482161680821e+01 5.490157127380e+00 -1.741121053696e+00
G1-1 1611 1 1.438860761175e+01 1.262604880417e+01 2.857880162611e+01 4.431944370270e+00 -1.351662755013e+00
G1-1 1611 2 1.772041491982e+01 1.105122894100e+01 2.698465125281e+01 3.951601505280e+00 -1.162561297417e+00
G1-1 1611 3 1.772041491982e+01 1.529961436906e+01 2.931033033007e+01 4.870158195496e+00 -1.561167240143e+00
G1-1 1611 4 1.772041491982e+01 1.105588414615e+01 3.129088277611e+01 3.706892251968e+00 -1.027848601341e+00
G1-1 1612 1 6.747360829726e-01 -7.144096988437e+00 5.778888254915e+01 7.281649589539e+00 -2.341058015823e+00
G1-1 1612 2 -2.599323573303e+00 -8.419762781522e+00 5.688668289286e+01 4.980644226074e+00 -1.464920997620e+00
G1-1 1612 3 -5.284833239187e+00 -4.783518976733e+00 6.062399597793e+01 6.156199455261e+00 -1.914753556252e+00
G1-1 1612 4 -1.296543555618e+00 -2.844350918111e+00 5.645518482639e+01 8.017505645752e+00 -2.614104032516e+00
G1-1 1613 1 7.730793600070e+00 1.165070835562e+01 5.032594294925e+01 4.490040779114e+00 -1.105167102814e+01
G1-1 1613 2 1.041922800382e+01 1.299494285576e+01 4.977274677392e+01 7.993539810181e+00 -4.028441905975e+00
G1-1 1613 3 1.041922800382e+01 1.347410039342e+01 5.162610272312e+01 8.608041763306e+00 -2.806197166443e+00
G1-1 1613 4 1.041922800382e+01 1.083873438001e+01 5.350741046509e+01 8.761370658875e+00 -2.480742931366e+00
G1-1 1614 1 -1.386998668387e+01 1.502101136715e+01 3.273785796948e+01 5.282501697540e+00 -1.697538733482e+00
G1-1 1614 2 -1.345208721042e+01 1.786970519532e+01 3.687887977825e+01 1.793112874031e+00 -2.744675576687e-01
G1-1 1614 3 -1.680618917667e+01 1.786970519532e+01 3.245995689114e+01 5.907340526581e+00 -1.993538379669e+00
G1-1 1614 4 -1.680618917667e+01 1.786970519532e+01 3.687887977825e+01 4.166576385498e+00 -1.357165455818e+00
G1-1 1615 1 1.237484686413e+01 1.485775712628e+01 6.655150104834e+01 7.234742641449e+00 -2.328792810440e+00
G1-1 1615 2 1.107291286640e+01 1.783116609686e+01 6.396931458974e+01 3.663789033890e+00 -8.590931296349e-01
G1-1 1615 3 1.107291286640e+01 1.783116609686e+01 6.835114784837e+01 2.349598407745e+00 -7.297576963902e-02
G1-1 1615 4 1.526554032421e+01 1.783116609686e+01 6.396931458974e+01 3.079917430878e+00 -8.926154971123e-01
G1-1 1616 1 -1.552965774351e+01 9.447058758938e+00 4.675005373024e+01 6.890483379364e+00 -2.348702192307e+00
G1-1 1616 2 -1.719798413127e+01 1.098774319718e+01 4.294729831759e+01 4.933166027069e+00 -1.556543946266e+00
G1-1 1616 3 -1.719798413127e+01 1.251103034213e+01 4.671905087428e+01 4.756371021271e+00 -1.531991243362e+00
G1-1 1616 4 -1.384388216502e+01 1.251103034213e+01 4.671905087428e+01 2.594182729721e+00 -5.562242269516e-01
G1-1 1617 1 -1.002397722204e+01 1.511996513387e+01 2.208408076573e+01 4.804095745087e+00 -1.519589304924e+00
G1-1 1617 2 -1.162341486774e+01 1.789306489302e+01 1.934600638321e+01 4.607537746429e+00 -1.463841080666e+00
G1-1 1617 3 -1.495981445028e+01 1.789306489302e+01 2.056154079695e+01 4.941576957703e+00 -1.593148112297e+00
G1-1 1617 4 -1.096675414568e+01 1.789306489302e+01 2.284182618619e+01 5.048360824585e+00 -1.614007592201e+00
G1-1 1618 1 1.525554146117e+01 -6.964160206467e+00 5.146258138466e+01 6.240966796875e+00 -2.039171934128e+00
G1-1 1618 2 1.792507024028e+01 -8.571114846290e+00 4.711218448214e+01 5.730328559875e+00 -1.860355615616e+00
G1-1 1618 3 1.792507024028e+01 -5.456000881544e+00 4.903750321172e+01 5.706444263458e+00 -1.847439646721e+00
G1-1 1618 4 1.792507024028e+01 -8.449035449900e+00 5.129335531113e+01 5.480690002441e+00 -1.764426946640e+00
G1-1 1619 1 -1.220925658815e+01 1.500805035244e+01 8.031932667473e+00 5.182628154755e+00 -2.080479383469e+00
G1-1 1619 2 -1.070256820066e+01 1.430439278845e+01 1.165018531425e+01 4.839235782623e+00 -1.589547276497e+00
G1-1 1619 3 -8.571040061984e+00 1.718631554656e+01 1.035580437207e+01 5.623063564301e+00 -1.989332556725e+00
G1-1 1619 4 -1.477840500471e+01 1.718631554656e+01 9.944335107765e+00 5.454906463623e+00 -2.666306495667e+00
G1-1 1620 1 5.602656806577e+00 1.847112570642e+01 4.518555821920e+01 2.074203491211e+00 -2.206778526306e-01
G1-1 1620 2 7.692674445453e+00 1.847112570642e+01 4.811422859979e+01 1.522110342979e+00 2.546150982380e-01
G1-1 1620 3 3.500047046581e+00 1.847112570642e+01 4.811422859979e+01 1.107706427574e+00 3.244391977787e-01
G1-1 1620 4 8.531199937015e+00 1.756867053393e+01 4.811422859979e+01 4.241643905640e+00 -1.153797745705e+00
G1-1 1621 1 7.416487119189e+00 1.780482130297e+01 4.454440591399e+01 1.799044966698e+00 2.936994433403e-01
G1-1 1621 2 1.034503030857e+01 1.780482177449e+01 4.590997995676e+01 1.999851107597e+00 5.894185304642e-01
G1-1 1621 3 1.034503030857e+01 1.690236660200e+01 4.747307535154e+01 3.778310298920e+00 -6.727552413940e-01
G1-1 1621 4 1.034503030857e+01 1.564861348948e+01 4.696136018884e+01 6.796838283539e+00 -2.088067054749e+00
G1-1 1622 1 1.176823725422e+01 1.603647450844e+01 5.337329749744e+01 7.163259029388e+00 -2.354799985886e+00
G1-1 1622 2 1.092971176266e+01 1.771352549156e+01 5.337329749744e+01 1.075725555420e+00 6.442139744759e-01
G1-1 1622 3 1.092971176266e+01 1.771352549156e+01 5.775512963292e+01 3.619824886322e+00 -1.084460139275e+00
G1-1 1622 4 1.512233922047e+01 1.603647450844e+01 5.337329749744e+01 2.613718986511e+00 -9.345985054970e-01
G1-1 1623 1 1.375634891655e+01 -6.530722533386e+00 1.099643233802e+02 5.950334548950e+00 -1.898417234421e+00
G1-1 1623 2 1.757115900627e+01 -3.422166364041e+00 1.105210338836e+02 5.858755111694e+00 -1.888216614723e+00
G1-1 1623 3 1.757115900627e+01 -7.619153426448e+00 1.131004994771e+02 4.142724990845e+00 -1.165378332138e+00
G1-1 1623 4 1.757115900627e+01 -7.613063914847e+00 1.096503081151e+02 3.737098455429e+00 -1.025142431259e+00
G1-1 1624 1 -1.091366345260e+01 1.371245752551e+01 6.666410362099e+00 4.836214065552e+00 -2.356968402863e+00
G1-1 1624 2 -9.406975065114e+00 1.300879972576e+01 1.028466300887e+01 5.597776412964e+00 -2.020491123199e+00
G1-1 1624 3 -9.290184411346e+00 1.169809526182e+01 4.159889797408e+00 4.102429389954e+00 -3.488400220871e+00
G1-1 1624 4 -7.275446926437e+00 1.589072248387e+01 8.990281948810e+00 5.432764053345e+00 -2.130040407181e+00
G1-1 1625 1 6.078669356392e+00 1.534786589374e+01 3.258529643829e+01 4.241869449615e+00 -1.220103859901e+00
G1-1 1625 2 3.862248834591e+00 1.794686520023e+01 3.061419476480e+01 3.883850574493e+00 -1.083710551262e+00
G1-1 1625 3 5.842332656761e+00 1.794686520023e+01 3.401807527072e+01 5.077379226685e+00 -1.559575796127e+00
G1-1 1625 4 8.267495211674e+00 1.794686520023e+01 3.264642698016e+01 5.647643566132e+00 -1.796730279922e+00
G1-1 1626 1 1.221839822181e+01 1.525025677706e+01 2.838793651371e+01 4.402405738831e+00 -1.358491778374e+00
G1-1 1626 2 1.210871474441e+01 1.792382257771e+01 3.056236130100e+01 6.288638591766e+00 -2.067871332169e+00
G1-1 1626 3 1.555020576564e+01 1.792382257771e+01 2.911946474614e+01 4.786332607269e+00 -1.543662190437e+00
G1-1 1626 4 1.196875193922e+01 1.792382257771e+01 2.671378655719e+01 5.626550197601e+00 -1.832568049431e+00
G1-1 1627 1 1.407099269510e+01 1.608071395659e+01 3.799000420481e+01 3.557807207108e+00 -1.036838412285e+00
G1-1 1627 2 1.604121455212e+01 1.811986716024e+01 3.845936394778e+01 1.289247632027e+00 -1.457179486752e-01
G1-1 1627 3 1.259972329513e+01 1.811986716024e+01 3.548333714401e+01 3.515632867813e+00 -1.028273463249e+00
G1-1 1627 4 1.268711235011e+01 1.811986716024e+01 3.845936394778e+01 7.274466514587e+00 -2.556200265884e+00
G1-1 1628 1 -1.355584154653e+01 1.691932460378e+01 5.805239815549e+01 5.128939628601e+00 -1.739179134369e+00
G1-1 1628 2 -1.135170789251e+01 1.831783627964e+01 5.989412687742e+01 1.587443828583e+00 5.885629057884e-01
G1-1 1628 3 -1.135170789251e+01 1.831783627964e+01 5.551229379889e+01 1.060798883438e+00 9.670782685280e-01
G1-1 1628 4 -1.554433535033e+01 1.831783627964e+01 5.989412687742e+01 2.094270944595e+00 -6.101666092873e-01
G1-1 1629 1 -1.771352549156e+01 6.877158523251e+00 7.585255286573e+01 3.910782814026e+00 -1.185026407242e+00
G1-1 1629 2 -1.435942352531e+01 2.541738188448e+00 7.590258104071e+01 6.001795291901e+00 -1.891593575478e+00
G1-1 1629 3 -1.771352549156e+01 2.541738601030e+00 7.590258104071e+01 3.737948894501e+00 -1.137155175209e+00
G1-1 1629 4 -1.771352549156e+01 4.697946707078e+00 7.216791829259e+01 3.371791601181e+00 -1.049441099167e+00
G1-1 1630 1 -1.667705098312e+01 2.233896021654e+00 5.818967899314e+01 6.041631698608e+00 -1.979154109955e+00
G1-1 1630 2 -1.667705098312e+01 4.310356861486e+00 6.218746766949e+01 6.741432666779e+00 -2.211563825607e+00
G1-1 1630 3 -1.332294901688e+01 4.310356861486e+00 6.218746766949e+01 5.349491596222e+00 -1.624088764191e+00
G1-1 1630 4 -1.332294901688e+01 6.466565264386e+00 5.845280586441e+01 7.627631664276e+00 -2.495867490768e+00
G1-1 1631 1 1.326177940664e+01 -1.754416412881e+01 2.735964043193e+01 4.427160263062e+00 -1.428982257843e+00
G1-1 1631 2 1.745440686445e+01 -1.754416412881e+01 2.735964043193e+01 5.614196777344e+00 -1.862918496132e+00
G1-1 1631 3 1.745440686445e+01 -1.754416412881e+01 2.297780820640e+01 5.224571228027e+00 -1.727092623711e+00
G1-1 1631 4 1.745440686445e+01 -1.364199777928e+01 2.515741150958e+01 5.749537944794e+00 -1.900575041771e+00
G1-1 1632 1 9.345977565704e+00 -1.199327094146e+01 3.716964331660e+01 5.079684734344e+00 -1.627601861954e+00
G1-1 1632 2 1.493213643133e+01 -1.092495578292e+01 3.641934887341e+01 5.850513935089e+00 -1.917750120163e+00
G1-1 1632 3 1.235605721706e+01 -9.536868053706e+00 4.059041686231e+01 5.558711528778e+00 -1.797460317612e+00
G1-1 1632 4 1.073950909139e+01 -1.493430951879e+01 3.864748990398e+01 4.702105045319e+00 -1.498221039772e+00
G1-1 1633 1 1.326177940664e+01 -1.643857507265e+01 1.980328981677e+01 4.926104068756e+00 -1.616805195808e+00
G1-1 1633 2 1.745440686445e+01 -1.643857507265e+01 1.980328981677e+01 5.165618419647e+00 -1.705185770988e+00
G1-1 1633 3 1.745440686445e+01 -1.286081323240e+01 1.829399549296e+01 4.737607479095e+00 -1.538882732391e+00
G1-1 1633 4 1.745440686445e+01 -1.253640872312e+01 2.198289311995e+01 5.427165031433e+00 -1.783024430275e+00
G1-1 1634 1 -1.516566559609e+01 -1.379944089334e+01 1.153767952112e+02 4.750638961792e+00 -1.447906136513e+00
G1-1 1634 2 -1.790385342659e+01 -1.671054323649e+01 1.171076324730e+02 4.536845207214e+00 -1.420524597168e+00
G1-1 1634 3 -1.790385342659e+01 -1.302182435640e+01 1.127423305642e+02 2.800022363663e+00 -5.929920673370e-01
G1-1 1634 4 -1.790385342659e+01 -1.671054323649e+01 1.126887095859e+02 3.844564676285e+00 -1.195641279221e+00
G1-1 1635 1 1.615881372891e+01 1.363570249370e+01 1.248491515754e+02 6.629155158997e+00 -2.199299573898e+00
G1-1 1635 2 1.615881372891e+01 1.754267801347e+01 1.226419113237e+02 6.484700202942e+00 -2.156098604202e+00
G1-1 1635 3 1.196618627109e+01 1.754267801347e+01 1.226419113237e+02 5.615599155426e+00 -1.844495177269e+00
G1-1 1635 4 1.196618627109e+01 1.754267801347e+01 1.270237442221e+02 5.651135444641e+00 -1.858955740929e+00
G1-1 1636 1 1.326177940664e+01 -1.751104171346e+01 3.714971117714e+01 4.084522247314e+00 -1.285896301270e+00
G1-1 1636 2 1.745440686445e+01 -1.751104171346e+01 3.714971117714e+01 6.255661487579e+00 -2.084235668182e+00
G1-1 1636 3 1.745440686445e+01 -1.751104171346e+01 3.276787677410e+01 6.011849880219e+00 -2.000673055649e+00
G1-1 1636 4 1.745440686445e+01 -1.350168797759e+01 3.492156920353e+01 6.461415290833e+00 -2.148551464081e+00
G1-1 1637 1 1.260560886401e+01 1.546008094020e+01 2.225635961231e+01 4.556429386139e+00 -1.442234277725e+00
G1-1 1637 2 1.147467592661e+01 1.281815541647e+01 1.925655309088e+01 4.838237762451e+00 -1.550814867020e+00
G1-1 1637 3 1.618706269044e+01 1.170399017402e+01 1.868003184275e+01 4.395831584930e+00 -1.390826106071e+00
G1-1 1637 4 1.618706269044e+01 1.121169551215e+01 2.233635919552e+01 4.609568119049e+00 -1.451282858849e+00
G1-1 1638 1 1.228721075298e+01 3.116973112565e+00 5.360714463886e+01 7.925078392029e+00 -2.932456970215e+00
G1-1 1638 2 9.961854533272e+00 2.588613722056e+00 5.509679493285e+01 8.310300827026e+00 -3.379930019379e+00
G1-1 1638 3 1.231333491981e+01 1.585804709889e+00 5.807813587827e+01 8.523181915283e+00 -2.953918218613e+00
G1-1 1638 4 1.138027443078e+01 5.895176834891e+00 5.592195744798e+01 4.314763069153e+00 -1.263858675957e+00
G1-1 1639 1 6.101129559926e+00 -1.460957682541e+01 2.385295400472e+01 4.854567527771e+00 -1.581050872803e+00
G1-1 1639 2 7.612398942240e+00 -1.777257867518e+01 2.266986779725e+01 4.102058410645e+00 -1.318555951118e+00
G1-1 1639 3 7.612398942240e+00 -1.777257867518e+01 2.705170002278e+01 3.562094449997e+00 -1.101288914680e+00
G1-1 1639 4 3.419771484428e+00 -1.777257867518e+01 2.705170002278e+01 3.412846088409e+00 -1.040550947189e+00
G1-1 1640 1 -1.384512012202e+01 9.035806625923e+00 1.127131138650e+02 6.049147129059e+00 -1.991166591644e+00
G1-1 1640 2 -1.240974250302e+01 1.460892876213e+01 1.112878525432e+02 5.205896377563e+00 -1.686608791351e+00
G1-1 1640 3 -1.660236996083e+01 1.078635663376e+01 1.092153918893e+02 6.489181518555e+00 -2.152802467346e+00
G1-1 1640 4 -1.660236996083e+01 1.060383525098e+01 1.134888693636e+02 6.632757663727e+00 -2.203652858734e+00
G1-1 1641 1 1.481092212205e+01 -6.095072088284e+00 2.374070982080e+01 5.515882492065e+00 -1.793256640434e+00
G1-1 1641 2 1.782010985214e+01 -8.146624350715e+00 2.277981747446e+01 5.358467102051e+00 -1.743594408035e+00
G1-1 1641 3 1.782010985214e+01 -8.471028388467e+00 1.909092031900e+01 5.505941390991e+00 -1.805748105049e+00
G1-1 1641 4 1.782010985214e+01 -3.796867133441e+00 2.003861990588e+01 5.369038105011e+00 -1.744452953339e+00
G1-1 1642 1 1.324798506542e+01 1.632615678443e+00 1.652100796645e+01 5.960910320282e+00 -1.971305966377e+00
G1-1 1642 2 1.745115058010e+01 1.873298231814e+00 1.669620451414e+01 4.532319068909e+00 -1.448769927025e+00
G1-1 1642 3 1.745115058010e+01 4.378402233848e+00 1.247801520211e+01 4.912106990814e+00 -1.621985077858e+00
G1-1 1642 4 1.745115058010e+01 6.635794010047e+00 1.576889508952e+01 4.714830875397e+00 -1.524828195572e+00
G1-1 1643 1 1.326177940664e+01 -1.631122420393e+01 3.915171063436e+01 4.800240039825e+00 -1.546211004257e+00
G1-1 1643 2 1.745440686445e+01 -1.230187046806e+01 3.692356866075e+01 6.489488124847e+00 -2.154132366180e+00
G1-1 1643 3 1.745440686445e+01 -1.242853318249e+01 4.124848156711e+01 6.389849185944e+00 -2.116192102432e+00
G1-1 1643 4 1.745440686445e+01 -1.631122420393e+01 3.915171063436e+01 6.446206569672e+00 -2.147006034851e+00
G1-1 1644 1 -1.343845226600e+01 -9.165511043603e+00 3.755972877113e+01 5.734929084778e+00 -1.867373108864e+00
G1-1 1644 2 -1.231374124473e+01 -1.462477046694e+01 3.878192676026e+01 4.897994041443e+00 -1.574917793274e+00
G1-1 1644 3 -1.650636870255e+01 -1.075657348964e+01 4.086470009035e+01 5.946345329285e+00 -1.950886845589e+00
G1-1 1644 4 -1.650636870255e+01 -1.060270392545e+01 3.659333462485e+01 6.016204357147e+00 -1.980024337769e+00
G1-1 1645 1 1.481092212205e+01 -5.967545564915e+00 2.772630987975e+01 6.101325988770e+00 -1.999064326286e+00
G1-1 1645 2 1.782010985214e+01 -7.911909969480e+00 3.112133841367e+01 6.105455875397e+00 -2.006201982498e+00
G1-1 1645 3 1.782010985214e+01 -8.019097827345e+00 2.676541753341e+01 6.049414634705e+00 -1.989688754082e+00
G1-1 1645 4 1.782010985214e+01 -3.688248053943e+00 2.887707318074e+01 5.394862174988e+00 -1.725773096085e+00
G1-1 1646 1 1.537786852967e+01 -6.666845346017e+00 4.178511556161e+01 5.849156856537e+00 -1.899877429008e+00
G1-1 1646 2 1.795394774394e+01 -3.718350090988e+00 4.013369528931e+01 5.377039909363e+00 -1.719023227692e+00
G1-1 1646 3 1.795394774394e+01 -8.181595730722e+00 4.193895859297e+01 6.290063858032e+00 -2.068071842194e+00
G1-1 1646 4 1.795394774394e+01 -8.054932898411e+00 3.761404757271e+01 6.100170612335e+00 -2.001644134521e+00
G1-1 1647 1 1.493957909016e+01 -1.145560383653e+01 1.228900580399e+01 5.761235713959e+00 -1.916060924530e+00
G1-1 1647 2 1.785048164239e+01 -8.999548829218e+00 1.056402518690e+01 5.343741893768e+00 -1.773946166039e+00
G1-1 1647 3 1.785048164239e+01 -1.123367018306e+01 1.384123056498e+01 4.648560523987e+00 -1.510718584061e+00
G1-1 1647 4 1.785048164239e+01 -1.481143225907e+01 1.096869086722e+01 3.767797470093e+00 -1.201220750809e+00
G1-1 1648 1 1.506870278927e+01 -1.313364426678e+01 6.276932562418e+01 5.066763877869e+00 -1.593919634819e+00
G1-1 1648 2 1.788096361289e+01 -1.625987769531e+01 6.567822535063e+01 6.214865684509e+00 -2.044646501541e+00
G1-1 1648 3 1.788096361289e+01 -1.625987769531e+01 6.129639227211e+01 6.089818954468e+00 -1.995050907135e+00
G1-1 1648 4 1.788096361289e+01 -1.132790632327e+01 6.355748116104e+01 5.480095386505e+00 -1.757354974747e+00
G1-1 1649 1 -3.611247825559e+00 1.389538089316e+01 1.471312986172e+02 6.233161926270e+00 -2.145667314529e+00
G1-1 1649 2 -1.842245054806e+00 1.661423480154e+01 1.493227895804e+02 6.085163116455e+00 -2.199648380280e+00
G1-1 1649 3 -6.034872483148e+00 1.661423480154e+01 1.493227895804e+02 6.143690109253e+00 -2.225020885468e+00
G1-1 1649 4 -1.842245054806e+00 1.242160734373e+01 1.493227895804e+02 6.356216907501e+00 -2.163162708282e+00
G1-1 1650 1 1.376006024795e+01 -1.421953077000e+01 7.118828368630e+01 4.982504844666e+00 -1.541513204575e+00
G1-1 1650 2 1.310614426418e+01 -1.381626437843e+01 6.560512421561e+01 4.703751564026e+00 -1.428463220596e+00
G1-1 1650 3 1.591840508780e+01 -1.694249757120e+01 6.851402488511e+01 5.033506393433e+00 -1.602845549583e+00
G1-1 1650 4 1.172577762999e+01 -1.694249757120e+01 6.851402488511e+01 4.123222827911e+00 -1.168328642845e+00
G1-1 1651 1 1.506870278927e+01 -1.195523177356e+01 6.473392812513e+01 6.295569896698e+00 -2.054316282272e+00
G1-1 1651 2 1.788096361289e+01 -1.126804226849e+01 6.961858401231e+01 2.639124393463e+00 -6.464853286743e-01
G1-1 1651 3 1.788096361289e+01 -1.508146520209e+01 6.764282879463e+01 5.890509605408e+00 -1.927078366280e+00
G1-1 1651 4 1.788096361289e+01 -1.014949383005e+01 6.552208460503e+01 4.301109313965e+00 -1.320837020874e+00
G1-1 1652 1 1.506870278927e+01 -1.189610245772e+01 6.064713509074e+01 5.217046260834e+00 -1.644853115082e+00
G1-1 1652 2 1.788096361289e+01 -1.502233565049e+01 5.917420173867e+01 6.117215156555e+00 -1.998682856560e+00
G1-1 1652 3 1.788096361289e+01 -1.101756546842e+01 5.668847999238e+01 6.162233352661e+00 -2.007973194122e+00
G1-1 1652 4 1.788096361289e+01 -1.009036427845e+01 6.143528968455e+01 6.199425220490e+00 -2.017596483231e+00
G1-1 1653 1 -3.822939488480e+00 1.213703364623e+01 1.146066830884e+02 4.349988460541e+00 -1.331644415855e+00
G1-1 1653 2 -1.396502069691e+00 1.055710497678e+01 1.163622503013e+02 4.628829956055e+00 -1.434005379677e+00
G1-1 1653 3 -9.830846248915e-01 1.035093163443e+01 1.130453062029e+02 4.417613506317e+00 -1.341008543968e+00
G1-1 1653 4 -9.946213275111e-01 1.502891636823e+01 1.126664244699e+02 3.437737941742e+00 -9.494181275368e-01
G1-1 1654 1 -3.159408469521e+00 -1.459974765526e+01 5.555983941803e+01 3.947458267212e+00 -1.066040277481e+00
G1-1 1654 2 -1.735580251871e+00 -1.777025820498e+01 5.699187273524e+01 2.443958997726e+00 -2.719503939152e-01
G1-1 1654 3 -5.928207739154e+00 -1.777025820498e+01 5.699187273524e+01 4.067116737366e+00 -1.151291370392e+00
G1-1 1654 4 -1.735580251871e+00 -1.777025820498e+01 5.261004059976e+01 2.440990447998e+00 -3.436889350414e-01
G1-1 1655 1 -7.379532541679e+00 -1.225506552421e+01 3.997214240193e+01 4.609085559845e+00 -1.435489296913e+00
G1-1 1655 2 -9.989796390835e+00 -9.789314363371e+00 3.717447968751e+01 5.379914760590e+00 -1.731960654259e+00
G1-1 1655 3 -7.575809254813e+00 -1.237048774266e+01 3.546869992574e+01 4.618366718292e+00 -1.454378604889e+00
G1-1 1655 4 -8.865085487447e+00 -1.524857355094e+01 3.839667673359e+01 4.088608264923e+00 -1.256153702736e+00
G1-1 1656 1 -2.142864362293e+00 -1.847112570642e+01 1.060198263814e+02 2.953267812729e+00 -4.790294766426e-01
G1-1 1656 2 1.088069438522e-02 -1.756867053393e+01 1.028960307940e+02 5.030344009399e+00 -1.465682625771e+00
G1-1 1656 3 2.199836417736e+00 -1.847112570642e+01 1.059701860052e+02 2.532404184341e+00 1.114238053560e-01
G1-1 1656 4 1.088069438522e-02 -1.847112570642e+01 1.028960307940e+02 1.874192118645e+00 -4.347359016538e-02
G1-1 1657 1 -1.332294901688e+01 1.412415440794e+01 4.555539711614e+01 6.094710826874e+00 -1.946620225906e+00
G1-1 1657 2 -1.667705098312e+01 1.260086726299e+01 4.178364455944e+01 3.526127576828e+00 -9.774490594864e-01
G1-1 1657 3 -1.667705098312e+01 1.412415440794e+01 4.555539711614e+01 2.734501838684e+00 -6.964358091354e-01
G1-1 1657 4 -1.332294901688e+01 1.628036245720e+01 4.182073531106e+01 4.664115905762e+00 -1.471384763718e+00
G1-1 1658 1 1.537786852967e+01 -5.743362984565e+00 4.371654244724e+01 5.790217876434e+00 -1.874352931976e+00
G1-1 1658 2 1.795394774394e+01 -7.258113369269e+00 4.387038642165e+01 6.058959484100e+00 -1.981321573257e+00
G1-1 1658 3 1.795394774394e+01 -2.794867906356e+00 4.206512217494e+01 5.278027057648e+00 -1.678823709488e+00
G1-1 1658 4 1.795394774394e+01 -4.142999463464e+00 4.579570515123e+01 5.207689762115e+00 -1.663854718208e+00
G1-1 1659 1 -8.184969663490e+00 1.125561032852e+01 5.636418289725e+01 8.692307472229e+00 -2.623090744019e+00
G1-1 1659 2 -1.052644454642e+01 1.298493224961e+01 5.437069150198e+01 8.721041679382e+00 -2.567812681198e+00
G1-1 1659 3 -1.052644454642e+01 1.034956623620e+01 5.625199735785e+01 8.968573570251e+00 -2.064905166626e+00
G1-1 1659 4 -1.052644454642e+01 1.082872396459e+01 5.810535236401e+01 9.235499382019e+00 -1.531573534012e+00
G1-1 1660 1 5.031003610032e+00 1.711055532296e+01 4.519837564840e+01 3.615112066269e+00 -8.903186321259e-01
G1-1 1660 2 5.271112395656e+00 1.361011277356e+01 4.816852609857e+01 8.607110977173e+00 -2.786550521851e+00
G1-1 1660 3 7.959546622589e+00 1.620810085775e+01 4.812704602898e+01 2.734625339508e+00 1.212888002396e+00
G1-1 1660 4 2.928393791095e+00 1.620810085775e+01 4.812704602898e+01 6.637980937958e+00 -2.080601692200e+00
G1-1 1661 1 1.131838314421e+01 1.175654437778e+01 4.339550131133e+01 3.084641695023e+00 -5.013956427574e-01
G1-1 1661 2 1.314617832795e+01 9.441666741249e+00 4.610979597619e+01 6.276567459106e+00 -2.020374536514e+00
G1-1 1661 3 1.561987629563e+01 1.016086160392e+01 4.343844264668e+01 3.066442251205e+00 -7.186375856400e-01
G1-1 1661 4 1.226577432938e+01 1.225658165022e+01 4.616218505359e+01 8.317758560181e+00 -3.365901231766e+00
G1-1 1662 1 1.581480807784e+01 1.720479732195e+00 7.352275063775e+00 4.680489063263e+00 -2.859111547470e+00
G1-1 1662 2 1.050895494853e+01 -2.557320978949e+00 6.307690412943e+00 4.159840106964e+00 -2.850506782532e+00
G1-1 1662 3 1.162218062003e+01 -6.512926999912e-01 3.368392602036e+00 3.063998699188e+00 -3.060168266296e+00
G1-1 1662 4 1.581480807784e+01 -3.224664362581e+00 7.345559882366e+00 4.840557575226e+00 -3.083141088486e+00
G1-1 1663 1 5.076606244633e+00 1.610227901765e+01 5.572290693420e+01 7.649283409119e+00 -4.703353404999e+00
G1-1 1663 2 7.568490782702e+00 1.772905994684e+01 5.289355479513e+01 1.067611098289e+00 -1.446066200733e-01
G1-1 1663 3 8.407016274265e+00 1.605200896372e+01 5.289355479513e+01 4.595785140991e+00 -2.541348695755e+00
G1-1 1663 4 3.375863354360e+00 1.772905994684e+01 5.289355479513e+01 2.184402704239e+00 -6.122002005577e-01
G1-1 1664 1 6.372199341603e+00 1.610227901765e+01 5.707696814780e+01 7.546027660370e+00 -2.485645294189e+00
G1-1 1664 2 8.864083909142e+00 1.772905994684e+01 5.862944814420e+01 3.220684528351e+00 -8.328291773796e-01
G1-1 1664 3 9.702609400705e+00 1.605200896372e+01 5.424761506567e+01 3.419665336609e+00 -1.065516352654e+00
G1-1 1664 4 8.864083909142e+00 1.772905994684e+01 5.424761506567e+01 2.431959867477e+00 -2.532733201981e+00
G1-1 1665 1 1.461641821464e+01 1.340074531421e+01 7.308449397229e+00 4.668520927429e+00 -1.490146040916e+00
G1-1 1665 2 1.777419359022e+01 1.649746729870e+01 2.768457056549e+00 6.712268352509e+00 -3.894053459167e+00
G1-1 1665 3 1.777419359022e+01 1.649746729870e+01 7.187379943652e+00 3.768757820129e+00 -1.084644675255e+00
G1-1 1665 4 1.777419359022e+01 1.230483984089e+01 2.768457056549e+00 6.142894268036e+00 -3.073122262955e+00
G1-1 1666 1 -1.326177940664e+01 -1.631177448260e+01 3.915960670939e+01 4.794302940369e+00 -1.543068289757e+00
G1-1 1666 2 -1.745440686445e+01 -1.631177448260e+01 3.915960670939e+01 6.242081642151e+00 -2.073758840561e+00
G1-1 1666 3 -1.745440686445e+01 -1.244357750530e+01 4.124238098252e+01 6.225091934204e+00 -2.056783914566e+00
G1-1 1666 4 -1.745440686445e+01 -1.228970794112e+01 3.697101363093e+01 6.424788951874e+00 -2.131915569305e+00
G1-1 1667 1 1.452188046189e+01 -1.119019854964e+01 8.470987164357e+01 6.980327606201e+00 -2.273205757141e+00
G1-1 1667 2 1.696008030451e+01 -7.752165553632e+00 8.385207041347e+01 1.736683368683e+00 -1.442702114582e-01
G1-1 1667 3 1.360597833826e+01 -9.908373934019e+00 8.758673316159e+01 8.603240966797e+00 -2.794009685516e+00
G1-1 1667 4 1.696008030451e+01 -9.908373462496e+00 8.758673127550e+01 1.541954994202e+00 3.748119175434e-01
G1-1 1668 1 7.142461755508e+00 -8.026695110929e+00 8.432756945711e+01 8.618989944458e+00 -2.763202667236e+00
G1-1 1668 2 1.141245906914e+01 -1.074599449451e+01 8.394048840256e+01 4.158363342285e+00 -8.743120431900e-01
G1-1 1668 3 1.049655694550e+01 -7.307960673337e+00 8.308268528637e+01 8.329310417175e+00 -2.587505340576e+00
G1-1 1668 4 1.049655694550e+01 -9.464169171604e+00 8.681734614840e+01 8.629503250122e+00 -2.741497755051e+00
G1-1 1669 1 1.426276183479e+01 -1.541012991427e+01 8.390992718836e+01 3.148216009140e+00 -7.470131516457e-01
G1-1 1669 2 1.670096167740e+01 -1.796156362375e+01 8.613961289782e+01 2.232605695724e+00 -6.070292592049e-01
G1-1 1669 3 1.250833421959e+01 -1.796156362375e+01 8.613961289782e+01 3.079996347427e+00 -6.902427077293e-01
G1-1 1669 4 1.670096167740e+01 -1.796156362375e+01 8.175778152528e+01 4.610270977020e+00 -1.446884751320e+00
G1-1 1670 1 8.067682795464e+00 -1.128483468474e+01 9.369226252256e+01 8.734445571899e+00 -2.535729408264e+00
G1-1 1670 2 1.049875693164e+01 -1.035646522653e+01 9.376132759824e+01 8.771150588989e+00 -2.461501598358e+00
G1-1 1670 3 1.049875693164e+01 -1.299183171146e+01 9.564263269117e+01 8.476437568665e+00 -3.084727048874e+00
G1-1 1670 4 1.049875693164e+01 -1.083562295492e+01 9.190797335502e+01 8.884683609009e+00 -2.233965873718e+00
G1-1 1671 1 1.525554146117e+01 -6.264007528859e+00 5.526461593192e+01 5.690917015076e+00 -1.834928393364e+00
G1-1 1671 2 1.792507024028e+01 -3.539386551863e+00 5.621519560207e+01 5.074003219604e+00 -1.612543106079e+00
G1-1 1671 3 1.792507024028e+01 -6.821681818080e+00 5.984220049361e+01 5.737620830536e+00 -1.846784472466e+00
G1-1 1671 4 1.792507024028e+01 -7.748882772291e+00 5.509538985839e+01 5.580852508545e+00 -1.795870542526e+00
G1-1 1672 1 1.615881372891e+01 1.376061891432e+01 7.611797227070e+01 4.555163860321e+00 -1.415158271790e+00
G1-1 1672 2 1.615881372891e+01 1.757216678025e+01 7.371271498839e+01 4.419857025146e+00 -1.364495038986e+00
G1-1 1672 3 1.196618627109e+01 1.757216678025e+01 7.371271498839e+01 3.891177177429e+00 -1.030043482780e+00
G1-1 1672 4 1.196618627109e+01 1.757216678025e+01 7.809454788681e+01 4.166725158691e+00 -1.182574510574e+00
G1-1 1673 1 1.150192321195e+01 -5.944272939312e+00 6.907767002725e+01 5.336795330048e+00 -1.565178036690e+00
G1-1 1673 2 1.624716510438e+01 -6.807565663879e+00 6.700583147484e+01 7.061569213867e+00 -2.337685346603e+00
G1-1 1673 3 1.289306313813e+01 -3.593860854025e+00 7.106808836164e+01 2.488581657410e+00 -1.141274720430e-01
G1-1 1673 4 1.624716510438e+01 -7.926114102317e+00 7.110233088212e+01 6.572047710419e+00 -2.172721862793e+00
G1-1 1674 1 1.558081602516e+01 -8.373176366898e-01 6.118739243380e+01 6.262158870697e+00 -2.050537347794e+00
G1-1 1674 2 1.800185726662e+01 -4.054066966993e+00 6.243828166991e+01 5.225358963013e+00 -1.686439394951e+00
G1-1 1674 3 1.800185726662e+01 -7.717718407588e-01 5.881127677838e+01 3.260381937027e+00 -9.454141259193e-01
G1-1 1674 4 1.800185726662e+01 1.315846151721e+00 6.276587580859e+01 4.410599231720e+00 -1.401275277138e+00
G1-1 1675 1 1.771352549156e+01 -6.081248521014e+00 6.762090580055e+01 2.249550104141e+00 -3.936617374420e-01
G1-1 1675 2 1.435942352531e+01 -2.867543961656e+00 7.168316268734e+01 7.212306976318e+00 -2.325611352921e+00
G1-1 1675 3 1.771352549156e+01 -7.199796959452e+00 7.171740520782e+01 6.651264667511e+00 -2.233359098434e+00
G1-1 1675 4 1.771352549156e+01 -2.867543961656e+00 7.168316268734e+01 6.413769245148e+00 -2.129765748978e+00
G1-1 1676 1 5.059660865658e+00 -5.723251848877e+00 4.208986356603e+01 6.049911499023e+00 -1.943614482880e+00
G1-1 1676 2 7.649269389843e+00 -3.696311474864e+00 4.025119443722e+01 6.661895275116e+00 -2.168679475784e+00
G1-1 1676 3 5.759129003286e+00 -8.987584852854e+00 3.812268801824e+01 5.164122104645e+00 -1.638029098511e+00
G1-1 1676 4 2.950939485552e+00 -7.232906031444e+00 3.925943741967e+01 5.691050052643e+00 -1.818510890007e+00
G1-1 1677 1 6.474106557546e+00 -1.520557546750e+01 4.571836112607e+01 3.422211647034e+00 -9.396013021469e-01
G1-1 1677 2 7.700446985602e+00 -1.791327498709e+01 4.280171869900e+01 3.115383863449e+00 -8.509203195572e-01
G1-1 1677 3 7.700446985602e+00 -1.791327498709e+01 4.718355101459e+01 2.586434602737e+00 -5.708746314049e-01
G1-1 1677 4 3.507819409910e+00 -1.791327498709e+01 4.718355101459e+01 3.208386659622e+00 -8.334190249443e-01
G1-1 1678 1 1.617094703232e+01 1.345541077631e+01 3.846854072341e+01 3.791252851486e+00 -1.070357680321e+00
G1-1 1678 2 1.814116841782e+01 1.124263564864e+01 3.994882080759e+01 2.714015007019e+00 -5.280629396439e-01
G1-1 1678 3 1.814116841782e+01 1.125083399282e+01 3.649953002532e+01 2.188379287720e+00 -1.550927162170e-01
G1-1 1678 4 1.814116841782e+01 1.549456421572e+01 3.893790046638e+01 6.212029933929e+00 -2.055400848389e+00
G1-1 1679 1 3.377519382433e+00 1.170032936490e+01 4.384174501753e+01 6.883381366730e+00 -2.093283176422e+00
G1-1 1679 2 5.176250057929e+00 7.631057924246e+00 4.577929376974e+01 8.579490661621e+00 -2.842508792877e+00
G1-1 1679 3 4.415635171579e+00 1.024650974506e+01 4.727729750679e+01 7.940644264221e+00 -4.123625278473e+00
G1-1 1679 4 2.030360341612e+00 9.219713820895e+00 4.627366001332e+01 8.428769111633e+00 -3.146197557449e+00
G1-1 1680 1 -9.397219550954e+00 1.139141657683e+01 4.374507726377e+01 4.970553398132e+00 -1.473930597305e+00
G1-1 1680 2 -8.468644616980e+00 1.013544222748e+01 4.786682694733e+01 7.422128677368e+00 -2.391174077988e+00
G1-1 1680 3 -1.242185241153e+01 8.458639700860e+00 4.634311155525e+01 8.438680648804e+00 -3.118422508240e+00
G1-1 1680 4 -1.099349899289e+01 8.319094199604e+00 4.223577479151e+01 8.563176155090e+00 -2.874336242676e+00
G1-1 1681 1 -7.295788399211e+00 1.784458822197e+01 6.462317025228e+01 7.217535972595e+00 -2.315670490265e+00
G1-1 1681 2 -7.295788399211e+00 1.784458822197e+01 6.900500351091e+01 4.714284896851e+00 -1.300566911697e+00
G1-1 1681 3 -4.759945527586e+00 1.491461465997e+01 6.932127408755e+01 4.618087291718e+00 -1.216125249863e+00
G1-1 1681 4 -3.103160882458e+00 1.784458822197e+01 6.462317025228e+01 6.743220806122e+00 -2.150019168854e+00
G1-1 1682 1 1.453680924975e+01 -3.987057055347e+00 9.687198041433e+01 2.056502342224e+00 -2.709511816502e-01
G1-1 1682 2 1.696360439539e+01 -6.891820302555e+00 9.455981681900e+01 6.540151119232e+00 -2.270555496216e+00
G1-1 1682 3 1.360950242914e+01 -6.891820302555e+00 9.455981681900e+01 7.571352958679e+00 -4.860581874847e+00
G1-1 1682 4 1.696360439539e+01 -2.627650122632e+00 9.479051027628e+01 2.930887937546e+00 -8.502330183983e-01
G1-1 1683 1 1.391184869076e+01 2.517248172841e-02 4.262743817824e+01 5.886177539825e+00 -1.897915482521e+00
G1-1 1683 2 1.760786728771e+01 2.334220779808e+00 4.602325828896e+01 5.329368591309e+00 -1.716109752655e+00
G1-1 1683 3 1.760786728771e+01 -1.209334465306e+00 4.599886612287e+01 5.025727272034e+00 -1.595164537430e+00
G1-1 1683 4 1.760786728771e+01 1.387970991698e-01 4.226828408962e+01 4.468461990356e+00 -1.364565014839e+00
G1-1 1684 1 1.202735588133e+01 1.202941896223e+01 5.941611028630e+01 8.611365318298e+00 -2.777697801590e+00
G1-1 1684 2 1.118883038977e+01 1.586267823038e+01 6.006328061670e+01 4.694757461548e+00 -1.335280179977e+00
G1-1 1684 3 1.538145784758e+01 1.202941896223e+01 5.941611028630e+01 5.827539920807e+00 -1.917082667351e+00
G1-1 1684 4 1.202735588133e+01 1.418562724725e+01 5.568144659513e+01 8.392201423645e+00 -3.218759536743e+00
G1-1 1685 1 -1.307926894005e+01 -1.479620018293e+01 9.036499323793e+01 6.524882316589e+00 -2.127247333527e+00
G1-1 1685 2 -1.180356037947e+01 -1.347729846356e+01 8.620253629575e+01 3.079100131989e+00 -4.774670302868e-01
G1-1 1685 3 -1.154493592706e+01 -1.242254863135e+01 8.899206658216e+01 4.197916030884e+00 -7.704399228096e-01
G1-1 1685 4 -1.070641043549e+01 -1.625580742797e+01 8.834489454577e+01 8.063453674316e+00 -2.677499532700e+00
G1-1 1686 1 1.451014345822e+01 4.159012078677e+00 5.312787343521e+01 2.334064960480e+00 -4.678980112076e-01
G1-1 1686 2 1.695730933803e+01 2.693389663488e+00 5.522274996225e+01 1.434844732285e+00 8.763687610626e-01
G1-1 1686 3 1.695730933803e+01 6.937215830473e+00 5.544268718738e+01 6.607965946198e+00 -2.221560478210e+00
G1-1 1686 4 1.360320760754e+01 6.937215830473e+00 5.544268718738e+01 7.845709800720e+00 -4.310032367706e+00
G1-1 1687 1 1.499276623026e+01 6.562014149602e+00 3.884183038736e+01 5.191762924194e+00 -1.593667149544e+00
G1-1 1687 2 1.786303754086e+01 7.626553641955e+00 4.007073460147e+01 3.073131561279e+00 -6.838555932045e-01
G1-1 1687 3 1.786303754086e+01 3.453908685327e+00 3.920296171199e+01 4.915535926819e+00 -1.502788662910e+00
G1-1 1687 4 1.786303754086e+01 7.634751750374e+00 3.662144381920e+01 3.926948070526e+00 -1.056181073189e+00
G1-1 1688 1 2.226301423584e+00 1.610227901765e+01 5.707696814780e+01 3.455622196198e+00 8.695112466812e-01
G1-1 1688 2 5.255584743704e-01 1.772905994684e+01 5.424761506567e+01 4.257547855377e+00 -1.366577148438e+00
G1-1 1688 3 5.255584743704e-01 1.605200896372e+01 5.424761506567e+01 3.888618469238e+00 -4.971099197865e-01
G1-1 1688 4 5.255584743704e-01 1.772905994684e+01 5.862944814420e+01 6.650952816010e+00 -2.148693799973e+00
G1-1 1689 1 1.383710932929e+01 6.099879815659e+00 3.425514110168e+01 5.407341003418e+00 -1.666152000427e+00
G1-1 1689 2 1.691264492828e+01 7.274352947898e+00 3.524856865950e+01 3.632936716080e+00 -9.290461540222e-01
G1-1 1689 3 1.404237338191e+01 6.201615347126e+00 3.746895522766e+01 6.645270347595e+00 -2.140727519989e+00
G1-1 1689 4 1.691264492828e+01 3.093509823911e+00 3.783008655229e+01 4.325074195862e+00 -1.261980414391e+00
G1-1 1690 1 -1.118883038977e+01 1.847112585213e+01 4.853621480331e+01 1.306055545807e+00 -6.422744393349e-01
G1-1 1690 2 -1.202735588133e+01 1.847112632365e+01 4.697311846549e+01 1.244593858719e+00 -3.569029271603e-01
G1-1 1690 3 -1.202735588133e+01 1.756867115116e+01 4.853621386026e+01 7.605502605438e-01 6.894966959953e-01
G1-1 1690 4 -1.538145784758e+01 1.847112585213e+01 4.853621480331e+01 4.516988098621e-01 3.704177439213e-01
G1-1 1691 1 -1.519927813948e+01 -6.866525254367e+00 5.134926478237e+01 5.849040031433e+00 -1.894990324974e+00
G1-1 1691 2 -1.791178815384e+01 -5.419903183047e+00 4.887321520514e+01 5.546628952026e+00 -1.786289095879e+00
G1-1 1691 3 -1.791178815384e+01 -8.562947691261e+00 4.703911129079e+01 6.328033447266e+00 -2.079209804535e+00
G1-1 1691 4 -1.791178815384e+01 -8.426956535815e+00 5.121655813576e+01 6.242500782013e+00 -2.041227579117e+00
G1-1 1692 1 1.303223115077e+01 1.661099912748e+01 2.554923295089e+01 4.863984584808e+00 -1.553205370903e+00
G1-1 1692 2 1.661368497719e+01 1.236261369942e+01 2.562923206258e+01 4.245461463928e+00 -1.301994681358e+00
G1-1 1692 3 1.661368497719e+01 1.661099912748e+01 2.795491066832e+01 4.746102333069e+00 -1.522433280945e+00
G1-1 1692 4 1.328187743336e+01 1.393743356259e+01 2.722338243589e+01 4.299983024597e+00 -1.316253542900e+00
G1-1 1693 1 -6.783813728906e+00 1.823176274578e+01 5.775512963292e+01 1.368713378906e+00 2.025955915451e+00
G1-1 1693 2 -6.783813728906e+00 1.823176274578e+01 5.337329749744e+01 3.231823205948e+00 -2.078369379044e+00
G1-1 1693 3 -2.591186271094e+00 1.823176274578e+01 5.337329749744e+01 3.694392919540e+00 -3.242391824722e+00
G1-1 1693 4 -2.591186271094e+00 1.655471176266e+01 5.337329749744e+01 7.706509113312e+00 -4.592609405518e+00
G1-1 1694 1 -6.483218648773e+00 8.686925986100e+00 2.590606335819e+01 6.016426086426e+00 -1.935970664024e+00
G1-1 1694 2 -7.401667262858e+00 1.071773344083e+01 2.331255410049e+01 5.850840091705e+00 -1.892913699150e+00
G1-1 1694 3 -5.416054914537e+00 9.615717366855e+00 2.182548457954e+01 6.194813251495e+00 -2.023392438889e+00
G1-1 1694 4 -9.297807714711e+00 7.923931677897e+00 2.267866865270e+01 5.714964866638e+00 -1.842936754227e+00
G1-1 1695 1 -4.515978871192e+00 1.554639628883e+01 3.583525452966e+01 4.933413982391e+00 -1.455023765564e+00
G1-1 1695 2 -4.522541793486e+00 1.799373186907e+01 3.919993207381e+01 2.571852207184e+00 -3.361471891403e-01
G1-1 1695 3 -2.380080774294e+00 1.799373186907e+01 3.662360284277e+01 4.094974040985e+00 -1.113020777702e+00
G1-1 1695 4 -5.568778572407e+00 1.799373186907e+01 3.533814353716e+01 4.963243484497e+00 -1.477293610573e+00
G1-1 1696 1 1.391184869076e+01 -1.611627370962e+00 3.806352901027e+01 6.030333995819e+00 -1.941759109497e+00
G1-1 1696 2 1.760786728771e+01 -1.498002635640e+00 3.770437586470e+01 5.230912685394e+00 -1.647703170776e+00
G1-1 1696 3 1.760786728771e+01 -5.834585222037e+00 3.518472673354e+01 5.761695384979e+00 -1.867977857590e+00
G1-1 1696 4 1.760786728771e+01 -1.610923380175e+00 3.294046150061e+01 5.172477245331e+00 -1.624218225479e+00
G1-1 1697 1 7.966358861712e+00 8.527848415466e+00 2.346276007299e+01 6.173479557037e+00 -2.007494688034e+00
G1-1 1697 2 9.090249803797e+00 1.144528574125e+01 2.564045570406e+01 4.812389850616e+00 -1.495785236359e+00
G1-1 1697 3 7.709670230158e+00 1.147692578240e+01 2.096649875459e+01 5.681457042694e+00 -1.844874024391e+00
G1-1 1697 4 4.444296208093e+00 1.003863329819e+01 2.483287374046e+01 5.993288040161e+00 -1.934868574142e+00
G1-1 1698 1 2.794939667816e+00 1.748914306763e+01 2.607878777745e+01 4.737174987793e+00 -1.468482375145e+00
G1-1 1698 2 7.060223298643e+00 1.748914306763e+01 2.426244619204e+01 5.456345081329e+00 -1.755904316902e+00
G1-1 1698 3 2.663916221294e+00 1.340892482391e+01 2.512901465648e+01 5.035282135010e+00 -1.579554080963e+00
G1-1 1698 4 3.808545180914e+00 1.748914306763e+01 2.157523744276e+01 4.628297805786e+00 -1.455996870995e+00
G1-1 1699 1 -1.485143468208e+01 1.691932460378e+01 5.669833817636e+01 8.015940785408e-01 3.819804191589e-01
G1-1 1699 2 -1.683992848587e+01 1.831783627964e+01 5.854006689829e+01 6.623163223267e-01 1.110838651657e+00
G1-1 1699 3 -1.264730102806e+01 1.831783627964e+01 5.415823381976e+01 2.391696453094e+00 -2.081723690033e+00
G1-1 1699 4 -1.683992848587e+01 1.831783627964e+01 5.415823476281e+01 1.517247080803e+00 -4.389675855637e-01
G1-1 1700 1 4.339740975543e+00 1.811755855155e+01 3.767216628547e+01 3.502703905106e+00 -8.360390067101e-01
G1-1 1700 2 3.125742451480e+00 1.607093503259e+01 4.012885217591e+01 4.790825843811e+00 -1.335683465004e+00
G1-1 1700 3 3.923749455002e+00 1.811755855155e+01 4.059425232891e+01 2.558002233505e+00 -3.105450272560e-01
G1-1 1700 4 1.788657005963e+00 1.811755855155e+01 3.790998052197e+01 3.707369327545e+00 -9.184225797653e-01
G1-1 1701 1 1.324798506542e+01 -5.930903307967e-01 1.550199513107e+01 5.279812335968e+00 -1.731100678444e+00
G1-1 1701 2 1.745115058010e+01 -2.792447693346e+00 1.145228694956e+01 5.120592594147e+00 -1.702561020851e+00
G1-1 1701 3 1.745115058010e+01 2.152696342489e+00 1.145900236673e+01 4.548335075378e+00 -1.500656485558e+00
G1-1 1701 4 1.745115058010e+01 -3.524077184850e-01 1.567719120724e+01 4.510358333588e+00 -1.451766610146e+00
G1-1 1702 1 -1.046547455142e+01 1.497751382454e+01 1.323105176411e+01 5.776034832001e+00 -1.917632341385e+00
G1-1 1702 2 -1.454131135546e+01 1.785943681841e+01 1.152520143975e+01 4.304112434387e+00 -1.402191996574e+00
G1-1 1702 3 -1.120491177293e+01 1.785943681841e+01 1.472858991311e+01 4.421401023865e+00 -1.422956824303e+00
G1-1 1702 4 -8.333946412743e+00 1.785943681841e+01 1.193667082193e+01 4.531723499298e+00 -1.481033563614e+00
G1-1 1703 1 1.326177940664e+01 7.516731621874e+00 1.231087347843e+00 3.329560279846e+00 -3.830697536469e+00
G1-1 1703 2 1.745440686445e+01 3.324104223002e+00 1.231087347843e+00 4.498794078827e+00 -5.963485717773e+00
G1-1 1703 3 1.745440686445e+01 7.516731621874e+00 1.231087347843e+00 4.844820499420e+00 -7.704013824463e+00
G1-1 1703 4 1.745440686445e+01 5.695876537308e+00 5.214969691701e+00 4.618801116943e+00 -1.526488423347e+00
G1-1 1704 1 1.461641821464e+01 1.154247691787e+01 8.539536745072e+00 6.184391021729e+00 -3.513590097427e+00
G1-1 1704 2 1.777419359022e+01 1.044657144455e+01 3.999544404392e+00 4.826455116272e+00 -1.593494176865e+00
G1-1 1704 3 1.777419359022e+01 1.463919890236e+01 8.418467291494e+00 4.041040897369e+00 -1.296587347984e+00
G1-1 1704 4 1.777419359022e+01 8.625716301042e+00 7.983426748251e+00 5.648372650146e+00 -2.569582462311e+00
G1-1 1705 1 1.461641821464e+01 1.167737386564e+01 1.078756190457e+01 5.119923591614e+00 -1.679293274879e+00
G1-1 1705 2 1.777419359022e+01 1.101800508395e+01 1.352233179516e+01 3.815906763077e+00 -1.193756580353e+00
G1-1 1705 3 1.777419359022e+01 8.760613484571e+00 1.023145190775e+01 4.465904235840e+00 -1.453122496605e+00
G1-1 1705 4 1.777419359022e+01 1.477409608589e+01 1.066649245099e+01 5.307751655579e+00 -1.744378209114e+00
G1-1 1706 1 -1.015563055520e+01 1.426474323623e+01 3.059155599818e+01 4.737727642059e+00 -1.437414407730e+00
G1-1 1706 2 -6.874959065668e+00 1.466610148416e+01 3.257766521714e+01 5.026244163513e+00 -1.523640036583e+00
G1-1 1706 3 -9.098772507639e+00 1.711343706440e+01 2.817501789350e+01 4.484065055847e+00 -1.355108618736e+00
G1-1 1706 4 -7.927758766883e+00 1.711343706440e+01 3.208055375311e+01 4.586712837219e+00 -1.362909674644e+00
G1-1 1707 1 1.493957909016e+01 -8.905619254532e+00 1.346952444696e+01 6.028167724609e+00 -2.129638195038e+00
G1-1 1707 2 1.785048164239e+01 -8.683685483180e+00 1.502174944371e+01 5.313499927521e+00 -1.749565362930e+00
G1-1 1707 3 1.785048164239e+01 -6.449564188279e+00 1.174454382988e+01 3.135652303696e+00 -9.535259008408e-01
G1-1 1707 4 1.785048164239e+01 -4.009524228153e+00 1.596944808755e+01 4.835444450378e+00 -1.569000482559e+00
G1-1 1708 1 6.029019495688e+00 1.465733524241e+01 6.663515136449e+01 6.104001998901e+00 -1.795423746109e+00
G1-1 1708 2 3.402748607406e+00 1.778385290809e+01 6.940530507918e+01 7.099375247955e+00 -2.233092546463e+00
G1-1 1708 3 7.595376124158e+00 1.778385290809e+01 6.940530507918e+01 4.902360916138e+00 -1.352830886841e+00
G1-1 1708 4 7.595376124158e+00 1.778385290809e+01 6.502347370664e+01 3.557792186737e+00 -7.195106148720e-01
G1-1 1709 1 3.514078848615e+00 1.309809734366e+01 6.641992963134e+01 7.353295803070e+00 -2.296985387802e+00
G1-1 1709 2 1.134544693510e+00 1.117881542559e+01 6.849361518210e+01 8.186004638672e+00 -2.583473443985e+00
G1-1 1709 3 8.878081003156e-01 1.622461500934e+01 6.919008523211e+01 6.937712192535e+00 -2.175390005112e+00
G1-1 1709 4 8.878081003156e-01 1.622461500934e+01 6.480825197348e+01 4.916602611542e+00 -1.397837400436e+00
G1-1 1710 1 9.780496296632e+00 -3.593618212321e-01 9.309863017682e+01 6.040550708771e+00 -1.933855891228e+00
G1-1 1710 2 9.875985365926e+00 1.211511513400e+00 8.913978742016e+01 7.311024188995e+00 -2.372179508209e+00
G1-1 1710 3 1.470161452654e+01 2.457595691597e-02 9.232147577094e+01 6.135485172272e+00 -2.022825956345e+00
G1-1 1710 4 1.134751256029e+01 -2.083385967459e+00 8.835611767945e+01 8.587624549866e+00 -2.824975252151e+00
G1-1 1711 1 1.367043999968e+01 1.485775712628e+01 6.790556264340e+01 3.581136226654e+00 -9.035503268242e-01
G1-1 1711 2 1.236850600195e+01 1.783116609686e+01 6.970520755734e+01 4.314213275909e+00 -1.235561490059e+00
G1-1 1711 3 1.656113345976e+01 1.783116609686e+01 6.970520755734e+01 6.750674247742e+00 -2.237462759018e+00
G1-1 1711 4 1.656113345976e+01 1.783116609686e+01 6.532337618480e+01 2.468613147736e+00 -6.766564249992e-01
G1-1 1712 1 1.481092212205e+01 -4.656519478656e+00 2.553317952225e+01 6.041563987732e+00 -1.975509285927e+00
G1-1 1712 2 1.782010985214e+01 -2.377222041359e+00 2.668394282325e+01 5.393625259399e+00 -1.722802281380e+00
G1-1 1712 3 1.782010985214e+01 -6.708071800026e+00 2.457228717592e+01 5.712704181671e+00 -1.864773273468e+00
G1-1 1712 4 1.782010985214e+01 -2.358314597487e+00 2.183108913581e+01 4.455006599426e+00 -1.390127301216e+00
G1-1 1713 1 1.097643276513e+01 1.381698906468e+01 3.077880236060e+01 4.913210391998e+00 -1.525975108147e+00
G1-1 1713 2 8.677923196690e+00 1.389155532308e+01 3.289209613450e+01 4.337231636047e+00 -1.276996254921e+00
G1-1 1713 3 1.233801821619e+01 1.445140142592e+01 3.545989373717e+01 5.674235820770e+00 -1.812075495720e+00
G1-1 1713 4 1.086674905197e+01 1.649055486533e+01 3.295322761942e+01 3.815593004227e+00 -1.105497121811e+00
G1-1 1714 1 1.037031087510e+01 1.107461572896e+01 6.844207305957e+01 8.614235877991e+00 -2.771953344345e+00
G1-1 1714 2 7.502020189963e+00 1.092150703386e+01 7.166057502954e+01 8.621988296509e+00 -2.756304264069e+00
G1-1 1714 3 7.502020189963e+00 1.092150703386e+01 6.747156425883e+01 6.818803310394e+00 -1.988324403763e+00
G1-1 1714 4 9.906902368935e+00 8.058557051012e+00 6.894737731270e+01 8.595643997192e+00 -2.810625314713e+00
G1-1 1715 1 -1.473404540155e+01 -5.261244504156e+00 3.550688746445e+01 5.902544498444e+00 -1.915818452835e+00
G1-1 1715 2 -1.780196183809e+01 -2.375406255125e+00 3.676950440081e+01 5.100684165955e+00 -1.607918024063e+00
G1-1 1715 3 -1.780196183809e+01 -2.562932038913e+00 3.212829894138e+01 5.055323600769e+00 -1.595242738724e+00
G1-1 1715 4 -1.780196183809e+01 -6.698437268127e+00 3.454049237512e+01 6.007998466492e+00 -1.965949773788e+00
G1-1 1716 1 1.367043999968e+01 1.367992421514e+01 7.000288838008e+01 6.410078525543e+00 -2.045038938522e+00
G1-1 1716 2 1.656113345976e+01 1.284178531980e+01 7.420779057633e+01 4.642508506775e+00 -1.448878645897e+00
G1-1 1716 3 1.656113345976e+01 1.665333294997e+01 7.180253329402e+01 4.084708690643e+00 -1.228141784668e+00
G1-1 1716 4 1.236850600195e+01 1.665333294997e+01 7.180253329402e+01 4.512089252472e+00 -1.296957135201e+00
G1-1 1717 1 8.620205843936e+00 1.347950233127e+01 7.557002175286e+01 5.082755565643e+00 -1.459893703461e+00
G1-1 1717 2 1.437918987128e+01 1.279447213103e+01 7.655642197914e+01 6.248659133911e+00 -2.023204565048e+00
G1-1 1717 3 1.018656241347e+01 1.660601976119e+01 7.415116658292e+01 4.467042922974e+00 -1.236225724220e+00
G1-1 1717 4 1.018656241347e+01 1.660601976119e+01 7.853299759525e+01 3.666378259659e+00 -9.019047021866e-01
G1-1 1718 1 1.202523194354e+01 1.210515217867e+01 5.942927128282e+00 2.572151422501e+00 -7.323107719421e-01
G1-1 1718 2 1.099037986131e+01 1.100924670534e+01 1.402934787602e+00 3.421216487885e+00 -4.474225044250e+00
G1-1 1718 3 1.099037986131e+01 1.520187416315e+01 1.402934787602e+00 3.981216192245e+00 -4.347884178162e+00
G1-1 1718 4 1.518300731912e+01 1.100924670534e+01 1.402934787602e+00 3.972038269043e+00 -4.438205242157e+00
G1-1 1719 1 5.013170667782e+00 -1.292988007020e+01 5.674083410043e+01 4.246697425842e+00 -1.208672523499e+00
G1-1 1719 2 7.355566686968e+00 -1.737605605936e+01 5.288883562588e+01 3.135850429535e+00 -7.876861691475e-01
G1-1 1719 3 7.355566686968e+00 -1.737605605936e+01 5.727066776136e+01 2.803538322449e+00 -5.716509222984e-01
G1-1 1719 4 3.162939229156e+00 -1.737605605936e+01 5.727066776136e+01 3.761122226715e+00 -9.952008128166e-01
G1-1 1720 1 1.550926121742e+01 -1.428497277540e+01 4.395942212302e+00 6.512077808380e+00 -3.593284845352e+00
G1-1 1720 2 1.798496523211e+01 -1.251357762930e+01 2.072151659853e+00 6.055459022522e+00 -4.261267185211e+00
G1-1 1720 3 1.798496523211e+01 -1.670620508711e+01 6.453984738378e+00 1.397744417191e+00 8.732380867004e-01
G1-1 1720 4 1.798496523211e+01 -1.670620508711e+01 2.072151659853e+00 7.278920650482e+00 -5.442374706268e+00
G1-1 1721 1 -2.395258912856e+00 1.649558910849e+01 8.998785401251e+01 3.392630815506e+00 -7.811816334724e-01
G1-1 1721 2 -6.587886370668e+00 1.649558910849e+01 8.998785401251e+01 3.500173091888e+00 -8.667563796043e-01
G1-1 1721 3 -4.164304256067e+00 1.363141967788e+01 8.562031044009e+01 4.757952690125e+00 -1.353672623634e+00
G1-1 1721 4 -4.184806777547e+00 1.206433238010e+01 9.039547170823e+01 4.798057556152e+00 -1.409437417984e+00
G1-1 1722 1 1.199470102231e+01 1.677290439044e+01 1.760366462271e+01 4.972630500793e+00 -1.609478473663e+00
G1-1 1722 2 1.048499346879e+01 1.413097886670e+01 1.813931521919e+01 5.161437511444e+00 -1.675252676010e+00
G1-1 1722 3 1.519738046838e+01 1.301681338850e+01 1.756279397106e+01 4.742523193359e+00 -1.528877258301e+00
G1-1 1722 4 1.161592640619e+01 1.677290439044e+01 2.113912174062e+01 5.000947952271e+00 -1.611203789711e+00
G1-1 1723 1 1.509845749848e+01 8.441795388102e+00 1.660373019111e+01 4.590388298035e+00 -1.471792697906e+00
G1-1 1723 2 1.194068235866e+01 9.101164051915e+00 1.386896006476e+01 5.008740425110e+00 -1.638904571533e+00
G1-1 1723 3 1.089529198380e+01 3.438617277525e+00 1.735584306804e+01 5.890532970428e+00 -1.939280509949e+00
G1-1 1723 4 1.064275913044e+01 6.606883322550e+00 1.967651275764e+01 5.662221431732e+00 -1.842041969299e+00
G1-1 1724 1 -1.383896337901e+01 5.782189453584e+00 2.446288738751e+01 5.179187297821e+00 -1.635486841202e+00
G1-1 1724 2 -1.386257657245e+01 5.846183063906e+00 2.888434024960e+01 4.996986865997e+00 -1.539992451668e+00
G1-1 1724 3 -1.687866050904e+01 7.081991456151e+00 2.562333385642e+01 3.989420175552e+00 -1.167763829231e+00
G1-1 1724 4 -1.687866050904e+01 2.736152730919e+00 2.766293383728e+01 4.515666007996e+00 -1.369579195976e+00
G1-1 1725 1 -7.052890131027e+00 9.062695212634e+00 6.401800892828e+01 8.651069641113e+00 -2.699126482010e+00
G1-1 1725 2 -1.040699385094e+01 7.625222240712e+00 6.650778256782e+01 8.672097206116e+00 -2.590567827225e+00
G1-1 1725 3 -1.103307224223e+01 1.137119862889e+01 6.556960028688e+01 5.114067077637e+00 -1.258763074875e+00
G1-1 1725 4 -1.040699385094e+01 9.781430621098e+00 6.277312246873e+01 8.691429138184e+00 -2.617493629456e+00
G1-1 1726 1 1.581480807784e+01 -5.253175563617e+00 6.114472380216e+00 4.758152961731e+00 -2.725260496140e+00
G1-1 1726 2 1.050895494853e+01 -4.585832121045e+00 5.076603028673e+00 3.761852979660e+00 -2.784444808960e+00
G1-1 1726 3 1.162218062003e+01 -2.679803842087e+00 2.137305217766e+00 2.883299112320e+00 -3.036596536636e+00
G1-1 1726 4 1.581480807784e+01 -6.872431358840e+00 2.137305217766e+00 4.294031143188e+00 -3.422173023224e+00
G1-1 1727 1 2.119085146722e+00 1.396795529260e+01 5.593715971383e+01 8.644937515259e+00 -2.712202072144e+00
G1-1 1727 2 2.761060861010e+00 1.209429320087e+01 5.180764685784e+01 7.222929477692e+00 -5.559344291687e+00
G1-1 1727 3 -2.271335780521e+00 1.218836308182e+01 5.510129991307e+01 8.532461166382e+00 -2.943287372589e+00
G1-1 1727 4 4.183421680381e-01 1.391768523867e+01 5.310780663171e+01 7.328963279724e+00 -5.349539756775e+00
G1-1 1728 1 1.551188732136e+01 8.337578777323e+00 4.701525923227e+01 5.771372318268e+00 -1.885182857513e+00
G1-1 1728 2 1.798558528904e+01 9.056773639989e+00 4.434390590275e+01 2.753253459930e+00 -6.549223661423e-01
G1-1 1728 3 1.798558528904e+01 1.115249368630e+01 4.706764925271e+01 4.060235023499e+00 -1.275470256805e+00
G1-1 1728 4 1.798558528904e+01 7.079552459777e+00 4.723110721261e+01 3.058803796768e+00 -8.500440716743e-01
G1-1 1729 1 1.771352549156e+01 -7.539317828857e+00 7.528085646723e+01 6.228716850281e+00 -2.044938564301e+00
G1-1 1729 2 1.771352549156e+01 -5.363273585453e+00 7.898127669487e+01 3.617768764496e+00 -1.095669031143e+00
G1-1 1729 3 1.771352549156e+01 -3.207064580566e+00 7.524661394675e+01 3.536568164825e+00 -1.001720428467e+00
G1-1 1729 4 1.435942352531e+01 -5.363273172871e+00 7.898127669487e+01 3.485654830933e+00 -7.169634103775e-01
G1-1 1730 1 4.910701377669e+00 1.297590788149e+01 9.465038067773e+01 4.175025939941e+00 -1.176399707794e+00
G1-1 1730 2 3.138749511083e+00 1.738692163380e+01 9.847399686860e+01 3.756113052368e+00 -1.024883747101e+00
G1-1 1730 3 7.331376998365e+00 1.738692163380e+01 9.847399686860e+01 3.294045686722e+00 -8.486922979355e-01
G1-1 1730 4 7.331376998365e+00 1.738692163380e+01 9.409216208409e+01 3.108408212662e+00 -7.297846078873e-01
G1-1 1731 1 7.434405881711e+00 1.462525139423e+01 8.525312457286e+01 4.426296234131e+00 -1.235878348351e+00
G1-1 1731 2 6.937397584715e+00 1.777627893894e+01 8.335429713323e+01 4.605472564697e+00 -1.314775943756e+00
G1-1 1731 3 2.744770244784e+00 1.777627893894e+01 8.335429713323e+01 3.597586631775e+00 -8.254626989365e-01
G1-1 1731 4 2.744770244784e+00 1.777627893894e+01 8.773612661968e+01 3.025271177292e+00 -5.744563937187e-01
G1-1 1732 1 -1.283184478734e+01 1.189545724436e+01 6.416968786185e+00 4.693689823151e+00 -2.354100942612e+00
G1-1 1732 2 -1.132515616409e+01 1.119179897309e+01 1.003522155084e+01 5.413681983948e+00 -2.050751686096e+00
G1-1 1732 3 -1.540099320390e+01 8.193784279735e+00 7.933630476824e+00 4.892595291138e+00 -1.988828659058e+00
G1-1 1732 4 -1.120836574609e+01 9.881094627026e+00 3.910448221493e+00 3.903722763062e+00 -3.649757862091e+00
G1-1 1733 1 1.023522312592e+01 -2.043846199964e+00 9.401053651476e+01 8.422739028931e+00 -3.155274629593e+00
G1-1 1733 2 1.180223962534e+01 -3.767870169370e+00 8.926802590348e+01 8.587594032288e+00 -2.825015306473e+00
G1-1 1733 3 1.515634159159e+01 -1.659908421816e+00 9.323338210888e+01 6.633200645447e+00 -2.201156616211e+00
G1-1 1733 4 1.180223962534e+01 -5.924078572269e+00 9.300268865160e+01 8.578477859497e+00 -2.843944072723e+00
G1-1 1734 1 1.745440686445e+01 1.376061891432e+01 7.747203121673e+01 5.433332920074e+00 -1.758820533752e+00
G1-1 1734 2 1.745440686445e+01 1.757216678025e+01 7.506677582051e+01 5.033440113068e+00 -1.615820050240e+00
G1-1 1734 3 1.326177940664e+01 1.757216678025e+01 7.944860871893e+01 3.866809844971e+00 -1.090860962868e+00
G1-1 1734 4 1.745440686445e+01 1.757216678025e+01 7.944860871893e+01 5.775736331940e+00 -1.884727001190e+00
G1-1 1735 1 5.521712180181e+00 -1.477094618161e+01 7.630074512688e+01 5.268957138062e+00 -1.495921015739e+00
G1-1 1735 2 3.282989595463e+00 -1.781067293061e+01 7.685826767885e+01 5.909874916077e+00 -1.785463213921e+00
G1-1 1735 3 7.475616994335e+00 -1.781067293061e+01 7.247643289434e+01 3.044400691986e+00 -4.686329662800e-01
G1-1 1735 4 7.475616994335e+00 -1.781067293061e+01 7.685826767885e+01 3.956768274307e+00 -9.599077701569e-01
G1-1 1736 1 4.805536424379e+00 -1.460957682541e+01 2.249889368914e+01 4.547402858734e+00 -1.474551200867e+00
G1-1 1736 2 2.124178348881e+00 -1.777257867518e+01 2.131580748168e+01 4.163707256317e+00 -1.353044271469e+00
G1-1 1736 3 6.316805806693e+00 -1.777257867518e+01 2.131580748168e+01 3.711926698685e+00 -1.177243232727e+00
G1-1 1736 4 2.124178348881e+00 -1.777257867518e+01 2.569763923569e+01 3.791568756104e+00 -1.197898507118e+00
G1-1 1737 1 6.029019495688e+00 1.465733524241e+01 7.618081655727e+01 4.506950378418e+00 -1.178134918213e+00
G1-1 1737 2 7.595376124158e+00 1.778385290809e+01 7.914379428575e+01 4.329181671143e+00 -1.163887977600e+00
G1-1 1737 3 7.595376124158e+00 1.778385290809e+01 7.476196138733e+01 3.767201423645e+00 -8.586349487305e-01
G1-1 1737 4 3.402748607406e+00 1.778385290809e+01 7.914379428575e+01 5.654656410217e+00 -1.691901445389e+00
G1-1 1738 1 1.745440686445e+01 -1.823176274578e+01 9.662670012369e+01 6.493200659752e-01 1.822491884232e-01
G1-1 1738 2 1.326177940664e+01 -1.823176274578e+01 9.662670012369e+01 4.168331921101e-01 -6.356827914715e-02
G1-1 1738 3 1.745440686445e+01 -1.655471176266e+01 9.662670012369e+01 4.341095089912e-01 5.932378768921e-02
G1-1 1738 4 1.745440686445e+01 -1.823176274578e+01 9.224487063724e+01 5.470239520073e-01 1.348782181740e-01
G1-1 1739 1 1.222530489820e+01 -1.771352549156e+01 9.662670012369e+01 2.436282634735e+00 -1.152345061302e+00
G1-1 1739 2 1.641793235602e+01 -1.603647450844e+01 9.662670012369e+01 1.487946867943e+00 -4.430638551712e-01
G1-1 1739 3 1.641793235602e+01 -1.771352549156e+01 9.224487063724e+01 2.360279560089e+00 -2.104709148407e+00
G1-1 1739 4 1.306383038977e+01 -1.603647450844e+01 9.662670012369e+01 1.745390415192e+00 3.302339792252e+00
G1-1 1740 1 -1.340237450175e+01 -1.511288377502e+01 8.267018242516e+01 3.088690280914e+00 -6.817195415497e-01
G1-1 1740 2 -1.230522432201e+01 -1.789139321096e+01 8.043070741655e+01 5.666078567505e+00 -1.775143504143e+00
G1-1 1740 3 -1.649785177983e+01 -1.789139321096e+01 8.481253878909e+01 1.657327771187e+00 -2.869257032871e-01
G1-1 1740 4 -1.649785177983e+01 -1.789139321096e+01 8.043070741655e+01 6.848370552063e+00 -2.299955129623e+00
G1-1 1741 1 8.338525491562e+00 -1.823176274578e+01 9.224487063724e+01 1.568479299545e+00 8.679850101471e-01
G1-1 1741 2 8.338525491562e+00 -1.823176274578e+01 9.662670012369e+01 1.742105364799e+00 -8.450939655304e-01
G1-1 1741 3 9.177050983125e+00 -1.655471176266e+01 9.662670012369e+01 4.193065643311e+00 -3.101375818253e+00
G1-1 1741 4 4.145898033750e+00 -1.823176274578e+01 9.662670012369e+01 1.446511626244e+00 -3.679252564907e-01
G1-1 1742 1 1.645674848662e+01 -1.173220818257e+01 1.154063594557e+02 6.009173393250e+00 -1.908277153969e+00
G1-1 1742 2 1.459506050922e+01 -1.360557703570e+01 1.129878193782e+02 4.609790802002e+00 -1.383596658707e+00
G1-1 1742 3 1.392727676834e+01 -1.597880550313e+01 1.155270559716e+02 3.611747741699e+00 -1.026926875114e+00
G1-1 1742 4 1.342679039549e+01 -1.363085972569e+01 1.160002877165e+02 5.403794288635e+00 -1.690499305725e+00
G1-1 1743 1 7.042932356015e+00 -1.771352549156e+01 9.224487063724e+01 3.172076940536e+00 -6.654745340347e-01
G1-1 1743 2 7.881457847578e+00 -1.603647450844e+01 9.662670012369e+01 8.117038726807e+00 -3.767417907715e+00
G1-1 1743 3 2.850304898203e+00 -1.603647450844e+01 9.662670012369e+01 7.804650783539e+00 -4.394299507141e+00
G1-1 1743 4 2.850304898203e+00 -1.771352549156e+01 9.662670012369e+01 2.532114982605e+00 -1.801225066185e+00
G1-1 1744 1 -4.808156126190e+00 -1.493551910505e+01 2.445969252083e+01 4.261156082153e+00 -1.366503000259e+00
G1-1 1744 2 -6.317424175460e+00 -1.784952332780e+01 2.719493155715e+01 4.211242675781e+00 -1.350611567497e+00
G1-1 1744 3 -2.124796776589e+00 -1.784952332780e+01 2.281309886010e+01 3.719018697739e+00 -1.185752511024e+00
G1-1 1744 4 -2.124796776589e+00 -1.784952332780e+01 2.719493155715e+01 3.321836233139e+00 -1.008287906647e+00
G1-1 1745 1 -1.162275064413e+01 -1.414673699173e+01 8.087767112166e+01 4.556265354156e+00 -1.266142368317e+00
G1-1 1745 2 -1.471822792220e+01 -1.692524619190e+01 7.863819611305e+01 4.362272262573e+00 -1.316313743591e+00
G1-1 1745 3 -8.959243894857e+00 -1.379872876198e+01 7.721933905702e+01 6.535336971283e+00 -2.011514663696e+00
G1-1 1745 4 -1.052560046439e+01 -1.692524619190e+01 7.863819611305e+01 4.325185775757e+00 -1.150532841682e+00
G1-1 1746 1 -9.177050983125e+00 -1.655471176266e+01 9.527264099755e+01 8.379311561584e+00 -3.242516756058e+00
G1-1 1746 2 -4.145898033750e+00 -1.823176274578e+01 9.089080962501e+01 2.436914443970e+00 -1.713364720345e-01
G1-1 1746 3 -8.338525491562e+00 -1.823176274578e+01 9.527264099755e+01 3.292833566666e+00 -1.087095737457e+00
G1-1 1746 4 -8.338525491562e+00 -1.823176274578e+01 9.089080962501e+01 1.952152967453e+00 1.470987219363e-02
G1-1 1747 1 -1.533141746884e+01 -1.395202753290e+01 9.258106651499e+01 1.523460984230e+00 -1.006589680910e-01
G1-1 1747 2 -1.715118618633e+01 -1.157837621709e+01 9.120813797312e+01 4.243205070496e+00 -1.659872531891e+00
G1-1 1747 3 -1.715118618633e+01 -1.373458403058e+01 9.494279730927e+01 1.570923447609e+00 -4.883030056953e-01
G1-1 1747 4 -1.379708422008e+01 -1.157837598133e+01 9.120813797312e+01 3.343684911728e+00 -3.913821280003e-01
G1-1 1748 1 1.261677811528e+01 1.344741848310e+01 8.328826817338e+01 5.629830837250e+00 -1.776540040970e+00
G1-1 1748 2 1.631239751186e+01 1.278689816188e+01 7.941286134546e+01 4.024805545807e+00 -1.205036878586e+00
G1-1 1748 3 1.211977005405e+01 1.659844579204e+01 8.138944073375e+01 5.798067092896e+00 -1.835128784180e+00
G1-1 1748 4 1.631239751186e+01 1.659844579204e+01 8.138944073375e+01 5.060087203979e+00 -1.603904128075e+00
G1-1 1749 1 1.408227539412e+01 -9.245881599989e+00 4.169503442442e+01 5.670116901398e+00 -1.841216087341e+00
G1-1 1749 2 1.246572715058e+01 -1.464332306508e+01 3.975210746608e+01 4.607362270355e+00 -1.465275764465e+00
G1-1 1749 3 1.665835460839e+01 -1.063396932920e+01 3.752396643552e+01 5.782060623169e+00 -1.893122673035e+00
G1-1 1749 4 1.665835460839e+01 -1.076063204363e+01 4.184887839883e+01 5.729995727539e+00 -1.871615409851e+00
G1-1 1750 1 5.962473199139e-01 1.526141570022e+01 1.374319546746e+01 4.687826156616e+00 -1.526600241661e+00
G1-1 1750 2 1.095755950413e+00 1.792645707789e+01 1.657822544870e+01 5.706523895264e+00 -1.885278224945e+00
G1-1 1750 3 -2.634256817135e+00 1.792645707789e+01 1.324473646643e+01 5.166632652283e+00 -1.708773374557e+00
G1-1 1750 4 -2.360048813727e+00 1.792645707789e+01 1.732060847892e+01 5.121137619019e+00 -1.673435091972e+00
G1-1 1751 1 -3.611303553631e+00 1.500075323193e+01 8.414028928431e+01 4.680682182312e+00 -1.306004405022e+00
G1-1 1751 2 -6.034885668231e+00 1.786492289832e+01 8.850783285672e+01 4.293986320496e+00 -1.203617572784e+00
G1-1 1751 3 -1.842258210419e+00 1.786492289832e+01 8.850783285672e+01 3.484621763229e+00 -8.103567957878e-01
G1-1 1751 4 -1.842258210419e+00 1.786492289832e+01 8.412600148418e+01 3.130491495132e+00 -5.574333667755e-01
G1-1 1752 1 2.398381373866e+00 -4.455582661710e+00 6.941415958135e+01 8.613035202026e+00 -2.774383068085e+00
G1-1 1752 2 6.090864043805e+00 -4.162503852037e+00 6.948242284433e+01 8.599763870239e+00 -2.801393747330e+00
G1-1 1752 3 5.117370597415e+00 -2.298962578337e-01 6.956841469802e+01 8.682291030884e+00 -2.635623216629e+00
G1-1 1752 4 4.127908750524e+00 -2.530828063304e+00 7.271772687533e+01 8.667452812195e+00 -2.665331363678e+00
G1-1 1753 1 -1.695956587396e+01 8.418525535872e+00 7.551259211383e+01 7.656529426575e+00 -3.041304111481e+00
G1-1 1753 2 -1.695956587396e+01 6.239313483938e+00 7.182795565460e+01 5.132527351379e+00 -1.700572729111e+00
G1-1 1753 3 -1.451970079976e+01 9.071073982350e+00 7.446248019116e+01 6.832861900330e+00 -2.252608299255e+00
G1-1 1753 4 -1.360546390771e+01 4.083104891632e+00 7.556261840272e+01 1.822519302368e+00 7.963538765907e-01
G1-1 1754 1 -1.636789197727e+01 -1.632111128537e+01 9.353515190890e+01 5.227093696594e-01 5.425958633423e-01
G1-1 1754 2 -1.818766069477e+01 -1.778071900193e+01 9.589688458928e+01 1.197593688965e+00 -2.921559475362e-02
G1-1 1754 3 -1.818766069477e+01 -1.610366801881e+01 9.589688458928e+01 1.846847772598e+00 -1.131620645523e+00
G1-1 1754 4 -1.818766069477e+01 -1.778071900193e+01 9.151505321674e+01 5.336947441101e-01 1.297307610512e-01
G1-1 1755 1 1.550926121742e+01 -1.248900186764e+01 5.624954418542e+00 5.514444351196e+00 -2.601394414902e+00
G1-1 1755 2 1.798496523211e+01 -1.071760695730e+01 3.301163866093e+00 5.104840755463e+00 -2.441705465317e+00
G1-1 1755 3 1.798496523211e+01 -9.098350985258e+00 7.278330910662e+00 5.821727752686e+00 -2.011770963669e+00
G1-1 1755 4 1.798496523211e+01 -1.491023441511e+01 7.682996826737e+00 3.506521940231e+00 -1.094421744347e+00
G1-1 1756 1 -4.933734838222e+00 1.294940917317e+01 9.309917889357e+01 4.262506484985e+00 -1.214251995087e+00
G1-1 1756 2 -7.336814431343e+00 1.738066613733e+01 9.707339786845e+01 3.395330429077e+00 -8.911876082420e-01
G1-1 1756 3 -3.144186973531e+00 1.738066613733e+01 9.269156119785e+01 3.810585498810e+00 -1.014729380608e+00
G1-1 1756 4 -7.336814431343e+00 1.738066613733e+01 9.269156119785e+01 3.097063779831e+00 -7.099093198776e-01
G1-1 1757 1 -1.771899575612e+01 1.389006521007e+01 1.599617499259e+01 4.695485591888e+00 -1.518341302872e+00
G1-1 1757 2 -1.438259593782e+01 1.760272502336e+01 1.632737823149e+01 4.478577136993e+00 -1.436125397682e+00
G1-1 1757 3 -1.771899575612e+01 1.760272502336e+01 1.312398975813e+01 3.474702119827e+00 -1.089990377426e+00
G1-1 1757 4 -1.771899575612e+01 1.760272502336e+01 1.754291264523e+01 4.642900466919e+00 -1.501744985580e+00
G1-1 1758 1 -1.552965774351e+01 9.251475238765e+00 4.906966453491e+01 6.689107894897e+00 -2.694859504700e+00
G1-1 1758 2 -1.719798413127e+01 1.015923811044e+01 5.277332537012e+01 3.684942483902e+00 -1.100224256516e+00
G1-1 1758 3 -1.384388216502e+01 1.231544658620e+01 4.903866167896e+01 4.290274620056e+00 -1.300478696823e+00
G1-1 1758 4 -1.719798413127e+01 1.231544658620e+01 4.903866167896e+01 3.868769645691e+00 -1.191979885101e+00
G1-1 1759 1 1.068320278965e+01 8.450278534115e+00 4.683046380323e+01 7.690091609955e+00 -2.532297611237e+00
G1-1 1759 2 7.114364505197e+00 9.920958825067e+00 4.743604811290e+01 8.590232849121e+00 -2.820824861526e+00
G1-1 1759 3 8.855407605908e+00 1.076515617065e+01 4.411616819532e+01 6.013682365417e+00 -1.844483256340e+00
G1-1 1759 4 7.874979391547e+00 7.305506532731e+00 4.593804437585e+01 8.497901916504e+00 -3.005817174911e+00
G1-1 1760 1 1.326177940664e+01 -1.755018249047e+01 4.693019646383e+01 3.825634479523e+00 -1.164909243584e+00
G1-1 1760 2 1.745440686445e+01 -1.755018249047e+01 4.254836509129e+01 6.503282070160e+00 -2.167039155960e+00
G1-1 1760 3 1.745440686445e+01 -1.366749146903e+01 4.464513602403e+01 6.702098369598e+00 -2.225690364838e+00
G1-1 1760 4 1.745440686445e+01 -1.755018249047e+01 4.693019646383e+01 6.695581436157e+00 -2.230227470398e+00
G1-1 1761 1 -1.449318323508e+01 8.585170330650e+00 5.022374002680e+01 4.068285465240e+00 -1.258841514587e+00
G1-1 1761 2 -1.280740765659e+01 9.492933202329e+00 5.392739991897e+01 8.065634727478e+00 -3.869454622269e+00
G1-1 1761 3 -1.280740765659e+01 1.164914167808e+01 5.019273622780e+01 8.576251983643e+00 -2.844559669495e+00
G1-1 1761 4 -1.616150962284e+01 9.492933202329e+00 5.392739991897e+01 4.401738643646e+00 -1.385484576225e+00
G1-1 1762 1 -1.455396736745e+01 -9.104979183121e+00 7.388763797617e+01 5.457347869873e+00 -1.718599677086e+00
G1-1 1762 2 -8.794983340112e+00 -9.792457661825e+00 7.487648458420e+01 6.007623195648e+00 -1.776493906975e+00
G1-1 1762 3 -1.008840627664e+01 -6.979364317780e+00 7.206654731144e+01 6.074873924255e+00 -1.819029569626e+00
G1-1 1762 4 -1.119986540120e+01 -6.929507678980e+00 7.758968230104e+01 8.058512687683e+00 -2.567985773087e+00
G1-1 1763 1 -4.382396752387e+00 -1.153213306599e+01 8.803891260640e+01 8.587976455688e+00 -2.610266208649e+00
G1-1 1763 2 -4.460204572035e+00 -1.201819173736e+01 9.120992831827e+01 8.675348281860e+00 -2.650155782700e+00
G1-1 1763 3 -6.682134629653e+00 -1.608584900808e+01 8.873338135651e+01 5.634332656860e+00 -1.700368881226e+00
G1-1 1763 4 -2.489507171841e+00 -1.608584900808e+01 8.873338135651e+01 5.792568206787e+00 -1.754367470741e+00
G1-1 1764 1 -1.429494296040e+01 -1.461833215492e+01 9.373513971806e+01 4.920318603516e+00 -1.518537282944e+00
G1-1 1764 2 -1.611471167789e+01 -1.440088865260e+01 9.609687051235e+01 1.700307488441e+00 -2.677177786827e-01
G1-1 1764 3 -1.276060971165e+01 -1.440088888836e+01 9.609687051235e+01 8.615293502808e+00 -2.770634412766e+00
G1-1 1764 4 -1.276060971165e+01 -1.224468083910e+01 9.236221117620e+01 7.912462234497e+00 -2.378333330154e+00
G1-1 1765 1 1.241169181513e+01 1.036335425335e+01 9.664958974089e+01 5.578604221344e+00 -1.794065594673e+00
G1-1 1765 2 1.527423823728e+01 1.183962270971e+01 9.660715167097e+01 5.541485786438e+00 -1.788272619247e+00
G1-1 1765 3 1.108161077946e+01 1.582852875137e+01 9.411744133297e+01 4.572658061981e+00 -1.402162909508e+00
G1-1 1765 4 1.108161077946e+01 1.582852875137e+01 9.849927611748e+01 4.793816566467e+00 -1.502492666245e+00
G1-1 1766 1 -1.541133658403e+01 -1.479620018293e+01 9.036499323793e+01 1.727209091187e+00 -2.688672840595e-01
G1-1 1766 2 -1.723110553729e+01 -1.242254863135e+01 8.899206658216e+01 2.619512796402e+00 -8.075610995293e-01
G1-1 1766 3 -1.413562802346e+01 -1.347729846356e+01 8.620253629575e+01 5.635847568512e+00 -1.807161450386e+00
G1-1 1766 4 -1.723110553729e+01 -1.625580742797e+01 8.834489454577e+01 1.425109028816e+00 -3.069901168346e-01
G1-1 1767 1 1.222530489820e+01 1.847112585213e+01 4.853621509473e+01 6.504226326942e-01 6.117147952318e-02
G1-1 1767 2 1.641793235602e+01 1.847112632365e+01 4.853621509473e+01 5.180870890617e-01 6.591836214066e-01
G1-1 1767 3 1.641793235602e+01 1.756867115116e+01 4.853621509473e+01 3.845252990723e-01 1.960552930832e-01
G1-1 1767 4 1.306383038977e+01 1.847112585213e+01 4.697311969995e+01 2.996311664581e+00 -1.667491316795e+00
G1-1 1768 1 -3.464352314886e+00 1.491461465997e+01 7.473751458691e+01 5.563990592957e+00 -1.616224408150e+00
G1-1 1768 2 -1.807567728698e+00 1.784458822197e+01 7.880307690869e+01 4.139786720276e+00 -1.017686009407e+00
G1-1 1768 3 -1.807567728698e+00 1.784458822197e+01 7.442124401027e+01 3.767386674881e+00 -8.171924352646e-01
G1-1 1768 4 -6.000195245450e+00 1.784458822197e+01 7.880307690869e+01 5.543448448181e+00 -1.653474092484e+00
G1-1 1769 1 -5.205022146340e+00 -1.204984084657e+01 1.065934680909e+02 4.873033523560e+00 -1.313753008842e+00
G1-1 1769 2 -8.575498199311e+00 -1.373299522493e+01 1.036904250092e+02 6.353881835938e+00 -1.940032243729e+00
G1-1 1769 3 -6.168512754723e+00 -1.262704107652e+01 1.032411418744e+02 5.802839279175e+00 -1.615913867950e+00
G1-1 1769 4 -5.698090188734e+00 -1.588920350995e+01 1.063025056139e+02 5.612111091614e+00 -1.723002076149e+00
G1-1 1770 1 3.849342930966e+00 -5.856379607927e+00 8.902125395942e+01 8.638923645020e+00 -2.722910165787e+00
G1-1 1770 2 4.071629568916e+00 -9.204078470046e+00 9.078717497216e+01 8.641983985901e+00 -2.718200683594e+00
G1-1 1770 3 -4.213386774738e-01 -8.034410302036e+00 8.766124313204e+01 8.703429222107e+00 -2.593695163727e+00
G1-1 1770 4 3.148608603510e+00 -7.317392915310e+00 8.651310534116e+01 8.710766792297e+00 -2.579243898392e+00
G1-1 1771 1 7.157368492080e+00 1.847112585213e+01 4.470253550420e+01 6.109491825104e+00 -1.975798726082e+00
G1-1 1771 2 1.008591168146e+01 1.756867115116e+01 4.763120494174e+01 2.863263368607e+00 -5.330099463463e-01
G1-1 1771 3 1.008591168146e+01 1.847112632365e+01 4.606810954696e+01 6.553389072418e+00 -2.167561769485e+00
G1-1 1771 4 9.247386189896e+00 1.847112585213e+01 4.763120588479e+01 2.136842966080e+00 -4.197212755680e-01
G1-1 1772 1 4.307063748184e+00 1.819225155855e+01 4.518555821920e+01 3.604703426361e+00 -9.879732131958e-01
G1-1 1772 2 7.235606819682e+00 1.728979685758e+01 4.811422859979e+01 4.603971004486e+00 -1.246801853180e+00
G1-1 1772 3 2.204453929247e+00 1.819225155855e+01 4.811422859979e+01 1.168008446693e+00 3.296462595463e-01
G1-1 1772 4 2.204453929247e+00 1.728979685758e+01 4.811422859979e+01 3.469376087189e+00 -8.370868563652e-01
G1-1 1773 1 1.745440686445e+01 1.350687905960e+01 1.164344649020e+02 6.992738246918e+00 -2.339193820953e+00
G1-1 1773 2 1.745440686445e+01 1.751226704381e+01 1.142048167242e+02 6.702534675598e+00 -2.232209205627e+00
G1-1 1773 3 1.326177940664e+01 1.751226704381e+01 1.185866496227e+02 5.530666828156e+00 -1.812566280365e+00
G1-1 1773 4 1.745440686445e+01 1.751226704381e+01 1.185866496227e+02 6.689112186432e+00 -2.227765798569e+00
G1-1 1774 1 -1.354652189813e+01 1.482157886971e+01 8.641587061281e+01 4.288925170898e+00 -1.269732356071e+00
G1-1 1774 2 -1.653188024627e+01 1.782262545112e+01 8.362878329618e+01 6.205918312073e+00 -2.033019304276e+00
G1-1 1774 3 -1.653188024627e+01 1.782262545112e+01 8.801061278263e+01 6.704083442688e+00 -2.209619998932e+00
G1-1 1774 4 -1.233925278846e+01 1.782262545112e+01 8.362878329618e+01 3.240970611572e+00 -7.960696220398e-01
G1-1 1775 1 -1.036738266410e+01 1.690236660200e+01 4.743971867834e+01 1.410892605782e+00 1.457942247391e+00
G1-1 1775 2 -7.511173216666e+00 1.780482130297e+01 4.440310477881e+01 2.986836910248e+00 -7.801694869995e-01
G1-1 1775 3 -1.036738266410e+01 1.564861348948e+01 4.692800445868e+01 8.354649543762e+00 -2.780849695206e+00
G1-1 1775 4 -1.036738266410e+01 1.780482177449e+01 4.587662234052e+01 1.082235336304e+00 2.302945256233e-01
G1-1 1776 1 -1.010826403699e+01 1.847112632365e+01 4.603475163930e+01 4.168196201324e+00 -1.376723051071e+00
G1-1 1776 2 -9.269738545424e+00 1.847112585213e+01 4.759784892017e+01 8.991348147392e-01 -9.562861919403e-02
G1-1 1776 3 -1.010826403699e+01 1.756867115116e+01 4.759784797712e+01 1.777401208878e+00 -4.266973137856e-01
G1-1 1776 4 -7.252054589557e+00 1.847112585213e+01 4.456123313455e+01 7.804384708405e+00 -3.637289762497e+00
G1-1 1777 1 -1.435942352531e+01 2.872401692831e+00 7.831147523751e+01 7.298483848572e+00 -2.366374015808e+00
G1-1 1777 2 -1.771352549156e+01 2.872401692831e+00 7.831147523751e+01 4.789822101593e+00 -1.522464036942e+00
G1-1 1777 3 -1.771352549156e+01 6.098659289974e+00 8.237216185565e+01 3.225619077682e+00 -8.443742394447e-01
G1-1 1777 4 -1.771352549156e+01 7.207821732933e+00 7.826144894862e+01 3.671780347824e+00 -1.055702805519e+00
G1-1 1778 1 -4.142631218552e+00 1.847112570642e+01 4.504425708401e+01 2.436213016510e+00 -4.745461940765e-01
G1-1 1778 2 -1.967687657667e+00 1.756867053393e+01 4.808087192659e+01 2.918620347977e+00 -5.896767973900e-01
G1-1 1778 3 -1.967687657667e+00 1.847112570642e+01 4.808087192659e+01 1.363947391510e+00 4.567783698440e-02
G1-1 1778 4 -6.160315056539e+00 1.847112570642e+01 4.808087192659e+01 9.741917848587e-01 1.606470644474e-01
G1-1 1779 1 -1.138701937174e+01 -1.244337725825e+01 1.149631957399e+02 5.057795524597e+00 -1.516119360924e+00
G1-1 1779 2 -1.108685244623e+01 -9.940376970020e+00 1.128983797826e+02 6.076834678650e+00 -1.910006046295e+00
G1-1 1779 3 -8.289706645104e+00 -1.269155023251e+01 1.147859523023e+02 6.589091300964e+00 -2.099499702454e+00
G1-1 1779 4 -1.077110476446e+01 -1.535447983716e+01 1.122751101146e+02 4.610479354858e+00 -1.382776141167e+00
G1-1 1780 1 -3.947609519569e+00 -7.621306568334e+00 1.161296746549e+02 5.767312049866e+00 -1.795330286026e+00
G1-1 1780 2 -4.468014386407e+00 -1.104417890145e+01 1.152323370544e+02 5.933991909027e+00 -1.848740935326e+00
G1-1 1780 3 -3.578936541205e+00 -9.867746314240e+00 1.118898733143e+02 7.055538177490e+00 -2.249468803406e+00
G1-1 1780 4 -1.886097191428e+00 -9.976063298069e+00 1.149008096785e+02 6.786192893982e+00 -2.163524627686e+00
G1-1 1781 1 1.189081614205e+01 1.271377719609e+01 7.044133808852e+01 4.283657073975e+00 -1.143626928329e+00
G1-1 1781 2 1.058888214432e+01 1.568718593091e+01 7.224098488855e+01 5.841658115387e+00 -1.794084072113e+00
G1-1 1781 3 9.022525574789e+00 1.256066850099e+01 7.365984005849e+01 7.776353836060e+00 -2.497389793396e+00
G1-1 1781 4 1.478150960213e+01 1.187563853651e+01 7.464624028477e+01 3.191492557526e+00 -7.936662435532e-01
G1-1 1782 1 -2.564803638254e-01 6.621534492334e-01 1.001029495868e+02 6.832843303680e+00 -2.232110977173e+00
G1-1 1782 2 -2.006752520700e+00 2.585195612405e+00 1.035491117736e+02 7.677254199982e+00 -2.530902385712e+00
G1-1 1782 3 -1.097847705659e+00 3.525492533398e-01 1.063985888288e+02 8.543227195740e+00 -2.914279699326e+00
G1-1 1782 4 1.505171242650e+00 2.585195612405e+00 1.035491117736e+02 6.350104808807e+00 -2.054160118103e+00
G1-1 1783 1 1.202735588133e+01 1.819225217578e+01 4.697311846549e+01 1.167136430740e+00 1.391289383173e-01
G1-1 1783 2 1.118883038977e+01 1.819225170426e+01 4.853621480331e+01 2.079079866409e+00 -6.043545007706e-01
G1-1 1783 3 1.202735588133e+01 1.728979747481e+01 4.853621386026e+01 2.858610391617e+00 -4.340188801289e-01
G1-1 1783 4 1.538145784758e+01 1.728979700329e+01 4.853621480331e+01 5.454747676849e-01 1.657457649708e-01
G1-1 1784 1 1.005227033203e+01 1.726286989658e+01 4.138443841827e+01 2.065349817276e+00 -1.406782418489e-01
G1-1 1784 2 1.005227033203e+01 1.510666161156e+01 4.511910022335e+01 5.091134548187e+00 -1.486735343933e+00
G1-1 1784 3 7.123727142653e+00 1.726287036810e+01 4.270214500546e+01 2.497972965240e+00 -4.138374626637e-01
G1-1 1784 4 9.104879146868e+00 1.460662457488e+01 4.235241648109e+01 6.562018394470e+00 -2.070476293564e+00
G1-1 1785 1 -1.469639427883e+01 6.449251724094e+00 3.803682892456e+01 5.334127426147e+00 -1.647492766380e+00
G1-1 1785 2 -1.779307361370e+01 8.129481015245e+00 3.834141027565e+01 3.464403390884e+00 -8.807167410851e-01
G1-1 1785 3 -1.779307361370e+01 6.811987681434e+00 3.515813194735e+01 3.232281684875e+00 -7.552485466003e-01
G1-1 1785 4 -1.779307361370e+01 3.383564691549e+00 3.827056168325e+01 4.581155776978e+00 -1.365936636925e+00
G1-1 1786 1 -9.750988551443e+00 1.100687668049e+00 8.918211567087e+01 8.579584121704e+00 -2.841156721115e+00
G1-1 1786 2 -1.131800481510e+01 -2.107967179398e+00 8.837584163580e+01 8.588129997253e+00 -2.823913574219e+00
G1-1 1786 3 -9.750988551443e+00 -3.839430073848e-01 9.311835413317e+01 8.562273025513e+00 -2.875854730606e+00
G1-1 1786 4 -1.467210678135e+01 6.691014818222e-03 9.238243337217e+01 5.556202888489e+00 -1.805217027664e+00
G1-1 1787 1 -1.354652189813e+01 1.359106592754e+01 8.989852768624e+01 4.903982639313e+00 -1.525856852531e+00
G1-1 1787 2 -1.653188024627e+01 1.659211227319e+01 9.149327174215e+01 6.039151191711e+00 -1.973338127136e+00
G1-1 1787 3 -1.653188024627e+01 1.261008798219e+01 9.399972802380e+01 5.933973312378e+00 -1.932032704353e+00
G1-1 1787 4 -1.233925278846e+01 1.659211227319e+01 9.149327174215e+01 4.241128921509e+00 -1.270063877106e+00
G1-1 1788 1 1.771352549156e+01 1.847112646936e+01 4.805319085385e+01 6.283791661263e-01 -3.435210287571e-01
G1-1 1788 2 1.771352549156e+01 1.756867176839e+01 4.805319085385e+01 4.986407458782e-01 -2.550783455372e-01
G1-1 1788 3 1.435942352531e+01 1.847112599784e+01 4.649009545907e+01 5.158017277718e-01 2.767010629177e-01
G1-1 1788 4 1.771352549156e+01 1.847112646936e+01 4.649009357298e+01 2.751313447952e-01 1.316522657871e-01
G1-1 1789 1 -1.481401765465e+01 6.087957130194e+00 4.650740962313e+01 4.693046092987e+00 -1.495382666588e+00
G1-1 1789 2 -1.338566470754e+01 5.948411864699e+00 4.240007380243e+01 6.694607257843e+00 -2.185657262802e+00
G1-1 1789 3 -1.390906093671e+01 3.962876072431e+00 4.603238771767e+01 4.579333782196e+00 -1.434937953949e+00
G1-1 1789 4 -1.648234404241e+01 5.150927881514e+00 4.643979728328e+01 4.623098850250e+00 -1.461962580681e+00
G1-1 1790 1 -5.697342904054e+00 1.819225155855e+01 4.504425708401e+01 1.710055589676e+00 6.767172217369e-01
G1-1 1790 2 -7.715026800981e+00 1.819225155855e+01 4.808087192659e+01 1.035129666328e+00 2.987238466740e-01
G1-1 1790 3 -8.553552292544e+00 1.728979685758e+01 4.808087192659e+01 6.370977878571e+00 -2.110124111176e+00
G1-1 1790 4 -3.522399402110e+00 1.728979685758e+01 4.808087192659e+01 6.506881713867e+00 -2.107671737671e+00
G1-1 1791 1 3.640620378037e+00 -1.454548831097e+01 1.437050686977e+01 5.103953361511e+00 -1.697780609131e+00
G1-1 1791 2 2.838924058239e+00 -1.775744954708e+01 1.732813524815e+01 3.734004259109e+00 -1.208041310310e+00
G1-1 1791 3 7.031551486581e+00 -1.775744954708e+01 1.294630193386e+01 4.805110454559e+00 -1.652114868164e+00
G1-1 1791 4 7.031551486581e+00 -1.775744954708e+01 1.732813524815e+01 4.173558235168e+00 -1.360642194748e+00
G1-1 1792 1 1.471724104315e+01 -5.070852232664e+00 1.172184441942e+02 5.822877407074e+00 -1.847201108932e+00
G1-1 1792 2 1.779799463143e+01 -1.971815924438e+00 1.183267438355e+02 4.913184642792e+00 -1.518391132355e+00
G1-1 1792 3 1.779799463143e+01 -6.262960494028e+00 1.161429642823e+02 5.199256420135e+00 -1.599030017853e+00
G1-1 1792 4 1.779799463143e+01 -2.065973475826e+00 1.135634986889e+02 5.296593189240e+00 -1.679116845131e+00
G1-1 1793 1 1.185658862969e+01 2.226785976341e+00 6.627000195704e+01 8.609981536865e+00 -2.780234575272e+00
G1-1 1793 2 1.185658862969e+01 7.057725489781e-02 7.000466470516e+01 8.610492706299e+00 -2.779511690140e+00
G1-1 1793 3 1.046544870351e+01 -2.279834034695e+00 6.801424825686e+01 8.594226837158e+00 -2.812165975571e+00
G1-1 1793 4 1.521069059594e+01 2.226785593229e+00 6.627000384313e+01 4.732002258301e+00 -1.410657644272e+00
G1-1 1794 1 -2.867373079207e-01 -2.226697122576e+00 4.676500723955e+01 7.107571601868e+00 -2.310495138168e+00
G1-1 1794 2 1.010939363817e+00 -5.872007978077e-02 5.079028368088e+01 8.579005241394e+00 -2.842269420624e+00
G1-1 1794 3 3.231615652976e+00 -2.599270911607e+00 4.637947957392e+01 7.284708499908e+00 -2.377356767654e+00
G1-1 1794 4 4.235321172573e+00 1.849972437656e+00 4.682836503421e+01 8.575056076050e+00 -2.850543975830e+00
G1-1 1795 1 -1.480189456193e+01 6.022295477599e+00 3.034562635591e+01 4.750276088715e+00 -1.434456706047e+00
G1-1 1795 2 -1.781797873428e+01 2.912265203553e+00 2.912421994358e+01 4.966108798981e+00 -1.537126064301e+00
G1-1 1795 3 -1.781797873428e+01 6.528213859344e+00 3.065299566711e+01 3.965214967728e+00 -1.109964013100e+00
G1-1 1795 4 -1.781797873428e+01 7.258103869844e+00 2.708461996273e+01 3.424859285355e+00 -9.142926931381e-01
G1-1 1796 1 1.343893830449e+01 9.577494657883e+00 4.896050431143e+01 6.540665626526e+00 -2.161029338837e+00
G1-1 1796 2 1.591263627216e+01 1.239240933110e+01 4.901289338882e+01 2.441586732864e+00 -5.932633280754e-01
G1-1 1796 3 1.255853430591e+01 1.239240933110e+01 4.901289338882e+01 8.196253776550e+00 -3.607990741730e+00
G1-1 1796 4 1.255853430591e+01 1.023620085534e+01 5.274755519389e+01 8.075271606445e+00 -3.850744247437e+00
G1-1 1797 1 5.615115200862e+00 -1.459267290053e+01 6.555772384621e+01 4.526865005493e+00 -1.245633959770e+00
G1-1 1797 2 7.497666515460e+00 -1.776858819982e+01 6.245528264943e+01 2.955794095993e+00 -5.668665766716e-01
G1-1 1797 3 7.497666515460e+00 -1.776858819982e+01 6.683711667100e+01 3.030741691589e+00 -5.452183485031e-01
G1-1 1797 4 3.305039057647e+00 -1.776858819982e+01 6.683711667100e+01 4.818137168884e+00 -1.363690853119e+00
G1-1 1798 1 -1.095759856826e+01 7.408662959573e-01 3.549653294525e+01 6.963617801666e+00 -2.272185325623e+00
G1-1 1798 2 -1.516444815643e+01 4.942741273303e-01 3.077516127771e+01 5.234413623810e+00 -1.642933011055e+00
G1-1 1798 3 -1.214836421984e+01 3.604304519257e+00 3.199656769003e+01 6.802568435669e+00 -2.207021951675e+00
G1-1 1798 4 -1.078429314940e+01 3.846861625505e-01 3.088552226670e+01 6.645905017853e+00 -2.165304899216e+00
G1-1 1799 1 1.745440686445e+01 1.352845466543e+01 9.717873743006e+01 6.974522590637e+00 -2.312023401260e+00
G1-1 1799 2 1.326177940664e+01 1.751736047133e+01 9.907086187657e+01 4.450024127960e+00 -1.383524060249e+00
G1-1 1799 3 1.745440686445e+01 1.751736047133e+01 9.907086187657e+01 6.837812423706e+00 -2.269608259201e+00
G1-1 1799 4 1.745440686445e+01 1.751736047133e+01 9.468902520597e+01 6.737449645996e+00 -2.230461359024e+00
G1-1 1800 1 1.624716510438e+01 5.673915718054e-01 6.616877106979e+01 3.583646059036e+00 -9.995677471161e-01
G1-1 1800 2 1.289306313813e+01 -1.588816795995e+00 6.990343381791e+01 8.199242591858e+00 -3.605116844177e+00
G1-1 1800 3 1.150192321195e+01 -3.939228291879e+00 6.791301548352e+01 8.582833290100e+00 -2.835484504700e+00
G1-1 1800 4 1.624716510438e+01 -4.802520898565e+00 6.584117504503e+01 1.867521524429e+00 -3.980315476656e-02
G1-1 1801 1 1.513447221527e+01 1.474810311383e+01 4.121779525193e+01 3.554563760757e+00 -9.951221346855e-01
G1-1 1801 2 1.710469383652e+01 1.678725631748e+01 4.168715593795e+01 1.392574548721e+00 1.427409499884e-01
G1-1 1801 3 1.375059163451e+01 1.463104779670e+01 4.542181868607e+01 8.277226448059e+00 -3.446040391922e+00
G1-1 1801 4 1.710469383652e+01 1.463104779670e+01 4.542181868607e+01 2.839156389236e+00 -7.695707678795e-01
G1-1 1802 1 -1.514071325756e+01 5.144884320103e+00 1.147752716555e+02 6.365396976471e+00 -2.097937345505e+00
G1-1 1802 2 -1.789796309638e+01 2.414518642607e+00 1.133268021209e+02 6.988838672638e+00 -2.319118499756e+00
G1-1 1802 3 -1.789796309638e+01 2.607633944311e+00 1.179740505588e+02 6.602513313293e+00 -2.175365924835e+00
G1-1 1802 4 -1.789796309638e+01 6.712913416680e+00 1.155510271541e+02 6.796839714050e+00 -2.257817983627e+00
G1-1 1803 1 1.447541281293e+01 8.911189749768e+00 5.011457733439e+01 7.238272666931e+00 -2.846580266953e+00
G1-1 1803 2 1.694911078060e+01 1.172610442298e+01 5.016696735483e+01 2.826524019241e+00 -7.114402055740e-01
G1-1 1803 3 1.359500881435e+01 9.569895947226e+00 5.390162915991e+01 4.997275829315e+00 -1.515433907509e+00
G1-1 1803 4 1.694911078060e+01 9.569895947226e+00 5.390162915991e+01 4.079198837280e+00 -1.255532264709e+00
G1-1 1804 1 -9.183360681499e+00 -1.191654655042e+01 4.522781359919e+01 5.015356063843e+00 -1.584553718567e+00
G1-1 1804 2 -1.214903095284e+01 -9.345435162958e+00 5.004527569555e+01 5.252777099609e+00 -1.669955015182e+00
G1-1 1804 3 -1.486154096720e+01 -1.104185759985e+01 4.573512031789e+01 5.501311779022e+00 -1.781287670135e+00
G1-1 1804 4 -1.066891339151e+01 -1.491005457715e+01 4.803417930339e+01 4.772840499878e+00 -1.503683447838e+00
G1-1 1805 1 4.333456877229e+00 1.565436887135e+01 6.028312723496e+01 7.093696594238e+00 -2.253692388535e+00
G1-1 1805 2 5.258984786828e+00 1.415463213485e+01 6.344728488922e+01 7.612591266632e+00 -2.411167383194e+00
G1-1 1805 3 6.825341415298e+00 1.728115003630e+01 6.183560723137e+01 5.244758605957e+00 -1.583989977837e+00
G1-1 1805 4 2.632713928015e+00 1.728115003630e+01 6.183560723137e+01 5.915432453156e+00 -1.871797204018e+00
G1-1 1806 1 -6.293503000679e+00 1.496447652547e+01 1.147015901049e+02 4.088168621063e+00 -1.245409846306e+00
G1-1 1806 2 -7.657812210263e+00 1.785635924747e+01 1.171431624987e+02 4.118470191956e+00 -1.275191187859e+00
G1-1 1806 3 -3.465184693511e+00 1.785635924747e+01 1.127613296003e+02 3.506516218185e+00 -9.985201358795e-01
G1-1 1806 4 -7.657812210263e+00 1.785635924747e+01 1.127613296003e+02 3.356539487839e+00 -9.554420709610e-01
G1-1 1807 1 8.014762470625e+00 7.174875377151e+00 6.181008355788e+01 8.800144195557e+00 -2.400283336639e+00
G1-1 1807 2 1.048626407865e+01 8.255097903375e+00 5.886335021362e+01 8.877533912659e+00 -2.246497869492e+00
G1-1 1807 3 1.048626407865e+01 8.734255631765e+00 6.071670616282e+01 9.072409629822e+00 -1.857354164124e+00
G1-1 1807 4 1.048626407865e+01 6.098889736237e+00 6.259801390479e+01 9.056555747986e+00 -1.887790322304e+00
G1-1 1808 1 -1.299934982485e+01 -1.513656940914e+01 9.238107870583e+01 7.107725143433e+00 -2.310881376266e+00
G1-1 1808 2 -1.062649108454e+01 -1.659617688994e+01 9.036098001367e+01 2.495558500290e+00 -2.976966500282e-01
G1-1 1808 3 -1.146501657610e+01 -1.276291809332e+01 9.100815205006e+01 8.639130592346e+00 -2.722260475159e+00
G1-1 1808 4 -1.146501657610e+01 -1.491912614258e+01 9.474281138621e+01 8.597528457642e+00 -2.807181835175e+00
G1-1 1809 1 1.445948920510e+01 -6.533801185291e+00 5.012298784812e+01 5.301531314850e+00 -1.694300889969e+00
G1-1 1809 2 1.455293876995e+01 -6.626005381469e+00 4.561874602815e+01 5.611320495605e+00 -1.808153986931e+00
G1-1 1809 3 1.712901798422e+01 -5.025641860369e+00 4.769790967519e+01 4.570389747620e+00 -1.424093127251e+00
G1-1 1809 4 1.712901798422e+01 -8.140755825114e+00 4.577259094561e+01 5.359451770782e+00 -1.725810885429e+00
G1-1 1810 1 6.306123844382e+00 1.506090458520e+01 1.055317075138e+02 3.576759099960e+00 -9.965270161629e-01
G1-1 1810 2 3.468164070558e+00 1.787912270663e+01 1.085277934632e+02 3.835896968842e+00 -1.117520332336e+00
G1-1 1810 3 7.660791528370e+00 1.787912270663e+01 1.085277934632e+02 3.456403493881e+00 -9.735153913498e-01
G1-1 1810 4 7.660791528370e+00 1.787912270663e+01 1.041459620906e+02 2.945861816406e+00 -7.211849689484e-01
G1-1 1811 1 9.192695292250e+00 -9.283145506602e+00 3.343947474480e+01 5.827502727509e+00 -1.898128509521e+00
G1-1 1811 2 1.477885403999e+01 -8.214829876542e+00 3.268917935857e+01 6.138051033020e+00 -2.015462636948e+00
G1-1 1811 3 1.176966630990e+01 -6.270465413036e+00 2.929415082465e+01 6.285128116608e+00 -2.062248468399e+00
G1-1 1811 4 1.052330347712e+01 -4.010309396939e+00 3.041233873347e+01 6.254545688629e+00 -2.039084196091e+00
G1-1 1812 1 1.454434151673e+01 2.133490987614e+00 6.135658951301e+01 7.829386711121e+00 -2.721322536469e+00
G1-1 1812 2 1.361128079193e+01 4.286654459221e+00 6.293507383084e+01 7.980313777924e+00 -2.608561992645e+00
G1-1 1812 3 1.696538275818e+01 4.286654459221e+00 6.293507383084e+01 3.428788423538e+00 -9.954597949982e-01
G1-1 1812 4 1.696538275818e+01 6.442862803180e+00 5.920041202576e+01 4.353270530701e+00 -1.386337995529e+00
G1-1 1813 1 1.554661765804e+01 1.879387479585e+00 5.091321019287e+01 4.149621009827e+00 -1.279829859734e+00
G1-1 1813 2 1.799378377361e+01 2.740858569027e+00 4.965682009986e+01 5.097496032715e+00 -1.648968338966e+00
G1-1 1813 3 1.799378377361e+01 4.137649759856e-01 5.300808577686e+01 7.564826011658e+00 -2.611863613129e+00
G1-1 1813 4 1.799378377361e+01 -8.026967350277e-01 4.963242699072e+01 5.611015319824e+00 -1.822834253311e+00
G1-1 1814 1 -6.041221295796e+00 1.738066613733e+01 9.842745986624e+01 3.673535346985e+00 -1.010909676552e+00
G1-1 1814 2 -3.638141702675e+00 1.294940917317e+01 9.445324277745e+01 4.355892181396e+00 -1.251944661140e+00
G1-1 1814 3 -1.848593837984e+00 1.738066613733e+01 9.404562319564e+01 3.006812334061e+00 -6.224181652069e-01
G1-1 1814 4 -1.848593837984e+00 1.738066613733e+01 9.842745986624e+01 3.030931472778e+00 -6.829657554626e-01
G1-1 1815 1 1.764327013023e+01 1.202809524255e+01 2.264122294768e+01 4.923046588898e+00 -1.572696685791e+00
G1-1 1815 2 1.406181653956e+01 1.627648067060e+01 2.256122383600e+01 4.999796867371e+00 -1.611579537392e+00
G1-1 1815 3 1.764327013023e+01 1.627648067060e+01 2.054797866633e+01 4.946626663208e+00 -1.602575182915e+00
G1-1 1815 4 1.764327013023e+01 1.252039014019e+01 1.898489559491e+01 4.170846939087e+00 -1.308028101921e+00
G1-1 1816 1 -1.259438685368e+01 -1.457014019376e+01 2.673575425218e+01 5.126954555511e+00 -1.676424860954e+00
G1-1 1816 2 -1.112473922771e+01 -1.776326906719e+01 2.335040414968e+01 3.741276979446e+00 -1.180990338326e+00
G1-1 1816 3 -1.112473922771e+01 -1.776326906719e+01 2.773223684674e+01 4.257408142090e+00 -1.365416169167e+00
G1-1 1816 4 -1.531736668553e+01 -1.776326906719e+01 2.773223684674e+01 5.097221374512e+00 -1.678252100945e+00
G1-1 1817 1 1.667705098312e+01 -6.873012656742e+00 7.412678344426e+01 2.601889133453e+00 -6.225798130035e-01
G1-1 1817 2 1.332294901688e+01 -2.540759894708e+00 7.409254092378e+01 7.538942813873e+00 -2.405886411667e+00
G1-1 1817 3 1.332294901688e+01 -4.696968000756e+00 7.782720178581e+01 8.600970268250e+00 -2.798372507095e+00
G1-1 1817 4 1.667705098312e+01 -2.540759482126e+00 7.409254092378e+01 2.244976043701e+00 -3.401114940643e-01
G1-1 1818 1 -1.615881372891e+01 1.353746222245e+01 9.720065815489e+01 5.676321983337e+00 -1.845958113670e+00
G1-1 1818 2 -1.196618627109e+01 1.751948674921e+01 9.907603665774e+01 4.587479591370e+00 -1.434152126312e+00
G1-1 1818 3 -1.196618627109e+01 1.751948674921e+01 9.469419998714e+01 4.819110393524e+00 -1.507201552391e+00
G1-1 1818 4 -1.615881372891e+01 1.751948674921e+01 9.907603665774e+01 5.113752841949e+00 -1.647681355476e+00
G1-1 1819 1 -1.519927813948e+01 -6.161712648340e+00 5.517227996749e+01 4.856412887573e+00 -1.517970681190e+00
G1-1 1819 2 -1.791178815384e+01 -6.791495584926e+00 5.979597993870e+01 6.722766876221e+00 -2.201764106750e+00
G1-1 1819 3 -1.791178815384e+01 -3.500908588431e+00 5.613391194815e+01 5.029803276062e+00 -1.607414960861e+00
G1-1 1819 4 -1.791178815384e+01 -7.722143929788e+00 5.503957237784e+01 4.324120044708e+00 -1.308715105057e+00
G1-1 1820 1 -4.493583898951e+00 1.536692156623e+01 1.059843013589e+02 3.910355091095e+00 -1.132474422455e+00
G1-1 1820 2 -6.243163745999e+00 1.795136351642e+01 1.086346354338e+02 3.524998903275e+00 -9.976153969765e-01
G1-1 1820 3 -2.050536347127e+00 1.795136351642e+01 1.086346354338e+02 3.065514564514e+00 -7.777206301689e-01
G1-1 1820 4 -2.050536347127e+00 1.795136351642e+01 1.042528059473e+02 2.803714036942e+00 -6.118299961090e-01
G1-1 1821 1 -7.914872154461e+00 -1.488121873336e+01 6.282866226852e+01 4.180213928223e+00 -1.162538409233e+00
G1-1 1821 2 -8.040565370356e+00 -1.783670463099e+01 6.077662907277e+01 2.996141910553e+00 -6.379526853561e-01
G1-1 1821 3 -3.847938030425e+00 -1.783670463099e+01 6.077662907277e+01 4.250633716583e+00 -1.186838746071e+00
G1-1 1821 4 -8.040565370356e+00 -1.783670463099e+01 6.515846120825e+01 3.138356447220e+00 -6.591916084290e-01
G1-1 1822 1 -5.425898020479e+00 4.097000152785e+00 7.315517673431e+01 8.743857383728e+00 -2.512632131577e+00
G1-1 1822 2 -2.621745308305e+00 5.825490619692e+00 7.062012474080e+01 8.688992500305e+00 -2.622774362564e+00
G1-1 1822 3 -4.809251833603e+00 3.184806330133e+00 7.050190001634e+01 8.636260032654e+00 -2.729647159576e+00
G1-1 1822 4 -7.899634681420e+00 4.881822260220e+00 7.002225224391e+01 8.796631813049e+00 -2.407557487488e+00
G1-1 1823 1 9.674961833947e+00 6.748078303890e+00 8.348720320596e+01 6.298743247986e+00 -1.973879218102e+00
G1-1 1823 2 1.090046090304e+01 9.205654078486e+00 8.535805896385e+01 7.349545001984e+00 -2.395421266556e+00
G1-1 1823 3 9.770450903241e+00 5.349694436476e+00 8.603605320195e+01 6.412151336670e+00 -2.030623912811e+00
G1-1 1823 4 1.459607982810e+01 7.434086437221e+00 8.557586388849e+01 6.906037807465e+00 -2.261198997498e+00
G1-1 1824 1 -3.645282833525e-01 -9.731561406734e-01 8.614220760332e+01 8.328802108765e+00 -2.621195316315e+00
G1-1 1824 2 -3.243565391227e+00 -4.706236170301e+00 8.756979436204e+01 8.655756950378e+00 -2.688822507858e+00
G1-1 1824 3 -1.350675810682e+00 -1.067302448854e+00 9.177263536883e+01 8.524491310120e+00 -2.952944278717e+00
G1-1 1824 4 -4.814812496397e+00 4.173283113062e-01 8.783639690653e+01 8.593410491943e+00 -2.813769340515e+00
G1-1 1825 1 -1.745440686445e+01 -1.751263800904e+01 5.530672768764e+01 6.635121345520e+00 -2.196121692657e+00
G1-1 1825 2 -1.326177940664e+01 -1.751263800904e+01 5.092489460911e+01 4.244674205780e+00 -1.314132928848e+00
G1-1 1825 3 -1.745440686445e+01 -1.751263800904e+01 5.092489460911e+01 6.635007858276e+00 -2.201091289520e+00
G1-1 1825 4 -1.745440686445e+01 -1.350844999418e+01 5.280328152554e+01 6.528233051300e+00 -2.149201393127e+00
G1-1 1826 1 1.075378047856e+01 -2.278892936996e+00 6.637239584569e+01 8.509175300598e+00 -2.787814855576e+00
G1-1 1826 2 1.549902237100e+01 2.227727339271e+00 6.462814954587e+01 5.827224254608e+00 -1.886905550957e+00
G1-1 1826 3 1.307798112954e+01 7.456380872409e-02 6.304966428499e+01 7.562691688538e+00 -2.493094921112e+00
G1-1 1826 4 1.214492040475e+01 2.227727339271e+00 6.462814954587e+01 2.354655027390e+00 1.617061644793e-01
G1-1 1827 1 1.326177940664e+01 -1.751245788232e+01 5.666626572111e+01 3.648288726807e+00 -1.054105997086e+00
G1-1 1827 2 1.745440686445e+01 -1.350768746449e+01 5.418054397482e+01 6.436456203461e+00 -2.120437383652e+00
G1-1 1827 3 1.745440686445e+01 -1.751245788232e+01 5.666626572111e+01 6.888274669647e+00 -2.289848804474e+00
G1-1 1827 4 1.745440686445e+01 -1.751245788232e+01 5.228443358563e+01 6.868442058563e+00 -2.284620523453e+00
G1-1 1828 1 6.126700674472e+00 1.243694596898e+01 5.895028559540e+01 8.737534523010e+00 -2.526640176773e+00
G1-1 1828 2 6.985609125549e+00 8.671087493295e+00 6.094897171342e+01 8.737613677979e+00 -2.525454521179e+00
G1-1 1828 3 9.457110733573e+00 9.751310137400e+00 5.800223836916e+01 8.642520904541e+00 -2.719257831573e+00
G1-1 1828 4 9.457110733573e+00 1.023046763003e+01 5.985559431836e+01 8.581270217896e+00 -2.868101835251e+00
G1-1 1829 1 1.696008030451e+01 -9.268033842777e+00 7.670000828268e+01 7.197985649109e+00 -2.390129327774e+00
G1-1 1829 2 1.452188046189e+01 -1.053002306690e+01 8.125823351260e+01 4.232161998749e+00 -1.242315292358e+00
G1-1 1829 3 1.696008030451e+01 -7.091989363612e+00 8.040042851032e+01 6.308379650116e+00 -2.376327991486e+00
G1-1 1829 4 1.360597833826e+01 -7.091989363612e+00 8.040042851032e+01 2.447049379349e+00 6.168811321259e-01
G1-1 1830 1 1.177879386942e+01 -8.522539665478e+00 7.542582603876e+01 3.699244022369e+00 -8.226242661476e-01
G1-1 1830 2 7.228941553018e+00 -3.818566758161e+00 7.593797128966e+01 6.401016235352e+00 -1.831239104271e+00
G1-1 1830 3 1.058303674301e+01 -5.256039230732e+00 7.842774456898e+01 8.606162071228e+00 -2.788367748260e+00
G1-1 1830 4 1.058303674301e+01 -3.099830697367e+00 7.469308182086e+01 8.240674972534e+00 -2.571970462799e+00
G1-1 1831 1 3.390145494358e-01 -1.527438265893e+01 8.522283081319e+01 5.300222873688e+00 -1.557314991951e+00
G1-1 1831 2 2.577737222564e+00 -1.223465567417e+01 8.028347500259e+01 7.585034370422e+00 -2.388481140137e+00
G1-1 1831 3 -2.479691696796e+00 -1.233750838971e+01 8.242649517458e+01 7.702657699585e+00 -2.405852556229e+00
G1-1 1831 4 2.016072220404e+00 -1.000364944799e+01 8.338022238611e+01 8.639767646790e+00 -2.720615625381e+00
G1-1 1832 1 1.745440686445e+01 1.371178634608e+01 1.067018668909e+02 7.136044502258e+00 -2.414589881897e+00
G1-1 1832 2 1.745440686445e+01 1.756063897463e+01 1.088040306207e+02 6.753879547119e+00 -2.247328758240e+00
G1-1 1832 3 1.745440686445e+01 1.756063897463e+01 1.044221992481e+02 6.786181449890e+00 -2.255975484848e+00
G1-1 1832 4 1.326177940664e+01 1.756063897463e+01 1.088040306207e+02 4.741092205048e+00 -1.511739373207e+00
G1-1 1833 1 1.348540595346e+01 -1.052389359384e+01 8.355579862060e+01 8.278043746948e+00 -2.699670791626e+00
G1-1 1833 2 1.256950382982e+01 -7.085860126311e+00 8.269799550442e+01 7.390194416046e+00 -2.252366781235e+00
G1-1 1833 3 1.256950382982e+01 -9.242068978220e+00 8.643265825254e+01 5.314377307892e+00 -1.304904580116e+00
G1-1 1833 4 1.592360579607e+01 -7.085860597833e+00 8.269799739051e+01 1.834316730499e+00 3.761209249496e-01
G1-1 1834 1 -4.985327436861e+00 -1.490558151694e+01 8.316817773909e+01 4.271206378937e+00 -1.049554228783e+00
G1-1 1834 2 -2.166621249570e+00 -1.784245578616e+01 8.158267823298e+01 3.470507383347e+00 -7.003930807114e-01
G1-1 1834 3 -2.166621249570e+00 -1.784245578616e+01 8.596450960552e+01 7.324342250824e+00 -2.380242824554e+00
G1-1 1834 4 -6.359248648442e+00 -1.784245578616e+01 8.596450960552e+01 7.048686981201e+00 -2.278141260147e+00
G1-1 1835 1 1.615881372891e+01 1.350687905960e+01 1.150804059560e+02 6.333954811096e+00 -2.096001386642e+00
G1-1 1835 2 1.196618627109e+01 1.751226704381e+01 1.172325887905e+02 5.257465362549e+00 -1.708805799484e+00
G1-1 1835 3 1.615881372891e+01 1.751226704381e+01 1.128507558921e+02 6.053833961487e+00 -1.999914407730e+00
G1-1 1835 4 1.196618627109e+01 1.751226704381e+01 1.128507558921e+02 5.140712261200e+00 -1.661364912987e+00
G1-1 1836 1 3.493400806402e+00 1.979859457588e+00 8.340896807552e+01 8.611305236816e+00 -2.777752637863e+00
G1-1 1836 2 5.971390023728e+00 4.854970263044e+00 8.253170308839e+01 8.594629287720e+00 -2.811424255371e+00
G1-1 1836 3 2.610985913720e+00 4.747438921495e+00 8.252189708960e+01 8.587959289551e+00 -2.825400114059e+00
G1-1 1836 4 6.066879034081e+00 3.456586454570e+00 8.508055308437e+01 8.452420234680e+00 -2.739693641663e+00
G1-1 1837 1 -1.430078851965e+01 -3.855697051161e+00 9.829612836627e+01 3.679700374603e+00 -1.099229335785e+00
G1-1 1837 2 -1.355378549274e+01 -6.859229611740e+00 9.490574693407e+01 7.994160652161e+00 -4.013545513153e+00
G1-1 1837 3 -1.690788745898e+01 -6.859229611740e+00 9.490574693407e+01 4.040977001190e+00 -1.238476157188e+00
G1-1 1837 4 -1.690788745898e+01 -2.588363055146e+00 9.517767592232e+01 2.189478874207e+00 -4.756758809090e-01
G1-1 1838 1 -2.025975111448e+00 -6.534414641254e+00 1.184017768334e+02 6.791683197021e+00 -2.191757440567e+00
G1-1 1838 2 3.553716880483e-02 -8.889171488870e+00 1.171729099709e+02 5.676091670990e+00 -1.759843707085e+00
G1-1 1838 3 1.995947274344e+00 -6.573949552087e+00 1.183609681588e+02 6.511791706085e+00 -2.088218927383e+00
G1-1 1838 4 1.890994695004e-02 -8.646934914103e+00 1.206581255544e+02 5.721594333649e+00 -1.796471714973e+00
G1-1 1839 1 1.599703317088e+01 -8.694684240618e+00 1.028195710032e+02 3.925256729126e+00 -1.221914768219e+00
G1-1 1839 2 1.810011245276e+01 -9.130936459338e+00 1.056208725825e+02 2.303742408752e+00 -4.032337963581e-01
G1-1 1839 3 1.810011245276e+01 -1.122741500648e+01 1.028959820480e+02 4.819648265839e+00 -1.562217593193e+00
G1-1 1839 4 1.810011245276e+01 -7.115498858535e+00 1.027424775645e+02 3.040653228760e+00 -8.521661758423e-01
G1-1 1840 1 7.808564014047e+00 -1.261744497781e+01 9.291955675565e+01 8.606333732605e+00 -2.790134429932e+00
G1-1 1840 2 1.023963826811e+01 -1.216823324798e+01 9.113526947421e+01 8.661429405212e+00 -2.678203582764e+00
G1-1 1840 3 1.023963826811e+01 -1.432444176876e+01 9.486992881036e+01 8.455201148987e+00 -3.096086025238e+00
G1-1 1840 4 9.401112658663e+00 -1.600149251613e+01 9.048809743782e+01 5.893014431000e+00 -1.758569002151e+00
G1-1 1841 1 -6.984693048483e+00 -1.172258806627e+01 9.297857724778e+01 8.609165191650e+00 -2.785608053207e+00
G1-1 1841 2 -1.004514859766e+01 -1.411319458962e+01 9.488386165857e+01 8.524371147156e+00 -2.960385799408e+00
G1-1 1841 3 -1.004514859766e+01 -1.195698630461e+01 9.114920232242e+01 8.687639236450e+00 -2.625795841217e+00
G1-1 1841 4 -9.206623106102e+00 -1.579024533699e+01 9.050203217212e+01 6.219377517700e+00 -1.845992088318e+00
G1-1 1842 1 -5.789176957344e+00 1.536692156623e+01 1.046302422328e+02 3.551609277725e+00 -9.802519679070e-01
G1-1 1842 2 -7.538756863332e+00 1.795136351642e+01 1.072805763076e+02 3.389677762985e+00 -9.440762996674e-01
G1-1 1842 3 -3.346129464460e+00 1.795136351642e+01 1.028987449351e+02 3.413499593735e+00 -9.073134064674e-01
G1-1 1842 4 -7.538756863332e+00 1.795136351642e+01 1.028987449351e+02 2.813906908035e+00 -6.587461233139e-01
G1-1 1843 1 1.771352549156e+01 -1.269572427433e+01 9.173796758447e+01 1.301277637482e+00 -5.721927061677e-02
G1-1 1843 2 1.771352549156e+01 -1.652898330672e+01 9.109079743417e+01 5.417010188103e-01 1.318935275078e+00
G1-1 1843 3 1.771352549156e+01 -1.485193255935e+01 9.547262692062e+01 2.462156116962e-01 3.284879624844e-01
G1-1 1843 4 1.435942352531e+01 -1.485193232359e+01 9.547262692062e+01 7.242651462555e+00 -4.015305995941e+00
G1-1 1844 1 7.926898640939e+00 -1.411251687331e+01 1.079093709472e+02 4.181303977966e+00 -1.105028033257e+00
G1-1 1844 2 6.094148638527e+00 -1.648882658447e+01 1.073552330684e+02 7.486571788788e+00 -2.430035114288e+00
G1-1 1844 3 5.300848747843e+00 -1.370403296397e+01 1.077469816965e+02 7.565655231476e+00 -2.430112838745e+00
G1-1 1844 4 8.936345864551e+00 -1.433261853521e+01 1.047927966121e+02 3.086307525635e+00 -4.589904546738e-01
G1-1 1845 1 1.452188046189e+01 -1.304104547172e+01 8.566395932630e+01 5.235517024994e+00 -1.599940419197e+00
G1-1 1845 2 1.696008030451e+01 -1.175922014882e+01 8.854082084433e+01 2.955953359604e+00 -8.541560173035e-01
G1-1 1845 3 1.360597833826e+01 -1.175922014882e+01 8.854082084433e+01 8.590297698975e+00 -2.820492029190e+00
G1-1 1845 4 1.696008030451e+01 -1.559247918120e+01 8.789365069403e+01 9.239513278008e-01 4.694668054581e-01
G1-1 1846 1 1.385171688456e+01 9.000450488092e+00 1.087117170253e+02 5.916050910950e+00 -1.937332749367e+00
G1-1 1846 2 1.660392724522e+01 1.058892111720e+01 1.125726465087e+02 6.603819370270e+00 -2.188482522964e+00
G1-1 1846 3 1.660392724522e+01 1.074545647287e+01 1.082408327151e+02 6.648570537567e+00 -2.204561948776e+00
G1-1 1846 4 1.241129978741e+01 1.459430886565e+01 1.103429983309e+02 5.127118587494e+00 -1.650828957558e+00
G1-1 1847 1 1.332294901688e+01 -1.202941957947e+01 9.058389438139e+01 4.984780311584e+00 -1.314716458321e+00
G1-1 1847 2 1.332294901688e+01 -1.418562762872e+01 9.431855371754e+01 4.941558837891e+00 -1.429464578629e+00
G1-1 1847 3 1.667705098312e+01 -1.586267837609e+01 8.993672423109e+01 3.934730052948e+00 -1.367330193520e+00
G1-1 1847 4 1.667705098312e+01 -1.202941934370e+01 9.058389438139e+01 4.947079658508e+00 -1.616791844368e+00
G1-1 1848 1 -6.889375870299e+00 1.169981381739e+01 5.867565359905e+01 8.615320205688e+00 -2.774074077606e+00
G1-1 1848 2 -9.230850871114e+00 1.127292768922e+01 6.041682400885e+01 8.600381851196e+00 -2.804175376892e+00
G1-1 1848 3 -5.876747033316e+00 1.055419192712e+01 6.166171329754e+01 8.665996551514e+00 -2.669484376907e+00
G1-1 1848 4 -8.392325379552e+00 1.510618672161e+01 6.106399528230e+01 3.514466285706e+00 -3.476597666740e-01
G1-1 1849 1 -1.745440686445e+01 1.374618812174e+01 1.053866883614e+02 7.020968437195e+00 -2.415084600449e+00
G1-1 1849 2 -1.745440686445e+01 1.756876025011e+01 1.030773176428e+02 6.861120700836e+00 -2.284625291824e+00
G1-1 1849 3 -1.745440686445e+01 1.756876025011e+01 1.074591509014e+02 6.708430767059e+00 -2.234190225601e+00
G1-1 1849 4 -1.326177940664e+01 1.756876025011e+01 1.030773176428e+02 3.894236087799e+00 -1.180244684219e+00
G1-1 1850 1 -1.026732591932e+01 1.216133418481e+01 5.752399720874e+01 8.810516357422e+00 -2.379635810852e+00
G1-1 1850 2 -1.026732591932e+01 1.431754223407e+01 5.378933540367e+01 7.768072605133e+00 -4.485534667969e+00
G1-1 1850 3 -9.428800427753e+00 1.599459321719e+01 5.378933540367e+01 8.083101272583e+00 -3.837537765503e+00
G1-1 1850 4 -7.925851036381e+00 1.258822031297e+01 5.578282774198e+01 8.759185791016e+00 -2.484971761703e+00
G1-1 1851 1 1.059522300650e+01 1.389161003437e+01 6.704953683407e+01 5.218464374542e+00 -1.451601862907e+00
G1-1 1851 2 9.293289008772e+00 1.686501900495e+01 6.446735037547e+01 3.768333435059e+00 -8.154078125954e-01
G1-1 1851 3 7.726932439242e+00 1.373850133927e+01 6.607902803332e+01 6.094052314758e+00 -1.766426682472e+00
G1-1 1851 4 9.293289008772e+00 1.686501900495e+01 6.884918363410e+01 4.503077983856e+00 -1.168244123459e+00
G1-1 1852 1 -1.771352549156e+01 2.900201097991e+00 5.703560597018e+01 4.735283851624e+00 -1.525462150574e+00
G1-1 1852 2 -1.771352549156e+01 4.976662055704e+00 6.103339370348e+01 4.414144992828e+00 -1.370280623436e+00
G1-1 1852 3 -1.435942352531e+01 7.132870458603e+00 5.729873189840e+01 5.972323894501e+00 -1.919929265976e+00
G1-1 1852 4 -1.771352549156e+01 7.132870458603e+00 5.729873189840e+01 4.458897113800e+00 -1.402219176292e+00
G1-1 1853 1 8.629527864731e+00 3.778682888238e+00 5.721047997326e+01 8.589367866516e+00 -2.822034120560e+00
G1-1 1853 2 1.004794799800e+01 7.085246045279e+00 5.803564248840e+01 8.703645706177e+00 -2.592971324921e+00
G1-1 1853 3 7.576446389974e+00 6.005023401174e+00 6.098237583266e+01 8.644829750061e+00 -2.711251497269e+00
G1-1 1853 4 1.004794799800e+01 4.929037701320e+00 6.177030617956e+01 7.368132591248e+00 -1.979537367821e+00
G1-1 1854 1 1.048626407865e+01 8.216018829213e+00 6.244349990388e+01 9.124888420105e+00 -1.752281785011e+00
G1-1 1854 2 8.014762470625e+00 6.656638220957e+00 6.353687729894e+01 8.763797760010e+00 -2.474102020264e+00
G1-1 1854 3 1.048626407865e+01 5.580652697924e+00 6.432480670280e+01 9.047979354858e+00 -1.905449151993e+00
G1-1 1854 4 1.048626407865e+01 6.059810330946e+00 6.617816188906e+01 9.138403892517e+00 -1.724874496460e+00
G1-1 1855 1 -4.406636438824e+00 -9.882781544060e+00 5.957823929366e+01 5.007459640503e+00 -1.469613432884e+00
G1-1 1855 2 -7.049742463092e+00 -1.009780572463e+01 6.306230392053e+01 6.046284198761e+00 -1.873758792877e+00
G1-1 1855 3 -3.035277867924e+00 -7.551106335328e+00 6.527493773228e+01 6.440443992615e+00 -1.995577096939e+00
G1-1 1855 4 -7.092145986828e+00 -6.246537444569e+00 6.331555237873e+01 8.087454795837e+00 -2.624177932739e+00
G1-1 1856 1 8.154654575526e+00 3.016084169899e+00 6.869953471586e+01 9.009888648987e+00 -1.980600595474e+00
G1-1 1856 2 1.051928800704e+01 4.069254602866e+00 6.872265080557e+01 8.932850837708e+00 -2.136580944061e+00
G1-1 1856 3 1.051928800704e+01 1.433888513632e+00 7.060395742438e+01 8.889375686646e+00 -2.223198890686e+00
G1-1 1856 4 1.051928800704e+01 3.590096763552e+00 6.686929467626e+01 9.014805793762e+00 -1.971592187881e+00
G1-1 1857 1 -9.284667272958e+00 1.623471258052e+01 1.078597848833e+02 3.946932792664e+00 -1.186806321144e+00
G1-1 1857 2 -7.535087308030e+00 1.365027063033e+01 1.052094508085e+02 4.244649410248e+00 -1.282161593437e+00
G1-1 1857 3 -1.074192414291e+01 1.067951370799e+01 1.053523118349e+02 5.330903053284e+00 -1.715830802917e+00
G1-1 1857 4 -9.284667272958e+00 1.623471258052e+01 1.034779535108e+02 3.668686628342e+00 -1.061438322067e+00
G1-1 1858 1 4.918546861475e+00 -1.091325468203e+00 8.119187992479e+01 8.590096473694e+00 -2.823488473892e+00
G1-1 1858 2 8.963552283520e+00 -3.388653408282e+00 8.022644283580e+01 6.081180095673e+00 2.701092138886e-02
G1-1 1858 3 5.609456975644e+00 -1.951181274617e+00 7.773666955647e+01 8.783844947815e+00 -2.432677268982e+00
G1-1 1858 4 8.963552283520e+00 -7.532875695444e-01 7.834513433089e+01 6.469597816467e+00 -6.573494076729e-01
G1-1 1859 1 -1.771352549156e+01 -6.872262314083e+00 7.412465747339e+01 6.669163703918e+00 -2.392661333084e+00
G1-1 1859 2 -1.771352549156e+01 -2.540582762834e+00 7.409203905014e+01 6.246550559998e+00 -2.053913116455e+00
G1-1 1859 3 -1.771352549156e+01 -4.696790868882e+00 7.782669991217e+01 5.791659355164e+00 -1.939492464066e+00
G1-1 1859 4 -1.435942352531e+01 -2.540582350252e+00 7.409203905014e+01 2.300155162811e+00 9.274812340736e-01
G1-1 1860 1 4.959657588196e+00 1.490018619592e+01 1.150530070474e+02 4.451626777649e+00 -1.383010983467e+00
G1-1 1860 2 2.160561420313e+00 1.784118212364e+01 1.128442860011e+02 2.947231292725e+00 -7.440951466560e-01
G1-1 1860 3 2.160561420313e+00 1.784118212364e+01 1.172261226717e+02 3.174579143524e+00 -8.737444281578e-01
G1-1 1860 4 6.353188878125e+00 1.784118212364e+01 1.128442860011e+02 4.103363037109e+00 -1.251557946205e+00
G1-1 1861 1 -1.519760428869e+01 5.587514773221e+00 9.703760253027e+01 6.165162086487e+00 -2.026226520538e+00
G1-1 1861 2 -1.791139312915e+01 4.156910775286e+00 9.951983724428e+01 6.603027820587e+00 -2.193807363510e+00
G1-1 1861 3 -1.791139312915e+01 7.143012229672e+00 9.716690780403e+01 6.717833518982e+00 -2.226747512817e+00
G1-1 1861 4 -1.791139312915e+01 2.937810493047e+00 9.607835627885e+01 5.188101768494e+00 -1.686407566071e+00
G1-1 1862 1 1.301610016684e+01 -2.787999272679e+00 9.718342311463e+01 7.552381515503e+00 -3.229565143585e+00
G1-1 1862 2 1.208879311046e+01 -5.692762578827e+00 9.487125951930e+01 2.317720890045e+00 -2.070886641741e-01
G1-1 1862 3 1.052177684680e+01 -1.812530088641e+00 9.587910926855e+01 6.877285957336e+00 -2.263418197632e+00
G1-1 1862 4 1.544289507671e+01 -1.428592310493e+00 9.510195486267e+01 6.588047027588e+00 -2.632110834122e+00
G1-1 1863 1 1.719425826004e+00 -1.217093873526e+01 1.610203964482e+01 5.277764320374e+00 -1.753205657005e+00
G1-1 1863 2 3.599087537500e+00 -1.221989812159e+01 2.024275399491e+01 5.409992218018e+00 -1.787299036980e+00
G1-1 1863 3 4.045100236435e-01 -1.086169971199e+01 1.909810873573e+01 5.413948059082e+00 -1.789999127388e+00
G1-1 1863 4 9.177294767363e-01 -1.538290044288e+01 1.905966873049e+01 4.658875465393e+00 -1.532699942589e+00
G1-1 1864 1 -1.383594750169e+01 1.445329684694e+01 1.214209999849e+02 5.798729896545e+00 -1.905546784401e+00
G1-1 1864 2 -1.660020448102e+01 1.773568585886e+01 1.218326335681e+02 6.457836627960e+00 -2.148488759995e+00
G1-1 1864 3 -1.660020448102e+01 1.773568585886e+01 1.262144683526e+02 6.470075607300e+00 -2.151885986328e+00
G1-1 1864 4 -1.240757702321e+01 1.773568585886e+01 1.218326335681e+02 5.145723819733e+00 -1.674107193947e+00
G1-1 1865 1 2.794568057141e+00 -1.254501224732e+01 9.348486469667e+01 8.428537368774e+00 -3.152603149414e+00
G1-1 1865 2 -1.776207920486e+00 -1.186140227916e+01 9.352995234059e+01 8.075315475464e+00 -3.861828088760e+00
G1-1 1865 3 1.944894797071e-01 -1.592905954988e+01 9.105340537884e+01 8.536497116089e+00 -2.930142402649e+00
G1-1 1865 4 1.944894797071e-01 -1.425200856676e+01 9.543523675138e+01 8.546792030334e+00 -2.914264917374e+00
G1-1 1866 1 1.745440686445e+01 1.363570249370e+01 1.262032105215e+02 6.578237533569e+00 -2.180220365524e+00
G1-1 1866 2 1.745440686445e+01 1.754267801347e+01 1.239959721558e+02 6.657537937164e+00 -2.216812372208e+00
G1-1 1866 3 1.326177940664e+01 1.754267801347e+01 1.283778050542e+02 6.317705154419e+00 -2.098244428635e+00
G1-1 1866 4 1.745440686445e+01 1.754267801347e+01 1.283778050542e+02 6.628940105438e+00 -2.205849170685e+00
G1-1 1867 1 -1.030426722477e+01 -8.664540086508e+00 9.203983217816e+01 9.005697250366e+00 -1.990099191666e+00
G1-1 1867 2 -7.243811675593e+00 -8.909300048082e+00 9.201585286031e+01 8.790308952332e+00 -2.421240806580e+00
G1-1 1867 3 -1.030426722477e+01 -9.143697814898e+00 9.018647793495e+01 9.081096649170e+00 -1.839309811592e+00
G1-1 1867 4 -1.030426722477e+01 -6.508331801489e+00 8.830517131613e+01 8.921035766602e+00 -2.159496545792e+00
G1-1 1868 1 8.654208215060e+00 9.229196314308e+00 7.633276712623e+01 6.211538314819e+00 -1.888697147369e+00
G1-1 1868 2 1.105909027615e+01 4.210037562336e+00 7.735423404360e+01 8.594124794006e+00 -2.812527894974e+00
G1-1 1868 3 1.441319224240e+01 8.544166231948e+00 7.731916735251e+01 5.521711826324e+00 -1.746164917946e+00
G1-1 1868 4 9.492073776731e+00 6.747110483869e+00 7.932371276428e+01 6.966698169708e+00 -2.206600427628e+00
G1-1 1869 1 2.819394628628e+00 1.234422731509e+00 5.684720211512e+01 8.575008392334e+00 -2.850837945938e+00
G1-1 1869 2 6.404579425897e+00 -4.182698025573e-01 6.049313831642e+01 8.576768875122e+00 -2.847696542740e+00
G1-1 1869 3 6.553175792051e+00 1.640030113927e+00 5.673959032011e+01 8.508352279663e+00 -2.984357118607e+00
G1-1 1869 4 5.500093904712e+00 3.866370567923e+00 6.051148617950e+01 8.602133750916e+00 -2.797527074814e+00
G1-1 1870 1 -4.630407434357e-01 3.151952445195e+00 5.706809235966e+01 8.458922386169e+00 -3.085714817047e+00
G1-1 1870 2 -1.197628875589e+00 3.491908983835e+00 6.049149141548e+01 8.609019279480e+00 -2.782862424850e+00
G1-1 1870 3 2.217658679999e+00 5.783900281608e+00 6.073237642404e+01 8.613041877747e+00 -2.775582790375e+00
G1-1 1870 4 -3.031670492030e+00 7.770167194850e+00 5.789782861918e+01 8.610647201538e+00 -2.780122995377e+00
G1-1 1871 1 1.504752124128e+01 -5.944973213558e+00 1.271908610516e+02 5.379467964172e+00 -1.690024733543e+00
G1-1 1871 2 1.787596332769e+01 -6.454354221934e+00 1.260918400798e+02 5.380731582642e+00 -1.685936927795e+00
G1-1 1871 3 1.787596332769e+01 -2.162182458132e+00 1.239678332850e+02 4.507033824921e+00 -1.355285763741e+00
G1-1 1871 4 1.787596332769e+01 -2.187597610267e+00 1.288204174268e+02 4.426642417908e+00 -1.322347521782e+00
G1-1 1872 1 6.430188325737e+00 2.426604141534e+00 7.525067168269e+01 4.040984153748e+00 1.613328218460e+00
G1-1 1872 2 5.966307118817e+00 -6.116989711927e-01 7.545250859260e+01 8.782712936401e+00 -2.435236692429e+00
G1-1 1872 3 9.320402308813e+00 1.070373695674e-01 7.420761912380e+01 8.585281372070e+00 -2.844749450684e+00
G1-1 1872 4 9.320402308813e+00 5.861947338801e-01 7.606097336702e+01 6.951092720032e+00 -6.126639366150e+00
G1-1 1873 1 2.816602444035e+00 -1.112311810747e+01 7.407667386244e+01 7.086487293243e+00 -2.214651823044e+00
G1-1 1873 2 5.254101241578e-01 -8.660659687411e+00 7.013519461582e+01 7.511017799377e+00 -2.380329370499e+00
G1-1 1873 3 2.887955884652e+00 -1.098692979293e+01 6.897296880510e+01 6.131060600281e+00 -1.859509348869e+00
G1-1 1873 4 -2.048390970025e+00 -1.103632719078e+01 7.321534124447e+01 6.527448654175e+00 -1.981888771057e+00
G1-1 1874 1 1.472407209704e+01 5.104527985446e+00 3.289460722859e+01 5.376110553741e+00 -1.662714481354e+00
G1-1 1874 2 1.779960746027e+01 2.098158001066e+00 3.646955267920e+01 4.314446449280e+00 -1.262906908989e+00
G1-1 1874 3 1.779960746027e+01 1.985237286000e+00 3.170563925816e+01 3.859347581863e+00 -1.066015958786e+00
G1-1 1874 4 1.779960746027e+01 6.279001117685e+00 3.388803431489e+01 4.746614456177e+00 -1.416642546654e+00
G1-1 1875 1 -4.211002202863e+00 -3.975715332067e+00 1.074485044952e+02 8.575301170349e+00 -2.849944829941e+00
G1-1 1875 2 -5.993802306875e+00 -8.596598277876e+00 1.034304026616e+02 8.529351234436e+00 -2.944153785706e+00
G1-1 1875 3 -5.030311698491e+00 -8.019398047922e+00 1.067827269920e+02 8.587693214417e+00 -2.824959278107e+00
G1-1 1875 4 -9.147790896263e+00 -4.542810756343e+00 1.035354025944e+02 6.512923240662e+00 -2.120280981064e+00
G1-1 1876 1 5.914869277163e+00 1.563326864547e+01 1.263987641107e+02 5.019384860992e+00 -1.627665281296e+00
G1-1 1876 2 7.568428853999e+00 1.801423953273e+01 1.284239689945e+02 5.693515300751e+00 -1.880576252937e+00
G1-1 1876 3 7.568428853999e+00 1.801423953273e+01 1.240421360961e+02 4.526054382324e+00 -1.448922634125e+00
G1-1 1876 4 3.375801396187e+00 1.801423953273e+01 1.284239689945e+02 5.352994441986e+00 -1.762188911438e+00
G1-1 1877 1 -1.092971176266e+01 -1.823176274578e+01 9.662670012369e+01 6.417367458344e-01 1.958330720663e-01
G1-1 1877 2 -1.176823725422e+01 -1.655471176266e+01 9.662670012369e+01 2.875698089600e+00 -4.709179997444e-01
G1-1 1877 3 -1.092971176266e+01 -1.823176274578e+01 9.224487063724e+01 5.522789001465e+00 -2.010894298553e+00
G1-1 1877 4 -1.512233922047e+01 -1.823176274578e+01 9.662670012369e+01 1.003664970398e+00 2.022225856781e-01
G1-1 1878 1 -1.473404540155e+01 -6.586734133404e+00 3.757221982137e+01 5.730780601501e+00 -1.859189033508e+00
G1-1 1878 2 -1.780196183809e+01 -3.700895891741e+00 3.883483770078e+01 5.475866794586e+00 -1.757347941399e+00
G1-1 1878 3 -1.780196183809e+01 -8.023926897376e+00 3.660582567509e+01 6.315368175507e+00 -2.081530332565e+00
G1-1 1878 4 -1.780196183809e+01 -8.177796461556e+00 4.087719019754e+01 6.678052425385e+00 -2.208795070648e+00
G1-1 1879 1 6.255250723743e+00 1.490018619592e+01 1.164070709312e+02 4.228371620178e+00 -1.302250742912e+00
G1-1 1879 2 3.456154555860e+00 1.784118212364e+01 1.185801846695e+02 4.302750110626e+00 -1.342391848564e+00
G1-1 1879 3 7.648782013672e+00 1.784118212364e+01 1.185801846695e+02 4.278409004211e+00 -1.337749958038e+00
G1-1 1879 4 7.648782013672e+00 1.784118212364e+01 1.141983479989e+02 3.448417425156e+00 -9.925234317780e-01
G1-1 1880 1 -5.122097755949e+00 1.358261058271e+01 1.158436624434e+02 4.352542400360e+00 -1.345206737518e+00
G1-1 1880 2 -6.486407083414e+00 1.647449330471e+01 1.182852348372e+02 4.309784412384e+00 -1.346285462379e+00
G1-1 1880 3 -2.695660307690e+00 1.200268167750e+01 1.175992296562e+02 4.536286830902e+00 -1.410897254944e+00
G1-1 1880 4 -2.293779529824e+00 1.647449330471e+01 1.139034038249e+02 3.517070293427e+00 -1.002644777298e+00
G1-1 1881 1 -1.385300083442e+00 1.313068302916e+01 3.610345570306e+01 6.463003635406e+00 -2.032073974609e+00
G1-1 1881 2 -3.528393542365e+00 1.439838606683e+01 3.601592069635e+01 6.053712844849e+00 -1.881946802139e+00
G1-1 1881 3 -3.534956464659e+00 1.684572164707e+01 3.938059729745e+01 4.228291988373e+00 -1.148191094398e+00
G1-1 1881 4 -1.392495478621e+00 1.684572164707e+01 3.680426900945e+01 4.689672470093e+00 -1.350086927414e+00
G1-1 1882 1 1.662497833423e+01 1.329256938064e+01 1.370581507461e+02 6.097170829773e+00 -2.006133317947e+00
G1-1 1882 2 1.394089172729e+01 1.438446702490e+01 1.419209329030e+02 6.393942832947e+00 -2.120600461960e+00
G1-1 1882 3 1.662497833423e+01 1.687398074819e+01 1.399298170011e+02 6.660769462585e+00 -2.216480731964e+00
G1-1 1882 4 1.243235087641e+01 1.687398074819e+01 1.399298170011e+02 6.557450771332e+00 -2.186276674271e+00
G1-1 1883 1 -1.320533905183e+01 7.482165120238e+00 1.196454720315e+02 5.920426845551e+00 -1.934576511383e+00
G1-1 1883 2 -1.596959603116e+01 2.654181207572e+00 1.202993091692e+02 6.275071620941e+00 -2.050249576569e+00
G1-1 1883 3 -1.321234595659e+01 5.191431642304e+00 1.171005283798e+02 6.477121353149e+00 -2.131690025330e+00
G1-1 1883 4 -1.249352683700e+01 1.888991522512e+00 1.214075712788e+02 6.924201488495e+00 -2.279843330383e+00
G1-1 1884 1 -1.513154063724e+01 1.198067747827e+01 1.200659010832e+02 6.007051944733e+00 -1.976853728294e+00
G1-1 1884 2 -1.789579761657e+01 1.526306625442e+01 1.204775346664e+02 6.827848911285e+00 -2.339209318161e+00
G1-1 1884 3 -1.789579761657e+01 1.125797297903e+01 1.182967148162e+02 6.895152568817e+00 -2.295924663544e+00
G1-1 1884 4 -1.789579761657e+01 1.126659440736e+01 1.226549971392e+02 6.880774021149e+00 -2.287301778793e+00
G1-1 1885 1 -1.341489419082e+00 3.492706450178e+00 3.083771861338e+01 8.008467674255e+00 -2.644725799561e+00
G1-1 1885 2 -4.868115599398e+00 5.740021284669e+00 3.028325527305e+01 7.412860393524e+00 -2.429046869278e+00
G1-1 1885 3 -6.342246582046e+00 1.821402171141e+00 3.036626847784e+01 6.993912220001e+00 -2.288860082626e+00
G1-1 1885 4 -4.359901815535e+00 4.566176013659e+00 3.390919051231e+01 7.352131366730e+00 -2.398095607758e+00
G1-1 1886 1 -7.235717058894e+00 -1.146056153200e+00 6.251221735724e+01 8.608300209045e+00 -2.783506393433e+00
G1-1 1886 2 -3.982015566418e+00 1.133068503002e+00 6.176680620458e+01 7.282138824463e+00 -2.265063285828e+00
G1-1 1886 3 -3.247427316385e+00 7.931119201565e-01 5.834340714875e+01 5.709732532501e+00 -1.685300827026e+00
G1-1 1886 4 -8.157532124734e+00 2.349074233537e+00 6.279561967395e+01 8.590005874634e+00 -2.821664571762e+00
G1-1 1887 1 -3.781518029219e+00 1.662349230842e+01 4.792274262780e+01 3.488816499710e+00 -7.079166769981e-01
G1-1 1887 2 -5.956461531163e+00 1.752594700940e+01 4.488612872827e+01 2.068557500839e+00 -8.359593153000e-02
G1-1 1887 3 -8.812670919653e+00 1.536973919590e+01 4.741102746510e+01 7.565741539001e+00 -2.455307006836e+00
G1-1 1887 4 -8.812670919653e+00 1.662349230842e+01 4.792274262780e+01 1.851468324661e+00 1.606146693230e-01
G1-1 1888 1 -1.790855295662e+01 -1.134924219444e+01 2.308397664196e+01 5.707133293152e+00 -1.881919026375e+00
G1-1 1888 2 -1.518557312477e+01 -1.219115515395e+01 2.425148882706e+01 5.743885040283e+00 -1.895800113678e+00
G1-1 1888 3 -1.790855295662e+01 -1.538428402738e+01 2.086613919608e+01 4.827553749084e+00 -1.581897258759e+00
G1-1 1888 4 -1.790855295662e+01 -1.172076978849e+01 1.937271441143e+01 4.326852798462e+00 -1.386407613754e+00
G1-1 1889 1 -1.332294901688e+01 1.847112632365e+01 4.649009451603e+01 1.589982867241e+00 -5.728781223297e-01
G1-1 1889 2 -1.667705098312e+01 1.847112585213e+01 4.649009451603e+01 4.932112693787e-01 1.853038370609e-01
G1-1 1889 3 -1.332294901688e+01 1.756867115116e+01 4.805319085385e+01 2.556507825851e+00 -1.087489724159e+00
G1-1 1889 4 -1.667705098312e+01 1.847112585213e+01 4.805319085385e+01 5.744963288307e-01 2.486707568169e-01
G1-1 1890 1 -9.953653310905e+00 1.522064038676e+01 4.514744015752e+01 3.375995397568e+00 -7.752370834351e-01
G1-1 1890 2 -9.953653310905e+00 1.737684843602e+01 4.141277646636e+01 2.394277572632e+00 -3.351235389709e-01
G1-1 1890 3 -7.097443863475e+00 1.737684890754e+01 4.262253953460e+01 1.912613630295e+00 -1.274070423096e-02
G1-1 1890 4 -8.614796500341e+00 1.508944591530e+01 4.258040683590e+01 4.999316215515e+00 -1.505659461021e+00
G1-1 1891 1 -1.771352549156e+01 1.819225232149e+01 4.697311723103e+01 2.631927728653e-01 5.925309285522e-02
G1-1 1891 2 -1.771352549156e+01 1.819225232149e+01 4.853621356885e+01 3.259525597095e-01 4.517376795411e-02
G1-1 1891 3 -1.771352549156e+01 1.728979809205e+01 4.853621356885e+01 1.975474804640e-01 1.821408607066e-02
G1-1 1891 4 -1.435942352531e+01 1.728979714900e+01 4.853621451189e+01 9.984791278839e-01 -4.771132767200e-01
G1-1 1892 1 4.619276141616e+00 1.563326864547e+01 1.250447051647e+02 4.831365108490e+00 -1.555377483368e+00
G1-1 1892 2 2.080208260640e+00 1.801423953273e+01 1.270699081624e+02 4.562608242035e+00 -1.471045374870e+00
G1-1 1892 3 6.272835718452e+00 1.801423953273e+01 1.226880752640e+02 5.003911972046e+00 -1.622527837753e+00
G1-1 1892 4 2.080208260640e+00 1.801423953273e+01 1.226880752640e+02 3.723060369492e+00 -1.132322430611e+00
G1-1 1893 1 1.739305702902e+01 -1.670436080453e+01 1.120282716877e+02 4.189116954803e+00 -1.331350922585e+00
G1-1 1893 2 1.553136905162e+01 -1.433113210134e+01 1.120501526447e+02 4.737096309662e+00 -1.463272809982e+00
G1-1 1893 3 1.486358531075e+01 -1.670436080453e+01 1.145893911241e+02 3.640667915344e+00 -1.079478979111e+00
G1-1 1893 4 1.739305702902e+01 -1.245776324821e+01 1.144686927222e+02 3.629157781601e+00 -9.610942602158e-01
G1-1 1894 1 -7.456818610617e+00 1.196618627109e+01 1.492673300706e+00 3.084159374237e+00 -4.212336540222e+00
G1-1 1894 2 -5.442080948887e+00 1.615881372891e+01 6.323065569989e+00 4.846432685852e+00 -1.597391843796e+00
G1-1 1894 3 -3.264191211745e+00 1.196618627109e+01 1.492673300706e+00 2.788048982620e+00 -3.307392835617e+00
G1-1 1894 4 -7.456818610617e+00 1.615881372891e+01 1.492673300706e+00 4.166325569153e+00 -5.686581134796e+00
G1-1 1895 1 7.475827786723e+00 -1.112693720259e+01 9.932647183396e+01 2.569322109222e+00 -1.494629001617e+01
G1-1 1895 2 1.035903879888e+01 -1.287129714111e+01 1.001451976696e+02 7.922299385071e+00 -4.169788360596e+00
G1-1 1895 3 1.035903879888e+01 -1.335045491453e+01 9.829184001446e+01 8.663451194763e+00 -2.685683727264e+00
G1-1 1895 4 1.035903879888e+01 -1.071508866536e+01 9.641053680762e+01 8.940378189087e+00 -2.120153188705e+00
G1-1 1896 1 1.118883038977e+01 -1.704722056093e+01 8.973673642194e+01 2.448337078094e+00 -1.905883997679e-01
G1-1 1896 2 1.538145784758e+01 -1.704722056093e+01 8.973673642194e+01 1.592953443527e+00 -2.625726759434e-01
G1-1 1896 3 1.202735588133e+01 -1.321396152855e+01 9.038390845833e+01 8.594466209412e+00 -2.811766624451e+00
G1-1 1896 4 1.202735588133e+01 -1.537016981357e+01 9.411856779448e+01 8.574056625366e+00 -2.852873563766e+00
G1-1 1897 1 -8.189601256177e-02 -1.051280179759e+01 1.044170046180e+02 8.574854850769e+00 -2.852365493774e+00
G1-1 1897 2 -1.742572850024e+00 -1.118930719339e+01 1.068310083026e+02 8.496828079224e+00 -2.758863449097e+00
G1-1 1897 3 -8.189601256177e-02 -1.412621468428e+01 1.034162521244e+02 6.762459278107e+00 -2.027667284012e+00
G1-1 1897 4 1.313759761165e+00 -1.224387576475e+01 1.068821521914e+02 6.419869422913e+00 -1.968106985092e+00
G1-1 1898 1 -1.296751464977e+01 1.163921770317e+01 1.284433055628e+02 5.698499679565e+00 -1.862102270126e+00
G1-1 1898 2 -1.673238782405e+01 1.535306616114e+01 1.282890622080e+02 6.468148231506e+00 -2.146506309509e+00
G1-1 1898 3 -1.396813084472e+01 1.207067714923e+01 1.234955976124e+02 5.972794055939e+00 -1.961772680283e+00
G1-1 1898 4 -1.673238782405e+01 1.135659407832e+01 1.260846917823e+02 6.320656299591e+00 -2.083809137344e+00
G1-1 1899 1 6.399518566929e+00 -6.760335812164e+00 1.165706704634e+02 6.160636425018e+00 -1.958403587341e+00
G1-1 1899 2 6.800604805702e+00 -1.039336740249e+01 1.158416691755e+02 6.548321247101e+00 -2.096064329147e+00
G1-1 1899 3 8.977390675517e+00 -7.471574389712e+00 1.125075424014e+02 4.989819526672e+00 -1.507390856743e+00
G1-1 1899 4 9.711447648476e+00 -7.367897139291e+00 1.167192002962e+02 6.238971233368e+00 -1.989871263504e+00
G1-1 1900 1 -8.099215147821e+00 -1.196262169408e+01 9.981008478021e+01 3.426669836044e+00 -1.319062614441e+01
G1-1 1900 2 -1.050620059241e+01 -1.354773314438e+01 9.840600648762e+01 7.604294300079e+00 -4.842481136322e+00
G1-1 1900 3 -1.050620059241e+01 -1.306857560673e+01 1.002593641428e+02 8.725100517273e+00 -2.550778150558e+00
G1-1 1900 4 -1.050620059241e+01 -1.091236689521e+01 9.652470328078e+01 8.768808364868e+00 -2.464487314224e+00
G1-1 1901 1 -1.799604038240e+01 8.756466123782e+00 7.107385465787e+01 3.544957160950e+00 -1.096267819405e+00
G1-1 1901 2 -1.555617530819e+01 1.158822644537e+01 7.370837919443e+01 3.821264028549e+00 -1.103709578514e+00
G1-1 1901 3 -1.799604038240e+01 1.474593377231e+01 7.236819531868e+01 5.739478111267e+00 -1.865067362785e+00
G1-1 1901 4 -1.799604038240e+01 1.093567799890e+01 7.475849111710e+01 2.878787994385e+00 -6.936702728271e-01
G1-1 1902 1 -4.971026127992e+00 -1.526418035561e+01 1.147290317755e+02 6.436621665955e+00 -2.033781051636e+00
G1-1 1902 2 -2.379906665971e+00 -1.792710972450e+01 1.137248381311e+02 4.671315193176e+00 -1.345861315727e+00
G1-1 1902 3 -5.594535615269e+00 -1.792710972450e+01 1.149612640308e+02 5.321819305420e+00 -1.620167016983e+00
G1-1 1902 4 -4.575016531476e+00 -1.792710972450e+01 1.110956036723e+02 2.803282260895e+00 -4.619573652744e-01
G1-1 1903 1 -2.264391143018e+00 -2.371087946154e+00 9.319368233424e+01 8.582273483276e+00 -2.836133718491e+00
G1-1 1903 2 -5.728527828733e+00 -8.864571565237e-01 8.925744387195e+01 7.340367317200e+00 -2.298444509506e+00
G1-1 1903 3 -4.157280723563e+00 -6.010021520250e+00 8.899083944136e+01 8.635148048401e+00 -2.730518817902e+00
G1-1 1903 4 -4.235088543211e+00 -6.496079955861e+00 9.216185515323e+01 8.542616844177e+00 -2.921285152435e+00
G1-1 1904 1 1.037171264221e+01 -1.808369530513e+01 1.054471788659e+02 6.538051605225e+00 -2.083929538727e+00
G1-1 1904 2 1.037171264221e+01 -1.808369483361e+01 1.081304604389e+02 6.955650329590e+00 -2.193061351776e+00
G1-1 1904 3 1.037171264221e+01 -1.592748702011e+01 1.043957995768e+02 2.821303844452e+00 3.423162922263e-02
G1-1 1904 4 7.529515298308e+00 -1.808369530513e+01 1.069582322610e+02 5.238657951355e+00 -1.680894613266e+00
G1-1 1905 1 6.859432434122e+00 -6.816216154200e+00 8.463521225696e+01 8.759837150574e+00 -2.481652498245e+00
G1-1 1905 2 1.021352762412e+01 -6.097481716609e+00 8.339032808623e+01 8.904630661011e+00 -2.192583084106e+00
G1-1 1905 3 1.021352762412e+01 -5.618323847825e+00 8.524368421553e+01 8.905690193176e+00 -2.190664768219e+00
G1-1 1905 4 1.021352762412e+01 -8.253690332757e+00 8.712499083435e+01 8.931200027466e+00 -2.139683246613e+00
G1-1 1906 1 -1.054703934385e+01 5.306095222202e+00 8.842091369515e+01 5.010758876801e+00 -1.522768139839e+00
G1-1 1906 2 -1.248279946139e+01 9.398278578799e+00 8.860858069797e+01 6.197748184204e+00 -2.000527620316e+00
G1-1 1906 3 -1.546815733800e+01 7.479906708077e+00 8.794066730227e+01 6.236711025238e+00 -2.033853530884e+00
G1-1 1906 4 -1.275436896906e+01 6.861802941240e+00 9.258047764787e+01 6.344624996185e+00 -2.070733547211e+00
G1-1 1907 1 -4.711483420394e-01 -1.735095930951e+01 1.356620129383e+02 5.696495532990e+00 -1.826467871666e+00
G1-1 1907 2 -2.975091750281e+00 -1.282356803246e+01 1.410297331020e+02 5.176248073578e+00 -1.640756368637e+00
G1-1 1907 3 -3.008482131514e+00 -1.735095930951e+01 1.399609406493e+02 5.575073719025e+00 -1.784875750542e+00
G1-1 1907 4 1.955052630263e+00 -1.735095930951e+01 1.399241565721e+02 5.623977184296e+00 -1.802758097649e+00
G1-1 1908 1 -1.250149108454e+01 -1.610366801881e+01 9.589688458928e+01 8.287998199463e+00 -3.426751852036e+00
G1-1 1908 2 -1.166296559297e+01 -1.778071900193e+01 9.151505321674e+01 1.305699110031e+00 8.864234685898e-01
G1-1 1908 3 -1.585559305079e+01 -1.778071900193e+01 9.589688458928e+01 6.971328258514e-01 2.874502182007e+00
G1-1 1908 4 -1.403582433329e+01 -1.632111128537e+01 9.353515190890e+01 4.257683277130e+00 -1.396433234215e+00
G1-1 1909 1 -5.937108515043e+00 -1.034759111690e+01 8.823889852947e+01 8.653255462646e+00 -2.694547891617e+00
G1-1 1909 2 -8.236846392310e+00 -1.490130682324e+01 8.893336916567e+01 6.537012100220e+00 -1.956733822823e+00
G1-1 1909 3 -6.014916334691e+00 -1.083364955251e+01 9.140991424134e+01 8.651378631592e+00 -2.698990583420e+00
G1-1 1909 4 -9.075371883872e+00 -1.106804779085e+01 8.958053931597e+01 8.607778549194e+00 -2.787590742111e+00
G1-1 1910 1 1.551188732136e+01 8.318886906114e+00 4.901101527309e+01 4.467300891876e+00 -1.424062252045e+00
G1-1 1910 2 1.798558528904e+01 8.977593103573e+00 5.279806615555e+01 6.177994251251e+00 -2.246866464615e+00
G1-1 1910 3 1.798558528904e+01 7.060860588568e+00 4.922686325342e+01 1.586558818817e+00 -1.362600922585e-01
G1-1 1910 4 1.798558528904e+01 1.113380157933e+01 4.906340529352e+01 6.628849506378e+00 -2.336806058884e+00
G1-1 1911 1 -1.366095718237e+00 1.314274513650e+01 1.277614407387e+02 4.886031150818e+00 -1.572659015656e+00
G1-1 1911 2 -5.504864006515e+00 1.742630668505e+01 1.287456523670e+02 4.913940906525e+00 -1.598208904266e+00
G1-1 1911 3 -1.312236537651e+00 1.742630668505e+01 1.287456523670e+02 5.122824668884e+00 -1.677864432335e+00
G1-1 1911 4 -1.312236537651e+00 1.742630668505e+01 1.243638194686e+02 4.599320888519e+00 -1.474260330200e+00
G1-1 1912 1 1.278947380729e+01 -2.217931522127e+00 1.458588246589e+02 4.694786548615e+00 -1.457141518593e+00
G1-1 1912 2 1.536342035022e+01 -6.695700249960e+00 1.490223992267e+02 5.277563095093e+00 -1.682204127312e+00
G1-1 1912 3 1.117079289241e+01 -2.503072777413e+00 1.490223992267e+02 4.526564121246e+00 -1.394520759583e+00
G1-1 1912 4 1.117079289241e+01 -6.695700249960e+00 1.490223992267e+02 5.008444309235e+00 -1.582668304443e+00
G1-1 1913 1 1.388692239260e+01 -5.188406395374e+00 9.793115350992e+01 1.931475996971e+00 -2.457749247551e-01
G1-1 1913 2 1.631371706671e+01 -8.093169701523e+00 9.561899180068e+01 5.773565769196e+00 -1.906910419464e+00
G1-1 1913 3 1.421063849211e+01 -7.716647529293e+00 9.927724350395e+01 6.367045402527e+00 -2.508144617081e+00
G1-1 1913 4 1.295961533623e+01 -8.093169701523e+00 9.561899180068e+01 3.021949291229e+00 -6.089208722115e-01
G1-1 1914 1 4.621370229065e+00 1.285251239579e+01 4.990271462384e+01 8.165374755859e+00 -3.689597845078e+00
G1-1 1914 2 7.309804514938e+00 1.467590466935e+01 5.120287534076e+01 5.617030143738e+00 -8.844470977783e+00
G1-1 1914 3 2.278651624504e+00 1.545050118726e+01 4.986123455426e+01 8.718708038330e+00 -2.566143035889e+00
G1-1 1914 4 2.278651624504e+00 1.467590466935e+01 5.120287534076e+01 5.470510959625e+00 -9.114269256592e+00
G1-1 1915 1 -5.172469710348e+00 1.303567451828e+01 5.079913423389e+01 5.185110092163e+00 -9.670227050781e+00
G1-1 1915 2 -2.408748564452e+00 1.567659715890e+01 4.975613209159e+01 9.155659675598e+00 -1.688886404037e+00
G1-1 1915 3 -7.439901572767e+00 1.567659715890e+01 4.975613209159e+01 9.548526763916e+00 -2.165865451097e-01
G1-1 1915 4 -2.408748564452e+00 1.490200087675e+01 5.109777287809e+01 4.522077560425e+00 -1.102968692780e+01
G1-1 1916 1 -6.727181550158e+00 1.279631072185e+01 5.121372403726e+01 8.715881347656e+00 -2.570616006851e+00
G1-1 1916 2 -8.994613353636e+00 1.543723359823e+01 5.017072189497e+01 8.354270935059e+00 -3.364176034927e+00
G1-1 1916 3 -8.994613353636e+00 1.466263684455e+01 5.151236268147e+01 1.886606097221e+00 -1.676874923706e+01
G1-1 1916 4 -3.963460345322e+00 1.466263708031e+01 5.151236268147e+01 4.007108211517e+00 -1.212846755981e+01
G1-1 1917 1 -1.202031072665e+01 -3.068430596331e+00 6.099365897551e+00 4.302589893341e+00 -3.026044845581e+00
G1-1 1917 2 -1.716133580510e+01 -7.066921251114e-01 3.337890525915e+00 4.645048618317e+00 -2.991385221481e+00
G1-1 1917 3 -1.716133580510e+01 -3.137174520437e+00 7.354873542260e+00 5.252194881439e+00 -2.106352090836e+00
G1-1 1917 4 -1.716133580510e+01 1.798624985410e+00 7.361072663364e+00 5.090398311615e+00 -2.549117565155e+00
G1-1 1918 1 -4.235940508246e+00 -6.386190873429e+00 1.020193596098e+02 8.302785873413e+00 -3.395410060883e+00
G1-1 1918 2 -3.362045189804e+00 4.673385787954e-01 1.031879862742e+02 3.746639490128e+00 -9.853979349136e-01
G1-1 1918 3 -2.453140315823e+00 -1.765307839210e+00 1.060374633294e+02 5.407751560211e+00 -1.663099527359e+00
G1-1 1918 4 -1.611773003460e+00 -1.455703643317e+00 9.974182408740e+01 7.636668682098e+00 -2.523972034454e+00
G1-1 1919 1 7.034215816245e-01 4.400019965719e+00 3.963771074242e+00 2.884578466415e+00 -3.269349336624e+00
G1-1 1919 2 1.155800394480e+00 6.221076297514e+00 9.357194207685e-01 1.753611922264e+00 -4.107445240021e+00
G1-1 1919 3 5.348427822822e+00 2.028448898642e+00 9.357194207685e-01 1.546924114227e+00 -3.947140216827e+00
G1-1 1919 4 1.155800394480e+00 2.028448898642e+00 9.357194207685e-01 1.302503705025e+00 -3.863574266434e+00
G1-1 1920 1 1.269808261349e+01 -1.289518449306e+01 1.208339232668e+02 4.946407318115e+00 -1.521263003349e+00
G1-1 1920 2 1.572804070462e+01 -1.099755995259e+01 1.245477832401e+02 4.901124477386e+00 -1.513128042221e+00
G1-1 1920 3 1.289959861821e+01 -1.048817923892e+01 1.256468023259e+02 5.792660236359e+00 -1.846885919571e+00
G1-1 1920 4 1.180717467774e+01 -1.524313027050e+01 1.238695349905e+02 5.596874237061e+00 -1.782535314560e+00
G1-1 1921 1 6.028206572072e+00 -1.258562728107e+00 1.031225129882e+02 8.527939796448e+00 -2.944508790970e+00
G1-1 1921 2 3.600587671695e+00 8.829245754439e-01 1.027213659115e+02 8.161533355713e+00 -2.708967208862e+00
G1-1 1921 3 1.838936065220e+00 -1.040117646668e+00 9.927520561073e+01 8.451511383057e+00 -3.097410440445e+00
G1-1 1921 4 1.838936065220e+00 -4.716899427853e+00 1.024910580067e+02 7.265363216400e+00 -2.383415699005e+00
G1-1 1922 1 1.375634891655e+01 -5.906036432858e+00 1.080086820556e+02 5.430529594421e+00 -1.722752213478e+00
G1-1 1922 2 1.757115900627e+01 -2.797480204572e+00 1.085653925590e+02 6.030482292175e+00 -1.967709302902e+00
G1-1 1922 3 1.757115900627e+01 -6.988377814319e+00 1.076946667905e+02 4.368063926697e+00 -1.319416642189e+00
G1-1 1922 4 1.757115900627e+01 -4.972940390336e+00 1.048162698864e+02 5.445960998535e+00 -1.772840261459e+00
G1-1 1923 1 1.036021994040e+01 2.355959552267e+00 8.539479593263e+01 6.587670326233e+00 -2.073310613632e+00
G1-1 1923 2 1.183174737053e+01 -9.389376633611e-01 8.461112619191e+01 8.034222602844e+00 -2.582933425903e+00
G1-1 1923 3 1.183174737053e+01 1.217270645499e+00 8.087646532988e+01 8.601430892944e+00 -2.797316074371e+00
G1-1 1923 4 1.518584933678e+01 4.440351435131e+00 8.493460473308e+01 4.981199741364e+00 -1.537167787552e+00
G1-1 1924 1 4.093334861996e+00 3.930730244447e+00 6.716880785516e+01 8.682477951050e+00 -2.635676383972e+00
G1-1 1924 2 5.711789530782e-01 3.288737269652e+00 6.430975528923e+01 8.643148422241e+00 -2.714475154877e+00
G1-1 1924 3 1.673551826817e+00 5.927568919006e+00 6.778979832784e+01 8.681970596313e+00 -2.636708259583e+00
G1-1 1924 4 3.986466449726e+00 5.580728626366e+00 6.455064029779e+01 8.684246063232e+00 -2.632040262222e+00
G1-1 1925 1 1.332294901688e+01 -1.957116470705e+00 8.436895834122e+01 6.445277214050e+00 -1.989124536514e+00
G1-1 1925 2 1.332294901688e+01 1.990922507377e-01 8.063429559310e+01 7.462866783142e+00 -2.380960464478e+00
G1-1 1925 3 1.667705098312e+01 3.422172392026e+00 8.469243499630e+01 5.401354312897e+00 -1.728033423424e+00
G1-1 1925 4 1.667705098312e+01 -1.957116087593e+00 8.436895645513e+01 3.382534980774e+00 -9.305508136749e-01
G1-1 1926 1 8.073770127797e+00 1.255513298068e+00 8.502045284137e+01 7.786876678467e+00 -2.456943511963e+00
G1-1 1926 2 9.545297557924e+00 -2.039383917559e+00 8.423678498675e+01 6.969585418701e+00 -2.038387537003e+00
G1-1 1926 3 5.500292253760e+00 -2.212137578536e-01 8.334886594643e+01 8.591106414795e+00 -2.819647073746e+00
G1-1 1926 4 9.545297557924e+00 1.168243913014e-01 8.050212223863e+01 8.635824203491e+00 -2.728983879089e+00
G1-1 1927 1 1.032604408616e+01 7.093916534720e+00 9.337359248639e+01 5.793724536896e+00 -1.855075001717e+00
G1-1 1927 2 8.362961583452e+00 5.552103846022e+00 8.903643249756e+01 6.423897743225e+00 -2.044508934021e+00
G1-1 1927 3 6.575287695029e+00 8.148077516183e+00 9.139966267210e+01 6.932540893555e+00 -2.243130445480e+00
G1-1 1927 4 9.492971583251e+00 9.408063605913e+00 8.835843825947e+01 4.463168621063e+00 -1.299124360085e+00
G1-1 1928 1 -9.849083726959e-01 -4.257637160197e+00 7.127350864530e+01 8.630338668823e+00 -2.739627122879e+00
G1-1 1928 2 -3.633691749732e+00 -2.680147677517e+00 7.685598801102e+01 8.669180870056e+00 -2.662335395813e+00
G1-1 1928 3 7.446190039621e-01 -2.332882517587e+00 7.457707593929e+01 8.653570175171e+00 -2.693418264389e+00
G1-1 1928 4 -2.873208650683e+00 -6.757962534410e-01 7.193052762411e+01 8.658777236938e+00 -2.682997703552e+00
G1-1 1929 1 -2.016122693136e+00 1.312919474346e+01 7.926023024193e+01 4.741047859192e+00 -1.280961036682e+00
G1-1 1929 2 2.379193420478e+00 1.286684674416e+01 7.628296471333e+01 7.419660091400e+00 -2.338082551956e+00
G1-1 1929 3 -1.903861877172e+00 1.306339108361e+01 7.518038012003e+01 6.702270030975e+00 -2.070431947708e+00
G1-1 1929 4 -2.470773499247e-01 1.599336417408e+01 7.924594244181e+01 4.941999435425e+00 -1.375326395035e+00
G1-1 1930 1 8.773789626891e+00 1.250578134306e+01 7.751085129875e+01 2.981088161469e+00 -4.465740025043e-01
G1-1 1930 2 1.034014619642e+01 1.563229877299e+01 8.047382902723e+01 4.527743816376e+00 -1.300036549568e+00
G1-1 1930 3 1.083715425765e+01 1.248127146404e+01 8.237265646686e+01 5.789943218231e+00 -1.800877094269e+00
G1-1 1930 4 1.453277365423e+01 1.182075137859e+01 7.849725152503e+01 7.316158771515e+00 -2.408287286758e+00
G1-1 1931 1 1.332294901688e+01 2.541339358913e+00 7.590720621079e+01 3.124400854111e+00 -3.319490253925e-01
G1-1 1931 2 1.332294901688e+01 4.697547347081e+00 7.217254346267e+01 5.006918907166e+00 -1.399988651276e+00
G1-1 1931 3 1.667705098312e+01 6.875467306506e+00 7.587214140579e+01 5.803729534149e+00 -1.869518518448e+00
G1-1 1931 4 1.667705098312e+01 2.541338946331e+00 7.590720621079e+01 4.016169548035e+00 -1.150670528412e+00
G1-1 1932 1 -9.828861619558e-01 -1.587555110865e+01 5.993875199008e+01 3.845216274261e+00 -9.836910963058e-01
G1-1 1932 2 -5.049820551224e+00 -1.292006544678e+01 6.199078518583e+01 4.743756771088e+00 -1.359385251999e+00
G1-1 1932 3 1.327189981259e+00 -1.269963580936e+01 6.304119224381e+01 4.793642044067e+00 -1.361648440361e+00
G1-1 1932 4 -2.406714379606e+00 -1.270504079469e+01 5.850671961592e+01 4.185190200806e+00 -1.126335263252e+00
G1-1 1933 1 1.289308411835e+01 9.971520514432e+00 6.690562734854e+01 8.585844993591e+00 -2.828901529312e+00
G1-1 1933 2 1.242967561218e+01 6.955462190126e+00 6.741093160167e+01 8.454681396484e+00 -3.094050168991e+00
G1-1 1933 3 1.242967561218e+01 9.111670216871e+00 6.367627150258e+01 5.754886150360e+00 -1.542427778244e+00
G1-1 1933 4 1.578377757843e+01 6.955461954365e+00 6.741093160167e+01 1.901225924492e+00 6.614410877228e-01
G1-1 1934 1 -1.511839726294e+01 -5.320939237477e+00 1.205021234770e+02 4.922782421112e+00 -1.504647970200e+00
G1-1 1934 2 -1.789269500466e+01 -2.666012892122e+00 1.211154230114e+02 5.561031818390e+00 -1.763996839523e+00
G1-1 1934 3 -1.789269500466e+01 -6.297047840194e+00 1.195804975953e+02 4.951869964600e+00 -1.509423971176e+00
G1-1 1934 4 -1.789269500466e+01 -6.996516499686e+00 1.231602978963e+02 3.803858995438e+00 -1.047973036766e+00
G1-1 1935 1 1.350786700829e+01 2.799795986798e+00 6.020251649004e+01 3.856230735779e+00 -1.086233258247e+00
G1-1 1935 2 1.257480628349e+01 7.109167979184e+00 5.804633805975e+01 8.304691314697e+00 -2.714188575745e+00
G1-1 1935 3 1.257480628349e+01 4.952959635225e+00 6.178099986482e+01 5.808590412140e+00 -1.738804936409e+00
G1-1 1935 4 1.592890824974e+01 7.109167979184e+00 5.804633805975e+01 2.377018928528e+00 -4.383006989956e-01
G1-1 1936 1 -1.336945719190e+01 -9.856477461815e+00 1.164729687244e+02 5.556747436523e+00 -1.732113957405e+00
G1-1 1936 2 -1.333334704491e+01 -6.762369236287e+00 1.179439811380e+02 5.758055210114e+00 -1.813532829285e+00
G1-1 1936 3 -1.306929050215e+01 -7.353477291466e+00 1.144081508810e+02 4.868296146393e+00 -1.454414129257e+00
G1-1 1936 4 -1.610764502239e+01 -7.738477897945e+00 1.170223571424e+02 4.747414588928e+00 -1.414611220360e+00
G1-1 1937 1 7.724768696782e+00 1.475394008959e+00 6.866581545537e+01 7.450522422791e+00 -2.118508100510e+00
G1-1 1937 2 1.008940212830e+01 2.049406691023e+00 6.683557730186e+01 5.616562843323e+00 -1.164893269539e+00
G1-1 1937 3 1.008940212830e+01 -1.068016178379e-01 7.057023816389e+01 8.685914993286e+00 -2.628544807434e+00
G1-1 1937 4 8.698262202112e+00 -2.457213526304e+00 6.857982171559e+01 6.943059444427e+00 -2.097595214844e+00
G1-1 1938 1 -6.859421268308e+00 7.757056842263e+00 6.373520647363e+01 8.811858177185e+00 -2.377658367157e+00
G1-1 1938 2 -1.021352498823e+01 8.475792486488e+00 6.249031907103e+01 9.039202690125e+00 -1.923625826836e+00
G1-1 1938 3 -1.021352498823e+01 5.840426237318e+00 6.437162586995e+01 8.989325523376e+00 -2.023181676865e+00
G1-1 1938 4 -1.021352498823e+01 6.319583988221e+00 6.622497917012e+01 9.017164230347e+00 -1.967280387878e+00
G1-1 1939 1 -1.227084187417e+01 1.481530572502e+01 1.431880496389e+02 6.136879444122e+00 -2.033851385117e+00
G1-1 1939 2 -1.524098795870e+01 1.782114479831e+01 1.473575030035e+02 6.581699371338e+00 -2.243808507919e+00
G1-1 1939 3 -1.104836050089e+01 1.782114479831e+01 1.473575030035e+02 6.358947277069e+00 -2.245119094849e+00
G1-1 1939 4 -1.104836050089e+01 1.782114479831e+01 1.429756644468e+02 6.361370563507e+00 -2.205454349518e+00
G1-1 1940 1 1.392955862679e+01 1.063782539738e+01 6.575155423552e+01 5.998856544495e+00 -1.898250102997e+00
G1-1 1940 2 1.346615012062e+01 9.777974981935e+00 6.252219744651e+01 8.600106239319e+00 -2.800278902054e+00
G1-1 1940 3 1.682025208687e+01 9.777975217696e+00 6.252219744651e+01 1.729517579079e+00 -1.385702490807e-01
G1-1 1940 4 1.682025208687e+01 7.621766719429e+00 6.625685848865e+01 1.592438220978e+00 -7.642254699022e-03
G1-1 1941 1 1.599703317088e+01 -8.676226677604e+00 1.008234598456e+02 3.322370052338e+00 -1.013706564903e+00
G1-1 1941 2 1.810011245276e+01 -1.120895744347e+01 1.008998727766e+02 6.353333473206e+00 -2.321780443192e+00
G1-1 1941 3 1.810011245276e+01 -9.052748967714e+00 9.716521002845e+01 5.876348018646e+00 -2.183564424515e+00
G1-1 1941 4 1.810011245276e+01 -7.097041295521e+00 1.007463664070e+02 2.435837030411e+00 -6.342107057571e-01
G1-1 1942 1 4.107091168330e+00 -1.559103488220e+01 1.165881877813e+02 4.851850509644e+00 -1.431188464165e+00
G1-1 1942 2 1.754797289984e+00 -1.800426972941e+01 1.154564664990e+02 5.247656822205e+00 -1.594839692116e+00
G1-1 1942 3 4.726296148148e+00 -1.800426972941e+01 1.162665240474e+02 5.230930805206e+00 -1.597316980362e+00
G1-1 1942 4 1.810329239637e+00 -1.800426972941e+01 1.187297457445e+02 4.651510238647e+00 -1.372028946877e+00
G1-1 1943 1 -3.235751469770e+00 1.483347250339e+01 1.368437193356e+02 5.644241809845e+00 -1.868524312973e+00
G1-1 1943 2 -5.946229847348e+00 1.782543339293e+01 1.383747448712e+02 5.854503631592e+00 -1.948996782303e+00
G1-1 1943 3 -1.753602389536e+00 1.782543339293e+01 1.383747448712e+02 5.854249000549e+00 -2.121148347855e+00
G1-1 1943 4 -1.753602389536e+00 1.782543339293e+01 1.339929206828e+02 5.909723758698e+00 -2.002958774567e+00
G1-1 1944 1 5.522557865707e+00 1.531073082233e+01 1.455078818302e+02 6.219420909882e+00 -2.159300327301e+00
G1-1 1944 2 7.475816692547e+00 1.793809856327e+01 1.435233063126e+02 6.154028892517e+00 -2.250829458237e+00
G1-1 1944 3 3.283189234735e+00 1.793809856327e+01 1.479051410971e+02 6.035035133362e+00 -2.136582136154e+00
G1-1 1944 4 7.475816692547e+00 1.793809856327e+01 1.479051410971e+02 6.220292568207e+00 -2.193458318710e+00
G1-1 1945 1 1.837817859068e+00 -1.482578383998e+01 1.074329565860e+02 6.728954315186e+00 -2.102099895477e+00
G1-1 1945 2 4.421620558710e-01 -1.670812228798e+01 1.039670546329e+02 2.588198423386e+00 1.725156009197e-01
G1-1 1945 3 2.631117808692e+00 -1.761057722472e+01 1.070412079579e+02 3.848837614059e+00 -9.431828260422e-01
G1-1 1945 4 -1.711583000807e+00 -1.761057722472e+01 1.070908502202e+02 4.308806419373e+00 -1.152032017708e+00
G1-1 1946 1 -1.287125755467e+01 3.398973129658e+00 9.682881277384e+01 6.397846221924e+00 -2.110096931458e+00
G1-1 1946 2 -1.066392792946e+01 3.586347351865e-01 9.660549105560e+01 5.705209255219e+00 -1.854614257812e+00
G1-1 1946 3 -1.297794745580e+01 -5.180651023260e-01 9.898802651073e+01 6.812294960022e+00 -2.262993335724e+00
G1-1 1946 4 -1.558504592361e+01 7.492687721245e-01 9.586957029460e+01 7.068888664246e+00 -2.636812925339e+00
G1-1 1947 1 -9.781346989550e+00 -1.499655376952e+01 1.289744684420e+02 5.419922828674e+00 -1.715872764587e+00
G1-1 1947 2 -1.090727722283e+01 -1.786393153972e+01 1.313327326759e+02 6.465192794800e+00 -2.105180978775e+00
G1-1 1947 3 -1.469664364279e+01 -1.786393153972e+01 1.298067159107e+02 7.154565811157e+00 -2.356792449951e+00
G1-1 1947 4 -1.028437049245e+01 -1.786393153972e+01 1.277173436525e+02 6.366272926331e+00 -2.063802719116e+00
G1-1 1948 1 -1.095232552978e+01 -1.365862348020e+01 1.278785111832e+02 5.651498794556e+00 -1.801879048347e+00
G1-1 1948 2 -1.145534926844e+01 -1.652600125039e+01 1.266213882798e+02 5.780466079712e+00 -1.850179791451e+00
G1-1 1948 3 -1.586762241878e+01 -1.652600125039e+01 1.287107586519e+02 6.221837997437e+00 -2.022874116898e+00
G1-1 1948 4 -1.586762241878e+01 -1.219636788498e+01 1.266901872219e+02 4.855688095093e+00 -1.508918404579e+00
G1-1 1949 1 -1.552606008829e+01 -1.386426512101e+01 1.460081533666e+02 6.494271755219e+00 -2.135108232498e+00
G1-1 1949 2 -1.798893102546e+01 -1.241426190633e+01 1.480144866501e+02 6.800918102264e+00 -2.244770288467e+00
G1-1 1949 3 -1.798893102546e+01 -1.660688936414e+01 1.435955637630e+02 7.958156108856e+00 -2.676768064499e+00
G1-1 1949 4 -1.798893102546e+01 -1.660688936414e+01 1.480144866501e+02 7.966940402985e+00 -2.665634632111e+00
G1-1 1950 1 -1.234135511458e+01 -1.389845682718e+01 1.370261827982e+02 6.093895912170e+00 -1.982701539993e+00
G1-1 1950 2 -1.634257580520e+01 -1.300050573450e+01 1.351539671906e+02 5.994425773621e+00 -1.947141885757e+00
G1-1 1950 3 -1.255320938525e+01 -1.672538186689e+01 1.351346721459e+02 6.455803394318e+00 -2.110772609711e+00
G1-1 1950 4 -1.634257580520e+01 -1.672538186689e+01 1.380275820401e+02 7.296259403229e+00 -2.416334152222e+00
G1-1 1951 1 -7.849930073289e+00 -1.504950661827e+01 1.368210867011e+02 5.887094974518e+00 -1.902814149857e+00
G1-1 1951 2 -8.061784343957e+00 -1.787643189374e+01 1.349295798210e+02 6.604917526245e+00 -2.159528017044e+00
G1-1 1951 3 -3.315205131216e+00 -1.787643189374e+01 1.339043582119e+02 5.489204883575e+00 -1.748815059662e+00
G1-1 1951 4 -5.852538920691e+00 -1.787643189374e+01 1.382032821507e+02 5.790174484253e+00 -1.864396214485e+00
G1-1 1952 1 -1.227084187417e+01 1.481530572502e+01 1.391258686684e+02 5.984358787537e+00 -1.979031682014e+00
G1-1 1952 2 -1.524098795870e+01 1.782114479831e+01 1.389134872485e+02 6.580016613007e+00 -2.204887390137e+00
G1-1 1952 3 -1.104836050089e+01 1.782114479831e+01 1.389134872485e+02 6.076904773712e+00 -2.019465684891e+00
G1-1 1952 4 -1.104836050089e+01 1.782114479831e+01 1.345316630601e+02 6.384251117706e+00 -2.140793800354e+00
G1-1 1953 1 -1.010219518721e+01 -7.434157124017e+00 1.478482001086e+02 5.142627239227e+00 -1.635130763054e+00
G1-1 1953 2 -1.010219518721e+01 -3.241529607264e+00 1.478482001086e+02 4.672123432159e+00 -1.452483177185e+00
G1-1 1953 3 -8.262820538448e+00 -7.099393186894e+00 1.448788658819e+02 4.921405792236e+00 -1.548480391502e+00
G1-1 1953 4 -1.429482264502e+01 -5.680848788948e+00 1.438541833639e+02 4.874440670013e+00 -1.529180288315e+00
G1-1 1954 1 -2.284144440118e+00 -1.152797489691e+01 1.448538707264e+02 5.276388645172e+00 -1.680009841919e+00
G1-1 1954 2 6.910825105096e-02 -1.605536617397e+01 1.478232049531e+02 5.509142875671e+00 -1.763037919998e+00
G1-1 1954 3 2.645999940427e+00 -1.605536617397e+01 1.437482941965e+02 5.424619674683e+00 -1.731819033623e+00
G1-1 1954 4 6.910825105096e-02 -1.186273871615e+01 1.478232049531e+02 5.296960353851e+00 -1.687939524651e+00
G1-1 1955 1 -1.488849459562e+01 -7.846542856908e+00 1.415592328371e+02 5.229062557220e+00 -1.664852261543e+00
G1-1 1955 2 -1.088727390500e+01 -1.096555343326e+01 1.401329274528e+02 5.310849666595e+00 -1.696636080742e+00
G1-1 1955 3 -8.856492489048e+00 -9.265087195914e+00 1.425839153551e+02 5.234480857849e+00 -1.667340397835e+00
G1-1 1955 4 -1.242562389421e+01 -1.104985422983e+01 1.435469162983e+02 5.489395141602e+00 -1.766920804977e+00
G1-1 1956 1 -1.636789197727e+01 -1.513656940914e+01 9.238107870583e+01 3.542973756790e+00 -1.557483434677e+00
G1-1 1956 2 -1.818766069477e+01 -1.659617688994e+01 9.036098001367e+01 5.843302607536e-01 1.465043574572e-01
G1-1 1956 3 -1.818766069477e+01 -1.491912614258e+01 9.474281138621e+01 7.330110073090e-01 -4.151698946953e-01
G1-1 1956 4 -1.818766069477e+01 -1.276291809332e+01 9.100815205006e+01 1.256101846695e+00 -3.255995810032e-01
G1-1 1957 1 -1.514071325756e+01 6.469887649646e+00 1.127059409671e+02 6.055796146393e+00 -1.992159247398e+00
G1-1 1957 2 -1.789796309638e+01 3.739521920578e+00 1.112574676603e+02 6.900704383850e+00 -2.293547868729e+00
G1-1 1957 3 -1.789796309638e+01 8.037916510462e+00 1.134816945797e+02 6.983396530151e+00 -2.427702665329e+00
G1-1 1957 4 -1.789796309638e+01 8.220437775367e+00 1.092082171054e+02 6.975871562958e+00 -2.490187168121e+00
G1-1 1958 1 1.745440686445e+01 1.252898575304e+01 1.280239352364e+02 6.520147323608e+00 -2.155714273453e+00
G1-1 1958 2 1.745440686445e+01 1.285454966950e+01 1.317086858164e+02 6.396199703217e+00 -2.111413240433e+00
G1-1 1958 3 1.745440686445e+01 1.643596103705e+01 1.301985278830e+02 6.455001354218e+00 -2.141014814377e+00
G1-1 1958 4 1.326177940664e+01 1.643596103705e+01 1.301985278830e+02 6.507159709930e+00 -2.163187980652e+00
G1-1 1959 1 4.896082967232e+00 1.126607431412e+01 1.249895686515e+02 5.107740402222e+00 -1.642696619034e+00
G1-1 1959 2 7.901148126883e+00 8.269881398944e+00 1.241247300553e+02 5.516761779785e+00 -1.783466696739e+00
G1-1 1959 3 2.303155879884e+00 9.363483652828e+00 1.260305637931e+02 5.366454124451e+00 -1.733755588531e+00
G1-1 1959 4 1.955134293654e+00 9.175233809921e+00 1.219469297976e+02 4.838944911957e+00 -1.528127074242e+00
G1-1 1960 1 -1.380219805451e+01 -1.360138742544e+01 1.195522744481e+02 4.402335166931e+00 -1.307163476944e+00
G1-1 1960 2 -1.654038612076e+01 -1.651248976859e+01 1.212831117099e+02 5.561666488647e+00 -1.784942626953e+00
G1-1 1960 3 -1.212811273467e+01 -1.651248976859e+01 1.236126642249e+02 5.536158561707e+00 -1.759687781334e+00
G1-1 1960 4 -1.654038612076e+01 -1.218285640318e+01 1.236814631670e+02 4.655309677124e+00 -1.427799224854e+00
G1-1 1961 1 -5.948821553931e+00 -1.305790433120e+01 1.078863797067e+02 4.561268806458e+00 -1.256080746651e+00
G1-1 1961 2 -9.319297606902e+00 -1.689726652306e+01 1.087179993731e+02 5.275673866272e+00 -1.631374001503e+00
G1-1 1961 3 -9.319297606902e+00 -1.474105847380e+01 1.049833366250e+02 2.791081905365e+00 -3.164432346821e-01
G1-1 1961 4 -6.441889596325e+00 -1.689726699458e+01 1.075954172297e+02 4.783666133881e+00 -1.427069306374e+00
G1-1 1962 1 1.394089172729e+01 1.549118376556e+01 1.455164408355e+02 6.718065261841e+00 -2.238950490952e+00
G1-1 1962 2 1.243235087641e+01 1.798069772461e+01 1.479071597180e+02 6.519366264343e+00 -2.267047643661e+00
G1-1 1962 3 1.662497833423e+01 1.798069772461e+01 1.479071597180e+02 6.652337551117e+00 -2.237163305283e+00
G1-1 1962 4 1.662497833423e+01 1.798069772461e+01 1.435253249335e+02 6.506103992462e+00 -2.164748430252e+00
G1-1 1963 1 1.380244559522e+01 -1.065687537984e+01 1.452603122222e+02 5.720496654510e+00 -1.850613951683e+00
G1-1 1963 2 1.659229575372e+01 -7.459809189594e+00 1.439646541812e+02 5.165889739990e+00 -1.640974640846e+00
G1-1 1963 3 1.239966829591e+01 -9.254047327483e+00 1.479421539443e+02 5.302687168121e+00 -1.696017503738e+00
G1-1 1963 4 1.659229575372e+01 -9.254047327483e+00 1.479421539443e+02 5.761115074158e+00 -1.864584803581e+00
G1-1 1964 1 4.495561921008e+00 -1.591026130656e+01 1.264795677070e+02 5.604466915131e+00 -1.779234409332e+00
G1-1 1964 2 2.324295702966e+00 -1.807962851213e+01 1.283583991224e+02 5.088767528534e+00 -1.584379434586e+00
G1-1 1964 3 2.270501744373e+00 -1.807962851213e+01 1.237996897531e+02 5.213857650757e+00 -1.620600342751e+00
G1-1 1964 4 6.637993646240e+00 -1.807962851213e+01 1.250897192110e+02 6.102558612823e+00 -1.963736295700e+00
G1-1 1965 1 -4.275539521016e+00 -1.526418035561e+01 1.165530100542e+02 4.708541870117e+00 -1.367720842361e+00
G1-1 1965 2 -1.684420084781e+00 -1.792710972450e+01 1.155488164098e+02 4.599598407745e+00 -1.327841162682e+00
G1-1 1965 3 -1.628888135127e+00 -1.792710972450e+01 1.188220956553e+02 4.780115604401e+00 -1.424540519714e+00
G1-1 1965 4 -4.899049126173e+00 -1.792710972450e+01 1.167852423095e+02 5.540788650513e+00 -1.712870597839e+00
G1-1 1966 1 1.631301879936e+01 -1.301697975276e+01 1.109466894915e+02 4.498891830444e+00 -1.339414238930e+00
G1-1 1966 2 1.817470677676e+01 -1.113752162379e+01 1.099150382070e+02 2.280188322067e+00 -2.408204376698e-01
G1-1 1966 3 1.817470677676e+01 -1.114361089962e+01 1.133652295690e+02 2.441406726837e+00 -3.050108551979e-01
G1-1 1966 4 1.817470677676e+01 -1.539020845595e+01 1.109248066485e+02 6.857804298401e+00 -2.274613618851e+00
G1-1 1967 1 7.791080905151e+00 -1.371534572765e+01 1.254792800557e+02 5.505809307098e+00 -1.739127755165e+00
G1-1 1967 2 1.082442068402e+01 -1.353676668426e+01 1.210538198361e+02 4.669661998749e+00 -1.409124374390e+00
G1-1 1967 3 1.102593668874e+01 -1.112976143011e+01 1.258666988952e+02 6.162691593170e+00 -1.983543038368e+00
G1-1 1967 4 9.933512512502e+00 -1.588471246169e+01 1.240894315598e+02 4.760962963104e+00 -1.460575938225e+00
G1-1 1968 1 4.399701860963e+00 -1.206832034070e+01 1.238472835667e+02 5.081849575043e+00 -1.563630342484e+00
G1-1 1968 2 4.070317355829e+00 -8.191420047819e+00 1.197548451654e+02 6.102222442627e+00 -1.939757943153e+00
G1-1 1968 3 4.471403535661e+00 -1.182445199178e+01 1.190258438775e+02 5.184885501862e+00 -1.583302140236e+00
G1-1 1968 4 2.093280164734e+00 -1.026440552772e+01 1.220520063332e+02 5.879060268402e+00 -1.860810756683e+00
G1-1 1969 1 -1.536143302662e+00 1.255986149587e+01 1.347421048373e+02 5.755299091339e+00 -1.898713111877e+00
G1-1 1969 2 1.307285111036e+00 1.247782515793e+01 1.348381927072e+02 5.840899467468e+00 -1.928525805473e+00
G1-1 1969 3 -1.078534030144e-01 1.126826107263e+01 1.309070926701e+02 5.122491836548e+00 -1.662031054497e+00
G1-1 1969 4 -5.399421137684e-02 1.555182262117e+01 1.318913024123e+02 5.387919902802e+00 -1.775421023369e+00
G1-1 1970 1 -4.376040977499e+00 -6.345602046109e+00 1.461130836286e+02 4.886418819427e+00 -1.534458041191e+00
G1-1 1970 2 -6.215415744143e+00 -2.487738525419e+00 1.490824216274e+02 4.826050758362e+00 -1.513584494591e+00
G1-1 1970 3 -2.022788227390e+00 -6.680366101112e+00 1.490824216274e+02 4.913174152374e+00 -1.544932961464e+00
G1-1 1970 4 -2.022788227390e+00 -2.487738525419e+00 1.490824216274e+02 4.953880786896e+00 -1.563447356224e+00
G1-1 1971 1 2.711814512411e+00 -1.609418882144e+01 1.386185551255e+02 5.485361099243e+00 -1.750234365463e+00
G1-1 1971 2 1.972125426145e-01 -1.202719408993e+01 1.344303321594e+02 5.330199241638e+00 -1.689041614532e+00
G1-1 1971 3 2.856135401085e-01 -1.609418882144e+01 1.343564152639e+02 5.575579166412e+00 -1.780481696129e+00
G1-1 1971 4 -2.218329868134e+00 -1.156679730863e+01 1.397241316554e+02 5.103574275970e+00 -1.611225247383e+00
G1-1 1972 1 2.497375667839e+00 -1.749322958478e+01 1.329675924390e+02 5.480638504028e+00 -1.743542671204e+00
G1-1 1972 2 2.408974611405e+00 -1.342623508903e+01 1.330415093346e+02 4.919866085052e+00 -1.531451582909e+00
G1-1 1972 3 4.923576463320e+00 -1.749322958478e+01 1.372297247563e+02 6.037277221680e+00 -1.953741431236e+00
G1-1 1972 4 7.150844605317e+00 -1.749322958478e+01 1.338409677816e+02 6.465811729431e+00 -2.107250690460e+00
G1-1 1973 1 1.480215584197e+01 -9.137408542892e+00 1.373202257388e+02 5.160018444061e+00 -1.636407017708e+00
G1-1 1973 2 1.781804041413e+01 -1.043350788297e+01 1.360357316602e+02 5.404150009155e+00 -1.729563713074e+00
G1-1 1973 3 1.781804041413e+01 -8.195594316362e+00 1.393303736036e+02 5.829637050629e+00 -1.884290099144e+00
G1-1 1973 4 1.781804041413e+01 -1.418246014782e+01 1.388889467074e+02 6.967845439911e+00 -2.299535512924e+00
G1-1 1974 1 -8.099215147821e+00 -1.301635814789e+01 1.008060292461e+02 5.632251262665e+00 3.305283308029e+00
G1-1 1974 2 -1.050620059241e+01 -1.460146936243e+01 9.940195095348e+01 9.528237342834e+00 -9.465598464012e-01
G1-1 1974 3 -1.050620059241e+01 -1.537606564459e+01 1.007435917400e+02 7.857434749603e+00 -4.326361179352e+00
G1-1 1974 4 -1.050620059241e+01 -1.412231206054e+01 1.012553067226e+02 7.841111183167e+00 -1.232077240944e+00
G1-1 1975 1 -4.369374176893e+00 -1.069322927522e+01 1.393083778425e+02 5.512067317963e+00 -1.764592885971e+00
G1-1 1975 2 -1.953831825085e+00 -1.115362629229e+01 1.340145783466e+02 5.258735179901e+00 -1.662400007248e+00
G1-1 1975 3 -1.865430768651e+00 -1.522062078804e+01 1.339406614510e+02 5.223106384277e+00 -1.649795174599e+00
G1-1 1975 4 -6.400155651784e+00 -1.239369574833e+01 1.368573937124e+02 5.526337146759e+00 -1.768458008766e+00
G1-1 1976 1 1.383590716062e+01 -1.121373430456e+01 1.274401825992e+02 5.268209934235e+00 -1.658151507378e+00
G1-1 1976 2 1.274348322014e+01 -1.596868557190e+01 1.256629152637e+02 5.363835334778e+00 -1.701407909393e+00
G1-1 1976 3 1.666434924703e+01 -1.172311501824e+01 1.263411616273e+02 4.972955226898e+00 -1.548923492432e+00
G1-1 1976 4 1.666434924703e+01 -1.596868557190e+01 1.284308000191e+02 6.068616867065e+00 -1.969021558762e+00
G1-1 1977 1 1.513417780563e+01 -1.136836545073e+01 1.107316893533e+02 4.283253669739e+00 -1.228954553604e+00
G1-1 1977 2 1.699586578303e+01 -9.488907085998e+00 1.097000380688e+02 4.778399944305e+00 -1.448069334030e+00
G1-1 1977 3 1.318105569331e+01 -8.406565704537e+00 1.100140514479e+02 4.340742111206e+00 -1.252368688583e+00
G1-1 1977 4 1.699586578303e+01 -9.494996597599e+00 1.131502294308e+02 4.305953025818e+00 -1.224785923958e+00
G1-1 1978 1 -1.219160431225e+01 -1.493931771476e+01 1.182932749711e+02 5.347310543060e+00 -1.666114211082e+00
G1-1 1978 2 -1.051751887452e+01 -1.785042005791e+01 1.223536666341e+02 6.122800827026e+00 -1.968150854111e+00
G1-1 1978 3 -1.492979237850e+01 -1.785042005791e+01 1.200241122330e+02 6.287367820740e+00 -2.047246932983e+00
G1-1 1978 4 -9.717801544407e+00 -1.785042005791e+01 1.183482637888e+02 4.974541187286e+00 -1.520665645599e+00
G1-1 1979 1 1.289165892703e+01 -1.424277813501e+01 1.091595199602e+02 4.255481243134e+00 -1.209404706955e+00
G1-1 1979 2 1.038979771456e+01 -1.423969712703e+01 1.085195524764e+02 5.477202415466e+00 -1.668753147125e+00
G1-1 1979 3 1.139924493818e+01 -1.445979855317e+01 1.054029781413e+02 3.789975643158e+00 -8.764231801033e-01
G1-1 1979 4 1.139924493818e+01 -1.661600636667e+01 1.091376408894e+02 4.467338085175e+00 -1.323673486710e+00
G1-1 1980 1 1.264529859174e+01 1.289999749446e+01 1.468705009472e+02 6.246046543121e+00 -2.068363189697e+00
G1-1 1980 2 1.113675774087e+01 1.538951145352e+01 1.492612236019e+02 6.336691856384e+00 -2.107037067413e+00
G1-1 1980 3 1.113675774087e+01 1.119688399571e+01 1.492612236019e+02 5.941108226776e+00 -1.958303332329e+00
G1-1 1980 4 1.532938519868e+01 1.119688399571e+01 1.492612236019e+02 5.853492259979e+00 -1.919148325920e+00
G1-1 1981 1 2.537696135393e+00 -3.242944770231e+00 9.628449646922e+01 6.743229866028e+00 -2.198484897614e+00
G1-1 1981 2 5.137774712827e+00 -8.051546659688e+00 9.520758353037e+01 7.838381767273e+00 -4.329788684845e+00
G1-1 1981 3 6.001832821108e+00 -3.242944770231e+00 9.628449646922e+01 6.853797912598e+00 -2.247732639313e+00
G1-1 1981 4 4.685638072615e+00 -7.535025738708e+00 9.819258551849e+01 8.237210273743e+00 -2.738755226135e+00
G1-1 1982 1 2.963616923250e+00 -1.733389824154e+01 1.217291933493e+02 5.243633270264e+00 -1.623363614082e+00
G1-1 1982 2 5.260378826156e+00 -1.492066339433e+01 1.195876316139e+02 4.840868949890e+00 -1.452258586884e+00
G1-1 1982 3 5.188677151457e+00 -1.516453103597e+01 1.244090713032e+02 5.615464687347e+00 -1.775778532028e+00
G1-1 1982 4 7.331108817749e+00 -1.733389824154e+01 1.230192209211e+02 5.197301387787e+00 -1.619898080826e+00
G1-1 1983 1 1.369553658425e+01 -1.098745190501e+01 1.362429346255e+02 5.452460765839e+00 -1.744512677193e+00
G1-1 1983 2 1.671142115641e+01 -1.603250350994e+01 1.378116555941e+02 7.348613739014e+00 -2.433344125748e+00
G1-1 1983 3 1.313032601322e+01 -1.603250350994e+01 1.347669032056e+02 6.009224414825e+00 -1.949547886848e+00
G1-1 1983 4 1.671142115641e+01 -1.228355124509e+01 1.349584443190e+02 5.848150730133e+00 -1.892145276070e+00
G1-1 1984 1 -1.010617888351e+01 -1.275904353811e+01 1.259781307859e+02 5.893562316895e+00 -1.884819269180e+00
G1-1 1984 2 -1.502147577251e+01 -1.129678794289e+01 1.247898068246e+02 5.271209716797e+00 -1.659120440483e+00
G1-1 1984 3 -1.228328770626e+01 -1.271531896515e+01 1.206606181057e+02 5.163931846619e+00 -1.600869536400e+00
G1-1 1984 4 -1.060920238641e+01 -1.562642130830e+01 1.247210078825e+02 5.405574798584e+00 -1.703467130661e+00
G1-1 1985 1 1.130544915144e+01 -1.567649830393e+01 1.159552972060e+02 5.049422740936e+00 -1.563863158226e+00
G1-1 1985 2 1.098130527632e+01 -1.802444455289e+01 1.129209497969e+02 4.694577217102e+00 -1.441174983978e+00
G1-1 1985 3 1.180593552429e+01 -1.802444455289e+01 1.154820692333e+02 3.419996023178e+00 -9.302054643631e-01
G1-1 1985 4 8.963016262852e+00 -1.802444455289e+01 1.152376615469e+02 6.729457378387e+00 -2.178995370865e+00
G1-1 1986 1 1.317787715636e+01 1.658880958973e+00 1.186991822094e+02 6.603905677795e+00 -2.165420770645e+00
G1-1 1986 2 1.743460034780e+01 1.533651802643e+00 1.138983201050e+02 6.548379898071e+00 -2.155693769455e+00
G1-1 1986 3 1.743460034780e+01 5.855189089889e+00 1.164153739622e+02 6.562709808350e+00 -2.168197393417e+00
G1-1 1986 4 1.743460034780e+01 1.627809354030e+00 1.186615652516e+02 6.331257343292e+00 -2.069165945053e+00
G1-1 1987 1 1.199664937029e+01 -9.407841940062e+00 1.006178957944e+02 4.323545932770e+00 -1.321109175682e+00
G1-1 1987 2 7.862415202249e+00 -1.019621253164e+01 9.987557911748e+01 7.958598613739e+00 -2.577039957047e+00
G1-1 1987 3 1.074562621440e+01 -9.784363994411e+00 9.695964409114e+01 7.700965881348e+00 -4.600499629974e+00
G1-1 1987 4 1.074562621440e+01 -1.194057247016e+01 1.006943068393e+02 8.584141731262e+00 -2.832275867462e+00
G1-1 1988 1 -4.906840922529e+00 1.259978775761e+01 1.471312986172e+02 6.224104404449e+00 -2.072257041931e+00
G1-1 1988 2 -7.330465609588e+00 1.531864166599e+01 1.493227895804e+02 6.269123554230e+00 -2.232327222824e+00
G1-1 1988 3 -7.330465609588e+00 1.112601420818e+01 1.493227895804e+02 5.999203205109e+00 -1.985562443733e+00
G1-1 1988 4 -3.137838181246e+00 1.112601420818e+01 1.493227895804e+02 6.458050251007e+00 -2.155774116516e+00
G1-1 1989 1 1.424006978248e+01 -1.497709813820e+01 1.093505185494e+02 4.320188045502e+00 -1.293916940689e+00
G1-1 1989 2 1.274765579363e+01 -1.735032660562e+01 1.093286394786e+02 2.791834115982e+00 -6.359367966652e-01
G1-1 1989 3 1.274765579363e+01 -1.519411879213e+01 1.055939786165e+02 2.669824838638e+00 -3.116135597229e-01
G1-1 1989 4 1.610175775988e+01 -1.735032707715e+01 1.093286394786e+02 2.742125749588e+00 -7.775469422340e-01
G1-1 1990 1 1.471724104315e+01 -6.368109939078e+00 1.193467239060e+02 5.347743034363e+00 -1.661593675613e+00
G1-1 1990 2 1.779799463143e+01 -7.561245203098e+00 1.225790322282e+02 4.106180667877e+00 -1.166020393372e+00
G1-1 1990 3 1.779799463143e+01 -7.560218200441e+00 1.182712439941e+02 4.062163352966e+00 -1.129200339317e+00
G1-1 1990 4 1.779799463143e+01 -3.269073586647e+00 1.204550216612e+02 5.764724254608e+00 -1.832818150520e+00
G1-1 1991 1 9.291550202537e+00 1.193385632271e+01 1.138838529133e+02 5.355628490448e+00 -1.727298974991e+00
G1-1 1991 2 1.212549870750e+01 9.280993637104e+00 1.100438543336e+02 5.621744632721e+00 -1.826882362366e+00
G1-1 1991 3 1.068508172823e+01 1.487485201467e+01 1.116751337531e+02 5.182446956635e+00 -1.668147921562e+00
G1-1 1991 4 1.487770906816e+01 1.086946426622e+01 1.139047838170e+02 6.251070499420e+00 -2.061877727509e+00
G1-1 1992 1 1.850600274704e+00 -1.510465782494e+01 1.092107406394e+02 6.983933925629e+00 -2.213854789734e+00
G1-1 1992 2 4.963092803344e-01 -1.788945144544e+01 1.114978687324e+02 3.692150115967e+00 -8.882848620415e-01
G1-1 1992 3 -1.698800585171e+00 -1.788945144544e+01 1.088686342736e+02 4.803400039673e+00 -1.390413761139e+00
G1-1 1992 4 2.643900224328e+00 -1.788945144544e+01 1.088189920113e+02 3.288053035736e+00 -7.072138190269e-01
G1-1 1993 1 -7.483423937250e+00 -1.780482130297e+01 1.057110157148e+02 3.171783208847e+00 -8.368344902992e-01
G1-1 1993 2 -1.036083194783e+01 -1.564861348948e+01 1.030989351101e+02 6.447829246521e+00 -2.043484210968e+00
G1-1 1993 3 -1.036083194783e+01 -1.690236660200e+01 1.025872163553e+02 1.927019715309e+00 -1.229703351855e-01
G1-1 1993 4 -1.036083194783e+01 -1.780482177449e+01 1.041503181713e+02 1.480420231819e+00 5.065669491887e-02
G1-1 1994 1 -7.224305310140e+00 -1.847112585213e+01 1.055528852716e+02 8.118135452271e+00 -3.764138936996e+00
G1-1 1994 2 -1.010171332072e+01 -1.847112632365e+01 1.039921877281e+02 5.495115756989e+00 -1.917897939682e+00
G1-1 1994 3 -1.010171332072e+01 -1.756867115116e+01 1.024290877982e+02 1.291493177414e+00 4.561400413513e-01
G1-1 1994 4 -9.263187829155e+00 -1.847112585213e+01 1.024290877982e+02 9.395161271095e-01 1.134676113725e-01
G1-1 1995 1 -1.477274183514e+01 -5.982827375946e+00 1.102116130527e+02 5.120843887329e+00 -1.590922355652e+00
G1-1 1995 2 -1.781109659115e+01 -2.929908394997e+00 1.097134962923e+02 5.148676395416e+00 -1.634195685387e+00
G1-1 1995 3 -1.781109659115e+01 -5.171739777150e+00 1.059139413065e+02 4.757795810699e+00 -1.503893971443e+00
G1-1 1995 4 -1.781109659115e+01 -7.708211245115e+00 1.096419643631e+02 3.631470918655e+00 -9.725671410561e-01
G1-1 1996 1 3.186733423829e+00 1.884778658838e+00 1.268616914900e+02 5.054438591003e+00 -1.592845678329e+00
G1-1 1996 2 7.097924473771e+00 2.493839843018e+00 1.295797236066e+02 5.921517372131e+00 -1.917724728584e+00
G1-1 1996 3 8.556876856536e+00 5.202180641331e+00 1.259400079651e+02 5.984258174896e+00 -1.946411252022e+00
G1-1 1996 4 2.958884701631e+00 6.295782895216e+00 1.278458398168e+02 5.518692493439e+00 -1.781404852867e+00
G1-1 1997 1 -1.533726302809e+01 -1.604051227260e+00 1.028791245612e+02 6.355313777924e+00 -2.103734731674e+00
G1-1 1997 2 -1.794436196742e+01 8.823828741732e-01 1.032021455383e+02 6.048427104950e+00 -1.994710564613e+00
G1-1 1997 3 -1.794436196742e+01 -2.694810392112e+00 1.032836627748e+02 5.184718132019e+00 -1.685877680779e+00
G1-1 1997 4 -1.794436196742e+01 -4.529790688988e-01 1.070832177606e+02 5.460852146149e+00 -1.774122476578e+00
G1-1 1998 1 -1.332294901688e+01 -1.847112632365e+01 1.035099044296e+02 1.938921332359e+00 -7.168296575546e-01
G1-1 1998 2 -1.667705098312e+01 -1.847112585213e+01 1.035099044296e+02 6.465150713921e-01 2.445132434368e-01
G1-1 1998 3 -1.332294901688e+01 -1.756867115116e+01 1.019468063858e+02 2.959665060043e+00 -1.225577235222e+00
G1-1 1998 4 -1.667705098312e+01 -1.847112585213e+01 1.019468063858e+02 7.439723014832e-01 2.926433682442e-01
G1-1 1999 1 1.538145784758e+01 -1.728979700329e+01 1.014637825264e+02 6.095641255379e-01 1.618842631578e-01
G1-1 1999 2 1.202735588133e+01 -1.728979747481e+01 1.014637825264e+02 2.781344413757e+00 -4.302571415901e-01
G1-1 1999 3 1.118883038977e+01 -1.819225170426e+01 1.014637825264e+02 2.311454534531e+00 -6.931563019753e-01
G1-1 1999 4 1.202735588133e+01 -1.819225217578e+01 1.030268805702e+02 1.396666049957e+00 -1.186228469014e-01
G1-1 2000 1 1.449489454318e+01 -1.564340283307e+01 1.112960204200e+02 2.981446981430e+00 -7.724142670631e-01
G1-1 2000 2 1.635658252058e+01 -1.801663177201e+01 1.112741413491e+02 1.389331936836e+00 -1.718644797802e-01
G1-1 2000 3 1.382711080231e+01 -1.801663177201e+01 1.138352607855e+02 5.738813877106e+00 -1.887623786926e+00
G1-1 2000 4 1.300248055433e+01 -1.801663177201e+01 1.112741413491e+02 4.703350543976e+00 -1.492858171463e+00
G1-1 2001 1 -6.538520133763e+00 -1.526418035561e+01 1.142634487194e+02 5.621301174164e+00 -1.735324859619e+00
G1-1 2001 2 -9.019918371003e+00 -1.792710972450e+01 1.117526046456e+02 5.849874496460e+00 -1.859588623047e+00
G1-1 2001 3 -6.142510596187e+00 -1.792710972450e+01 1.106300243884e+02 6.001525878906e+00 -1.909446239471e+00
G1-1 2001 4 -7.162029738920e+00 -1.792710972450e+01 1.144956809747e+02 3.898703336716e+00 -1.045948266983e+00
G1-1 2002 1 -3.042514143685e+00 6.537512233041e+00 1.044976021697e+02 4.827767372131e+00 -1.479818463326e+00
G1-1 2002 2 -1.292242022497e+00 9.124579314531e+00 1.029143939809e+02 4.356605052948e+00 -1.282911062241e+00
G1-1 2002 3 -3.735289597575e+00 1.060788834633e+01 1.050109484337e+02 4.026814460754e+00 -1.163075685501e+00
G1-1 2002 4 -1.280705312510e+00 8.514345562716e+00 1.080401642415e+02 4.507749080658e+00 -1.358061194420e+00
G1-1 2003 1 1.243973698860e+01 1.050387913740e+01 1.245946902589e+02 6.091780185699e+00 -1.999641895294e+00
G1-1 2003 2 1.528085880465e+01 1.197406765582e+01 1.253101392061e+02 6.317286968231e+00 -2.083792686462e+00
G1-1 2003 3 1.108823134684e+01 1.588104293983e+01 1.231029008404e+02 5.770199775696e+00 -1.896788597107e+00
G1-1 2003 4 1.108823134684e+01 1.588104293983e+01 1.274847318528e+02 5.720085144043e+00 -1.880234241486e+00
G1-1 2004 1 3.077530878566e+00 1.472608538856e+01 1.356154431529e+02 5.568051815033e+00 -1.840075850487e+00
G1-1 2004 2 1.716251574572e+00 1.780008261605e+01 1.326685528580e+02 5.398180007935e+00 -1.787030577660e+00
G1-1 2004 3 1.716251574572e+00 1.780008261605e+01 1.370503808186e+02 5.902310848236e+00 -2.098118305206e+00
G1-1 2004 4 5.908879002914e+00 1.780008261605e+01 1.326685528580e+02 5.759294986725e+00 -1.911276102066e+00
G1-1 2005 1 -1.412919108766e+01 -1.379944089334e+01 1.140112729423e+02 2.778685331345e+00 -5.860051512718e-01
G1-1 2005 2 -1.351327695190e+01 -1.671054323649e+01 1.113231873170e+02 6.399342536926e+00 -2.117188692093e+00
G1-1 2005 3 -1.686737891815e+01 -1.671054323649e+01 1.113231873170e+02 5.481224060059e+00 -1.807766795158e+00
G1-1 2005 4 -1.686737891815e+01 -1.302182435640e+01 1.113768082953e+02 2.537356615067e+00 -4.843346178532e-01
G1-1 2006 1 -5.516040739645e+00 -1.526418035561e+01 1.181728212350e+02 5.451310634613e+00 -1.673879742622e+00
G1-1 2006 2 -6.139550344802e+00 -1.792710972450e+01 1.184050534903e+02 5.057502746582e+00 -1.532094240189e+00
G1-1 2006 3 -2.869389327970e+00 -1.792710972450e+01 1.204419068361e+02 5.693946361542e+00 -1.786805272102e+00
G1-1 2006 4 -6.939267615979e+00 -1.792710972450e+01 1.224104506773e+02 5.085817337036e+00 -1.560578346252e+00
G1-1 2007 1 -4.531344605317e+00 1.483347250339e+01 1.354896649672e+02 5.524383544922e+00 -1.822711229324e+00
G1-1 2007 2 -7.241822982895e+00 1.782543339293e+01 1.326388625422e+02 5.546880245209e+00 -1.833220124245e+00
G1-1 2007 3 -7.241822982895e+00 1.782543339293e+01 1.370206867306e+02 6.169363498688e+00 -2.146498680115e+00
G1-1 2007 4 -3.049195525083e+00 1.782543339293e+01 1.326388625422e+02 5.283101081848e+00 -1.743482351303e+00
G1-1 2008 1 -9.893333059003e+00 -1.016651120359e+01 1.310136719083e+02 5.007714271545e+00 -1.562080502510e+00
G1-1 2008 2 -1.080740925738e+01 -1.020696405196e+01 1.352634392501e+02 5.324410438538e+00 -1.691192388535e+00
G1-1 2008 3 -1.097060586521e+01 -3.955344616180e+00 1.329187410048e+02 5.276505470276e+00 -1.672150611877e+00
G1-1 2008 4 -1.480862971224e+01 -9.309012841398e+00 1.333912236424e+02 4.707172393799e+00 -1.456245541573e+00
G1-1 2009 1 -6.728269114664e+00 -4.195258992916e+00 1.364943065386e+02 5.050610065460e+00 -1.590080976486e+00
G1-1 2009 2 -8.888436254549e+00 -2.071537590048e+00 1.386961903593e+02 5.108140468597e+00 -1.615844249725e+00
G1-1 2009 3 -9.235476147373e+00 -1.432702036226e+00 1.349786075676e+02 4.745982646942e+00 -1.473901987076e+00
G1-1 2009 4 -9.072279657426e+00 -7.684321604619e+00 1.373233058128e+02 5.032722949982e+00 -1.584153771400e+00
G1-1 2010 1 -1.516566559609e+01 -1.204730928329e+01 1.184673135436e+02 4.750016689301e+00 -1.437233209610e+00
G1-1 2010 2 -1.790385342659e+01 -1.062877826103e+01 1.225965022625e+02 4.876140594482e+00 -1.498171687126e+00
G1-1 2010 3 -1.790385342659e+01 -9.929309365775e+00 1.190167000755e+02 3.384446144104e+00 -8.388951420784e-01
G1-1 2010 4 -1.790385342659e+01 -1.495841162644e+01 1.201981508054e+02 5.467539310455e+00 -1.745009899139e+00
G1-1 2011 1 -1.369966218475e+01 -9.374382061785e+00 9.980788763896e+01 6.088435649872e+00 -2.014818906784e+00
G1-1 2011 2 -1.262008298289e+01 -1.183544883032e+01 9.981472863672e+01 8.439656257629e+00 -3.121512651443e+00
G1-1 2011 3 -1.597418494914e+01 -9.679240354564e+00 9.608006588860e+01 4.155835628510e+00 -1.297019362450e+00
G1-1 2011 4 -1.262008298289e+01 -9.679240826087e+00 9.608006777469e+01 8.052104949951e+00 -3.896555900574e+00
G1-1 2012 1 -1.387376043334e+01 9.066397190897e+00 1.035973003537e+02 5.483482360840e+00 -1.779697656631e+00
G1-1 2012 2 -1.241650356339e+01 1.462159606343e+01 1.017229420296e+02 4.821971893311e+00 -1.531227350235e+00
G1-1 2012 3 -1.660913102120e+01 1.063957153667e+01 9.984756541285e+01 6.105477333069e+00 -2.006427764893e+00
G1-1 2012 4 -1.660913102120e+01 1.079902393506e+01 1.040323127482e+02 6.443628311157e+00 -2.132497310638e+00
G1-1 2013 1 -1.667705098312e+01 -1.258879421867e+01 1.082379937538e+02 3.368170976639e+00 -8.764026165009e-01
G1-1 2013 2 -1.332294901688e+01 -1.627751309876e+01 1.081843765477e+02 4.581164836884e+00 -1.414463400841e+00
G1-1 2013 3 -1.667705098312e+01 -1.412130481374e+01 1.044497119135e+02 3.275835752487e+00 -9.181410670280e-01
G1-1 2013 4 -1.332294901688e+01 -1.412130434222e+01 1.044497119135e+02 7.039718151093e+00 -2.297330379486e+00
G1-1 2014 1 -4.816427356760e+00 1.377276226206e+01 5.733687496870e+01 8.663060188293e+00 -2.675472021103e+00
G1-1 2014 2 -2.126749349261e+00 1.550208441891e+01 5.534338168733e+01 8.646501541138e+00 -2.707546949387e+00
G1-1 2014 3 -6.319376866013e+00 1.717913540204e+01 5.972521476586e+01 5.432119846344e+00 -1.683238267899e+00
G1-1 2014 4 -2.126749349261e+00 1.717913540204e+01 5.972521476586e+01 7.530580997467e+00 -2.447387695312e+00
G1-1 2015 1 1.383191005930e+01 5.082186423903e+00 1.106672416078e+02 6.304640293121e+00 -2.072638273239e+00
G1-1 2015 2 1.232739722851e+01 2.474348760012e+00 1.168119793384e+02 5.908921241760e+00 -1.916330575943e+00
G1-1 2015 3 1.658412065572e+01 2.349119633152e+00 1.120111153479e+02 6.496409893036e+00 -2.141144752502e+00
G1-1 2015 4 1.658412065572e+01 6.670656935133e+00 1.145281710912e+02 6.795985698700e+00 -2.253164529800e+00
G1-1 2016 1 -1.614702781763e+01 1.521654478324e+01 5.785241119933e+01 3.269138813019e+00 -1.072056055069e+00
G1-1 2016 2 -1.813552162142e+01 1.661505669486e+01 5.969414086430e+01 7.778878211975e-01 2.667124867439e-01
G1-1 2016 3 -1.813552162142e+01 1.493800571174e+01 5.531230778578e+01 7.879221439362e-01 -2.825047373772e-01
G1-1 2016 4 -1.813552162142e+01 1.278179719096e+01 5.904697053390e+01 2.576561212540e+00 -8.672343492508e-01
G1-1 2017 1 1.421366808188e+01 -1.558056591094e+01 5.750003100080e+00 6.636506557465e+00 -2.698609828949e+00
G1-1 2017 2 1.249674463875e+01 -1.800179822266e+01 7.808045626156e+00 3.424995899200e+00 -1.038980364799e+00
G1-1 2017 3 1.668937209656e+01 -1.800179822266e+01 3.426212547632e+00 1.650578260422e+00 1.767470091581e-01
G1-1 2017 4 1.668937209656e+01 -1.800179822266e+01 7.808045626156e+00 6.221128940582e+00 -2.070128679276e+00
G1-1 2018 1 -1.191938826872e+01 -9.698928634460e+00 1.008231281726e+02 7.628087520599e+00 -2.586855888367e+00
G1-1 2018 2 -1.083980906686e+01 -1.000378739876e+01 9.709530830831e+01 8.090097427368e+00 -3.820963382721e+00
G1-1 2018 3 -8.432823622275e+00 -1.105404219763e+01 1.003806898077e+02 8.583400726318e+00 -2.833925485611e+00
G1-1 2018 4 -1.083980906686e+01 -1.215999611028e+01 1.008299691703e+02 8.566011428833e+00 -2.869184017181e+00
G1-1 2019 1 -1.519760428869e+01 6.220600250467e+00 9.483677080661e+01 6.306173801422e+00 -2.071904659271e+00
G1-1 2019 2 -1.791139312915e+01 3.570895999762e+00 9.387752455519e+01 5.472045898438e+00 -1.783442497253e+00
G1-1 2019 3 -1.791139312915e+01 7.776097589037e+00 9.496607419428e+01 6.008315086365e+00 -1.968436360359e+00
G1-1 2019 4 -1.791139312915e+01 6.838704017303e+00 9.019696046102e+01 6.188673973083e+00 -2.025823831558e+00
G1-1 2020 1 -1.667705098312e+01 8.663790468681e-01 7.948100781674e+01 5.062680244446e+00 -1.600418925285e+00
G1-1 2020 2 -1.332294901688e+01 8.663786637560e-01 7.948100970283e+01 4.386147975922e+00 -1.155851244926e+00
G1-1 2020 3 -1.667705098312e+01 4.092636113549e+00 8.354169632097e+01 4.774707317352e+00 -1.484623789787e+00
G1-1 2020 4 -1.332294901688e+01 -1.289829306198e+00 8.321567245095e+01 4.815814018250e+00 -1.368960142136e+00
G1-1 2021 1 -1.326889926519e+01 1.538106840172e+01 6.406166964449e+01 5.013211727142e+00 -1.540746092796e+00
G1-1 2021 2 -1.180429538234e+01 1.762455954419e+01 6.191236121370e+01 4.145898818970e+00 -1.196658492088e+00
G1-1 2021 3 -1.400842903636e+01 1.622604763257e+01 6.007063154873e+01 2.069479465485e+00 -3.015641570091e-01
G1-1 2021 4 -1.599692284015e+01 1.762455954419e+01 6.191236121370e+01 4.469370841980e+00 -1.919515013695e+00
G1-1 2022 1 -1.295593135547e+00 1.655471176266e+01 5.472735776799e+01 8.147885322571e+00 -2.630561113358e+00
G1-1 2022 2 -5.488220593359e+00 1.823176274578e+01 5.910919084651e+01 5.781386375427e+00 -1.870585680008e+00
G1-1 2022 3 -1.295593135547e+00 1.823176274578e+01 5.910919084651e+01 7.035642147064e+00 -2.326361179352e+00
G1-1 2022 4 -1.295593135547e+00 1.823176274578e+01 5.472735776799e+01 2.506927013397e+00 -7.647108435631e-01
G1-1 2023 1 -1.258778450823e+01 1.581323243070e+01 6.733891918296e+01 6.564426422119e+00 -2.080040693283e+00
G1-1 2023 2 -1.531580808319e+01 1.805672333741e+01 6.957144212472e+01 3.907093048096e+00 -1.109908103943e+00
G1-1 2023 3 -1.112318062538e+01 1.805672333741e+01 6.957144212472e+01 4.185933113098e+00 -1.094007253647e+00
G1-1 2023 4 -1.112318062538e+01 1.805672333741e+01 6.518961075217e+01 2.770615100861e+00 -2.997857928276e-01
G1-1 2024 1 -3.464352314886e+00 1.491461465997e+01 7.067533568261e+01 6.776259422302e+00 -2.106228590012e+00
G1-1 2024 2 -1.807567728698e+00 1.784458822197e+01 7.035906321988e+01 4.755353927612e+00 -1.315481424332e+00
G1-1 2024 3 -1.807567728698e+00 1.784458822197e+01 6.597723184734e+01 5.683985710144e+00 -1.733525633812e+00
G1-1 2024 4 -6.000195245450e+00 1.784458822197e+01 7.035906321988e+01 6.054736614227e+00 -1.855151772499e+00
G1-1 2025 1 -1.310602176244e+01 1.159329977595e+01 6.518491077508e+01 3.170634269714e+00 -4.482466876507e-01
G1-1 2025 2 -1.247994337116e+01 7.847323505652e+00 6.612309305602e+01 6.457562446594e+00 -1.668478727341e+00
G1-1 2025 3 -1.583404533741e+01 1.000353176816e+01 6.238843201389e+01 2.831795692444e+00 -6.212586164474e-01
G1-1 2025 4 -1.247994337116e+01 1.000353200392e+01 6.238843201389e+01 7.240828514099e+00 -1.974599957466e+00
G1-1 2026 1 -1.473352284148e+01 -4.066349475613e+00 4.451004944561e+01 5.641944885254e+00 -1.813910484314e+00
G1-1 2026 2 -1.780183847840e+01 -2.400265400306e+00 4.191394291660e+01 5.393880367279e+00 -1.721675634384e+00
G1-1 2026 3 -1.780183847840e+01 -6.877165911180e+00 4.395629541336e+01 6.025861263275e+00 -1.969824671745e+00
G1-1 2026 4 -1.780183847840e+01 -3.734121638727e+00 4.579039932770e+01 5.478390216827e+00 -1.757501959801e+00
G1-1 2027 1 -1.517897077932e+01 1.462868986439e+01 6.578487128337e+01 4.158729553223e+00 -1.249736905098e+00
G1-1 2027 2 -1.790699435428e+01 1.303892150295e+01 6.298839157913e+01 1.152349233627e+00 -1.867746263742e-01
G1-1 2027 3 -1.790699435428e+01 1.687218100685e+01 6.801739422512e+01 3.952329874039e+00 -1.237995624542e+00
G1-1 2027 4 -1.790699435428e+01 1.687218100685e+01 6.363556285258e+01 3.544945478439e+00 -1.657634854317e+00
G1-1 2028 1 8.341329911792e+00 8.960436876827e+00 8.470959774882e+01 3.313692092896e+00 -6.603091359138e-01
G1-1 2028 2 7.211319911994e+00 5.104477234817e+00 8.538759010083e+01 6.840799808502e+00 -2.156847953796e+00
G1-1 2028 3 3.755426673751e+00 6.395329701743e+00 8.282893410605e+01 8.595877647400e+00 -2.808770179749e+00
G1-1 2028 4 7.115830901640e+00 6.502861102232e+00 8.283874010484e+01 7.023057937622e+00 -2.218486070633e+00
G1-1 2029 1 -1.442501085310e+01 1.298659968130e+01 6.870714405876e+01 4.879721641541e+00 -1.510510683060e+00
G1-1 2029 2 -1.715303466382e+01 9.240622939477e+00 6.964532633970e+01 5.824297904968e+00 -2.059451341629e+00
G1-1 2029 3 -1.471316935386e+01 1.207238349683e+01 7.227984899018e+01 2.808861494064e+00 -6.122182607651e-01
G1-1 2029 4 -1.715303466382e+01 1.523009082377e+01 7.093966700051e+01 1.752618908882e+00 1.013290882111e-01
G1-1 2030 1 -7.117189860034e+00 1.309759376439e+01 8.135350648712e+01 6.172319889069e+00 -1.906210303307e+00
G1-1 2030 2 -1.129353412248e+01 1.280405586807e+01 7.829756966433e+01 4.737861156464e+00 -1.369863152504e+00
G1-1 2030 3 -1.074804132007e+01 1.296071684935e+01 8.412630788972e+01 5.177351474762e+00 -1.563949942589e+00
G1-1 2030 4 -9.540771974635e+00 1.596176319501e+01 8.133922057309e+01 4.487649440765e+00 -1.265130281448e+00
G1-1 2031 1 -1.023522312592e+01 -2.041776928539e+00 9.402327717730e+01 8.222509384155e+00 -2.735330104828e+00
G1-1 2031 2 -1.180223962534e+01 -5.922009267690e+00 9.301543120023e+01 8.498404502869e+00 -3.004359245300e+00
G1-1 2031 3 -1.515634159159e+01 -1.651142847396e+00 9.328735641630e+01 5.692889213562e+00 -1.855204939842e+00
G1-1 2031 4 -1.180223962534e+01 -3.765800923731e+00 8.928076656602e+01 8.272609710693e+00 -2.715248823166e+00
G1-1 2032 1 -1.341757621831e+01 1.392323078318e+01 7.267982101642e+01 5.340590476990e+00 -1.651819586754e+00
G1-1 2032 2 -1.166481407046e+01 1.708093811012e+01 7.133963902675e+01 4.151397228241e+00 -1.107905864716e+00
G1-1 2032 3 -1.312941771755e+01 1.483744720342e+01 6.910711797109e+01 4.828272342682e+00 -1.441555023193e+00
G1-1 2032 4 -1.585744152828e+01 1.708093811012e+01 7.133963902675e+01 6.633215904236e+00 -2.172497510910e+00
G1-1 2033 1 -1.254035436614e+01 1.445329684694e+01 1.187128771550e+02 5.652480125427e+00 -1.850837111473e+00
G1-1 2033 2 -1.530461134547e+01 1.773568585886e+01 1.191245107382e+02 5.368518829346e+00 -1.757699966431e+00
G1-1 2033 3 -1.111198388766e+01 1.773568585886e+01 1.191245107382e+02 5.206335544586e+00 -1.693697810173e+00
G1-1 2033 4 -1.111198388766e+01 1.773568585886e+01 1.147426759537e+02 5.159212589264e+00 -1.672785401344e+00
G1-1 2034 1 -1.477274183514e+01 -6.352438958147e+00 1.123474977684e+02 5.457584857941e+00 -1.702221274376e+00
G1-1 2034 2 -1.781109659115e+01 -6.737439564626e+00 1.149617021437e+02 3.666428089142e+00 -9.648139476776e-01
G1-1 2034 3 -1.781109659115e+01 -3.299519977198e+00 1.118493828940e+02 5.383883476257e+00 -1.707645535469e+00
G1-1 2034 4 -1.781109659115e+01 -8.077822709435e+00 1.117778490787e+02 3.334264039993e+00 -7.987543344498e-01
G1-1 2035 1 -1.619281610003e+01 1.137211799996e+00 9.101766449652e+01 4.688205718994e+00 -1.496842145920e+00
G1-1 2035 2 -1.127169763436e+01 2.231208449542e+00 8.781734679523e+01 6.835874557495e+00 -2.208389520645e+00
G1-1 2035 3 -1.283871413378e+01 -9.774463979043e-01 8.701107464624e+01 8.584171295166e+00 -2.831726312637e+00
G1-1 2035 4 -1.619281610003e+01 4.405019935417e+00 8.733710040235e+01 4.148288249969e+00 -1.259670376778e+00
G1-1 2036 1 -1.052634141194e+01 -1.218868244206e+00 1.209985297214e+02 5.291109085083e+00 -1.668208360672e+00
G1-1 2036 2 -1.122811262861e+01 -3.108604845561e+00 1.192769699634e+02 5.763082981110e+00 -1.835003376007e+00
G1-1 2036 3 -1.124516053152e+01 2.083571986099e+00 1.166914905946e+02 6.735242366791e+00 -2.211804866791e+00
G1-1 2036 4 -7.646505594709e+00 -3.028013712234e+00 1.185260517128e+02 5.593222618103e+00 -1.766396641731e+00
G1-1 2037 1 -1.326177940664e+01 -7.537604715384e+00 1.487657773155e+02 5.118298053741e+00 -1.626729249954e+00
G1-1 2037 2 -1.745440686445e+01 -5.784296380315e+00 1.447717567986e+02 4.916758537292e+00 -1.542887568474e+00
G1-1 2037 3 -1.745440686445e+01 -7.537604715384e+00 1.487657773155e+02 5.218474388123e+00 -1.660904049873e+00
G1-1 2037 4 -1.745440686445e+01 -3.344977316512e+00 1.487657773155e+02 4.365693569183e+00 -1.326373696327e+00
G1-1 2038 1 -1.046605991040e+01 -1.779939364071e+00 9.622503938362e+01 6.831995010376e+00 -2.258089780807e+00
G1-1 2038 2 -1.278007943674e+01 -2.656639201584e+00 9.860757295266e+01 7.128342151642e+00 -2.795162439346e+00
G1-1 2038 3 -1.538717814031e+01 -1.389305268193e+00 9.548911862262e+01 6.929701805115e+00 -2.855289220810e+00
G1-1 2038 4 -1.203307617406e+01 -5.660171880044e+00 9.521718963437e+01 2.743837118149e+00 -5.930904150009e-01
G1-1 2039 1 -1.745440686445e+01 1.250854600843e+01 1.087749619195e+02 6.844338417053e+00 -2.303049087524e+00
G1-1 2039 2 -1.745440686445e+01 1.232602462564e+01 1.130484393937e+02 6.850327014923e+00 -2.282725811005e+00
G1-1 2039 3 -1.326177940664e+01 1.633111813679e+01 1.108474225734e+02 5.086243629456e+00 -1.644241809845e+00
G1-1 2039 4 -1.745440686445e+01 1.633111813679e+01 1.108474225734e+02 6.748875141144e+00 -2.290389776230e+00
G1-1 2040 1 -1.771352549156e+01 2.000739883340e-01 8.063508330863e+01 4.088351249695e+00 -1.253403544426e+00
G1-1 2040 2 -1.771352549156e+01 3.426331099220e+00 8.469577181286e+01 6.314965724945e+00 -2.072686433792e+00
G1-1 2040 3 -1.771352549156e+01 -1.956134733109e+00 8.436974794284e+01 4.393502235413e+00 -1.372822165489e+00
G1-1 2040 4 -1.435942352531e+01 -1.956134349997e+00 8.436974605675e+01 3.882457733154e+00 -1.055082559586e+00
G1-1 2041 1 -1.180223962534e+01 1.191601943732e+00 8.088423575639e+01 8.598365783691e+00 -2.803326129913e+00
G1-1 2041 2 -1.515634159159e+01 4.417859702961e+00 8.494492237453e+01 5.640687942505e+00 -1.794044137001e+00
G1-1 2041 3 -1.180223962534e+01 -9.646063651290e-01 8.461889850451e+01 7.927515983582e+00 -2.569589614868e+00
G1-1 2041 4 -1.023522312592e+01 2.244048217086e+00 8.542516876741e+01 8.585329055786e+00 -2.829823970795e+00
G1-1 2042 1 2.811692498753e+00 -1.145149860379e+01 1.004735408362e+02 8.618084907532e+00 -2.767169952393e+00
G1-1 2042 2 6.637505615321e-01 -1.083619947544e+01 1.017813060690e+02 8.609665870667e+00 -2.783521175385e+00
G1-1 2042 3 6.637505615321e-01 -1.367501607997e+01 9.943890901670e+01 7.072933197021e+00 -5.882556915283e+00
G1-1 2042 4 6.637505615321e-01 -1.444961189060e+01 1.007805498032e+02 7.631763935089e+00 -4.750540733337e+00
G1-1 2043 1 -1.332294901688e+01 -6.454762213451e+00 9.154991605981e+01 4.770772457123e+00 -1.402473688126e+00
G1-1 2043 2 -1.332294901688e+01 -4.298553456910e+00 8.781525142560e+01 5.749859333038e+00 -1.791336178780e+00
G1-1 2043 3 -1.667705098312e+01 -4.298553810552e+00 8.781525142560e+01 2.640560865402e+00 -6.458430290222e-01
G1-1 2043 4 -1.667705098312e+01 -2.183895612652e+00 9.182183938978e+01 4.369533538818e+00 -1.375483989716e+00
G1-1 2044 1 -1.225092876259e+01 1.482157886971e+01 8.776992973895e+01 5.298578739166e+00 -1.664095520973e+00
G1-1 2044 2 -1.523628711072e+01 1.782262545112e+01 8.936467379486e+01 3.925450086594e+00 -1.164981961250e+00
G1-1 2044 3 -1.104365965291e+01 1.782262545112e+01 8.936467379486e+01 4.608497619629e+00 -1.401897192001e+00
G1-1 2044 4 -1.104365965291e+01 1.782262545112e+01 8.498284242232e+01 5.079244613647e+00 -1.567907333374e+00
G1-1 2045 1 1.745440686445e+01 1.231751834284e+01 1.130767408064e+02 7.038671016693e+00 -2.379593849182e+00
G1-1 2045 2 1.745440686445e+01 1.247405369851e+01 1.087449270127e+02 6.845491886139e+00 -2.276310682297e+00
G1-1 2045 3 1.326177940664e+01 1.632290609129e+01 1.108470907425e+02 5.497237682343e+00 -1.790233969688e+00
G1-1 2045 4 1.745440686445e+01 1.632290609129e+01 1.108470907425e+02 6.913900375366e+00 -2.308126211166e+00
G1-1 2046 1 -5.388418688090e+00 7.897808563758e+00 1.435953541679e+02 5.518671989441e+00 -1.799265384674e+00
G1-1 2046 2 -4.800008860615e+00 1.113846085611e+01 1.396777518801e+02 5.499206066132e+00 -1.803746104240e+00
G1-1 2046 3 -8.732968965117e+00 1.112458267237e+01 1.414211588355e+02 5.555857181549e+00 -1.819769978523e+00
G1-1 2046 4 -5.086862639545e+00 1.141156783727e+01 1.433991250091e+02 5.804964065552e+00 -1.917803525925e+00
G1-1 2047 1 8.769085430984e-01 1.416124517833e+01 5.923175888812e+01 8.631953239441e+00 -2.737239122391e+00
G1-1 2047 2 -3.513512325204e+00 1.238165296754e+01 5.839589814432e+01 8.639026641846e+00 -2.724662065506e+00
G1-1 2047 3 -2.500883547161e+00 1.123603131303e+01 6.138195784281e+01 8.660955429077e+00 -2.679565429688e+00
G1-1 2047 4 -8.238344061151e-01 1.578802610752e+01 6.078423888452e+01 6.987286567688e+00 -2.131547212601e+00
G1-1 2048 1 -1.296498903710e+01 1.461650744578e+01 7.607783449622e+01 5.600111961365e+00 -1.753500461578e+00
G1-1 2048 2 -1.121222665349e+01 1.777421477271e+01 7.911948540497e+01 4.609614849091e+00 -1.344700932503e+00
G1-1 2048 3 -1.121222665349e+01 1.777421477271e+01 7.473764873437e+01 4.138697624207e+00 -1.112644672394e+00
G1-1 2048 4 -1.540485411130e+01 1.777421477271e+01 7.911948540497e+01 4.013843059540e+00 -1.192455887794e+00
G1-1 2049 1 -2.325804422790e+00 1.643794447216e+01 6.345381309894e+01 8.578793525696e+00 -2.843040704727e+00
G1-1 2049 2 -6.518431969012e+00 1.643794447216e+01 6.345381309894e+01 6.899721622467e+00 -2.207388639450e+00
G1-1 2049 3 -4.002853593306e+00 1.188594967767e+01 6.405153111418e+01 6.190211772919e+00 -1.656057953835e+00
G1-1 2049 4 -3.982588979507e+00 1.350797091017e+01 6.815191599116e+01 7.253923892975e+00 -2.294644832611e+00
G1-1 2050 1 -1.270791533590e+01 1.187987768231e+01 9.063311138047e+01 5.684499263763e+00 -1.817695140839e+00
G1-1 2050 2 -1.569327344828e+01 1.089889950120e+01 9.473431171803e+01 5.341740131378e+00 -1.712113022804e+00
G1-1 2050 3 -1.297948484358e+01 9.343402044751e+00 9.460501021645e+01 5.497045993805e+00 -1.760300755501e+00
G1-1 2050 4 -1.150064599047e+01 1.488092402796e+01 9.222785355028e+01 5.183945655823e+00 -1.632231473923e+00
G1-1 2051 1 -1.745440686445e+01 1.235622247256e+01 9.926835683714e+01 6.609542369843e+00 -2.188225746155e+00
G1-1 2051 2 -1.745440686445e+01 1.633824699932e+01 1.011437334539e+02 7.022038936615e+00 -2.339034795761e+00
G1-1 2051 3 -1.745440686445e+01 1.251567487095e+01 1.034531041725e+02 6.599445343018e+00 -2.189010858536e+00
G1-1 2051 4 -1.326177940664e+01 1.633824699932e+01 1.011437334539e+02 4.708060264587e+00 -1.488892674446e+00
G1-1 2052 1 -4.906896689178e+00 1.500075323193e+01 8.278623015817e+01 4.644880771637e+00 -1.285103797913e+00
G1-1 2052 2 -7.330478803778e+00 1.786492289832e+01 8.715377184449e+01 3.253635644913e+00 -7.167018651962e-01
G1-1 2052 3 -3.137851345966e+00 1.786492289832e+01 8.277194235804e+01 4.940360546112e+00 -1.415949106216e+00
G1-1 2052 4 -7.330478803778e+00 1.786492289832e+01 8.277194235804e+01 3.271615505219e+00 -6.719165444374e-01
G1-1 2053 1 -1.463364869001e+01 1.251169918285e+01 7.767773633408e+01 6.150580883026e+00 -1.986993789673e+00
G1-1 2053 2 -1.707351376422e+01 1.185915097214e+01 7.872784637066e+01 3.586474418640e+00 -1.006507396698e+00
G1-1 2053 3 -1.408815541608e+01 1.266836016414e+01 8.350647267338e+01 5.574781417847e+00 -1.771414875984e+00
G1-1 2053 4 -1.707351376422e+01 1.566940650979e+01 8.071938535675e+01 5.272596836090e+00 -1.697874188423e+00
G1-1 2054 1 -1.208566546696e+01 1.082711814627e+00 1.385340146420e+02 4.736280918121e+00 -1.473449587822e+00
G1-1 2054 2 -1.627072944258e+01 3.503411587612e+00 1.385761524587e+02 4.701769828796e+00 -1.460020661354e+00
G1-1 2054 3 -1.243270535979e+01 1.721547438441e+00 1.348164356225e+02 5.023445129395e+00 -1.582373261452e+00
G1-1 2054 4 -1.627072944258e+01 1.132872340024e+00 1.343922968129e+02 4.890907764435e+00 -1.526500463486e+00
G1-1 2055 1 -1.414249627088e+01 1.092699489301e+01 6.633898388810e+01 6.468115329742e+00 -2.081609249115e+00
G1-1 2055 2 -1.351641787959e+01 7.181018740588e+00 6.727716616904e+01 4.106943607330e+00 -7.672159671783e-01
G1-1 2055 3 -1.687051984584e+01 7.181018976349e+00 6.727716616904e+01 1.667865157127e+00 -1.278963834047e-01
G1-1 2055 4 -1.687051984584e+01 9.337227003093e+00 6.354250606995e+01 1.311088442802e+00 -5.057113245130e-02
G1-1 2056 1 1.488755444262e+00 4.468435934297e+00 7.385029180856e+01 8.663915634155e+00 -2.672555685043e+00
G1-1 2056 2 -3.209599869411e+00 3.999412878899e+00 7.405885523517e+01 8.688353538513e+00 -2.623681783676e+00
G1-1 2056 3 -4.054470393563e-01 5.727903345806e+00 7.152380324166e+01 7.981851577759e+00 -2.292984008789e+00
G1-1 2056 4 -2.592953623595e+00 3.087219056247e+00 7.140557663111e+01 8.677661895752e+00 -2.645426988602e+00
G1-1 2057 1 -1.558182538669e+01 -1.159931878952e+01 1.358052542282e+01 5.426304817200e+00 -1.797299146652e+00
G1-1 2057 2 -1.260867103429e+01 -1.226880301546e+01 9.231577989884e+00 5.311080455780e+00 -1.802742958069e+00
G1-1 2057 3 -1.249517804852e+01 -1.063566938153e+01 1.215742453966e+01 5.662223339081e+00 -1.914166927338e+00
G1-1 2057 4 -1.138919792888e+01 -1.526283326417e+01 1.069211736471e+01 5.257289886475e+00 -2.242015361786e+00
G1-1 2058 1 -1.516566559609e+01 -1.224536275119e+01 1.163772291266e+02 4.597196102142e+00 -1.368740081787e+00
G1-1 2058 2 -1.790385342659e+01 -1.146774621425e+01 1.137427625935e+02 4.895616531372e+00 -1.465935826302e+00
G1-1 2058 3 -1.790385342659e+01 -1.515646509434e+01 1.181080663884e+02 3.767820596695e+00 -1.076731204987e+00
G1-1 2058 4 -1.790385342659e+01 -1.012736283368e+01 1.169266156585e+02 4.870808124542e+00 -1.464115619659e+00
G1-1 2059 1 -8.011836053989e+00 2.849119497805e+00 7.455763826817e+01 8.851130485535e+00 -2.298121929169e+00
G1-1 2059 2 -1.048557306857e+01 9.985758991176e-01 7.330602228267e+01 9.108086585999e+00 -1.784591555595e+00
G1-1 2059 3 -1.048557306857e+01 1.477733543397e+00 7.515937652589e+01 9.060824394226e+00 -1.880300641060e+00
G1-1 2059 4 -1.048557306857e+01 3.633941958881e+00 7.142471377777e+01 8.940627098083e+00 -2.120686292648e+00
G1-1 2060 1 -4.114881939135e+00 -1.847112570642e+01 1.050698589433e+02 4.289338111877e+00 -1.314758419991e+00
G1-1 2060 2 -1.961136941398e+00 -1.847112570642e+01 1.019460633560e+02 1.336703300476e+00 -1.257127970457e-01
G1-1 2060 3 -6.153764340270e+00 -1.847112570642e+01 1.019460633560e+02 1.050199985504e+00 7.333101332188e-02
G1-1 2060 4 -1.961136941398e+00 -1.756867053393e+01 1.019460633560e+02 1.752520680428e+00 3.109785914421e-01
G1-1 2061 1 1.011259401510e+01 -1.847112632365e+01 1.039768455393e+02 5.761245727539e+00 -1.870834708214e+00
G1-1 2061 2 1.011259401510e+01 -1.756867115116e+01 1.024137493816e+02 2.291167020798e+00 -1.451052725315e-01
G1-1 2061 3 9.274068523541e+00 -1.847112585213e+01 1.024137493816e+02 2.647763729095e+00 -6.683674454689e-01
G1-1 2061 4 7.270396671199e+00 -1.847112585213e+01 1.054879027067e+02 8.454574584961e+00 -3.091370582581e+00
G1-1 2062 1 -1.483370779277e+01 -7.969291025307e+00 1.046519745526e+02 6.091651439667e+00 -1.997034788132e+00
G1-1 2062 2 -1.710823055716e+01 -8.897848141812e+00 1.084470992768e+02 3.177768945694e+00 -8.012177944183e-01
G1-1 2062 3 -1.406987580116e+01 -7.172464154762e+00 1.090167479665e+02 4.861659526825e+00 -1.490411758423e+00
G1-1 2062 4 -1.710823055716e+01 -6.361376673847e+00 1.047190781064e+02 3.131072521210e+00 -8.746113181114e-01
G1-1 2063 1 1.306383038977e+01 -1.847112585213e+01 1.030268805702e+02 3.223780632019e+00 -1.746419310570e+00
G1-1 2063 2 1.641793235602e+01 -1.756867115116e+01 1.014637825264e+02 4.018639922142e-01 3.421981930733e-01
G1-1 2063 3 1.641793235602e+01 -1.847112632365e+01 1.014637825264e+02 5.622025728226e-01 6.867409944534e-01
G1-1 2063 4 1.222530489820e+01 -1.847112585213e+01 1.014637825264e+02 6.122901439667e-01 2.822603657842e-02
G1-1 2064 1 8.804327036219e+00 -1.479162191534e+01 9.912965708889e+01 4.690784931183e+00 -1.075318622589e+01
G1-1 2064 2 5.921116024066e+00 -1.256810443916e+01 1.001642889084e+02 8.725978851318e+00 -2.549425125122e+00
G1-1 2064 3 3.773174086845e+00 -1.556621796173e+01 1.004712978754e+02 9.452548980713e+00 -1.095732927322e+00
G1-1 2064 4 8.804327036219e+00 -1.556621819750e+01 1.004712978754e+02 7.379630565643e+00 -5.282714366913e+00
G1-1 2065 1 7.262289153327e+00 -1.728979685758e+01 1.019307261050e+02 5.849257469177e+00 -1.709587335587e+00
G1-1 2065 2 2.231136262893e+00 -1.819225155855e+01 1.019307261050e+02 1.120369195938e+00 5.594827234745e-02
G1-1 2065 3 4.420091927303e+00 -1.819225155855e+01 1.050048813162e+02 5.044429302216e+00 -1.523322105408e+00
G1-1 2065 4 2.231136262893e+00 -1.728979685758e+01 1.019307261050e+02 8.295563697815e+00 -3.409712314606e+00
G1-1 2066 1 -1.269979281827e+01 -9.856665362707e+00 1.101543170375e+02 5.363200664520e+00 -1.642169952393e+00
G1-1 2066 2 -1.238404560802e+01 -1.527076799409e+01 1.095310511417e+02 4.475644111633e+00 -1.343931317329e+00
G1-1 2066 3 -1.573814757427e+01 -1.158204934976e+01 1.095846683479e+02 4.569149971008e+00 -1.358203649521e+00
G1-1 2066 4 -1.238404560802e+01 -1.311455970907e+01 1.057963865075e+02 6.681350231171e+00 -2.145208597183e+00
G1-1 2067 1 7.926039696645e+00 -1.608445514310e+01 1.018358551168e+02 2.823163747787e+00 8.836154341698e-01
G1-1 2067 2 5.042828684492e+00 -1.308634162053e+01 1.015288461498e+02 8.582699775696e+00 -2.836468696594e+00
G1-1 2067 3 2.894886806211e+00 -1.608445514310e+01 1.018358551168e+02 4.858544349670e+00 -1.347093820572e+00
G1-1 2067 4 5.083842411681e+00 -1.698690984407e+01 1.049100103280e+02 3.122971057892e+00 -5.416507720947e-01
G1-1 2068 1 -1.507229884173e+01 -1.683934853959e+01 9.218109031384e+01 8.201591372490e-01 4.833841025829e-01
G1-1 2068 2 -1.689206755922e+01 -1.829895625615e+01 9.016099162168e+01 8.301196098328e-01 3.716871440411e-01
G1-1 2068 3 -1.269944010141e+01 -1.829895625615e+01 9.016099162168e+01 5.660893917084e+00 -2.263171434402e+00
G1-1 2068 4 -1.689206755922e+01 -1.829895625615e+01 9.454282488031e+01 1.861449480057e+00 -1.285612702370e+00
G1-1 2069 1 -1.516935356889e+01 5.577722229211e+00 1.056712811140e+02 6.255106925964e+00 -2.063990116119e+00
G1-1 2069 2 -1.790472415675e+01 2.829433059640e+00 1.081555440635e+02 7.215137004852e+00 -2.525878667831e+00
G1-1 2069 3 -1.790472415675e+01 7.310348973370e+00 1.061062935085e+02 6.810454845428e+00 -2.267579793930e+00
G1-1 2069 4 -1.790472415675e+01 4.164794973242e+00 1.042744756134e+02 6.857511520386e+00 -2.282215118408e+00
G1-1 2070 1 6.638554097184e+00 -1.659947929707e+01 1.050681377194e+02 2.549942255020e+00 -2.845848202705e-01
G1-1 2070 2 9.480751441088e+00 -1.444327101205e+01 1.025056974908e+02 8.607490539551e+00 -2.786177396774e+00
G1-1 2070 3 9.480751441088e+00 -1.569702412458e+01 1.019939825083e+02 8.639630317688e+00 -2.645162820816e+00
G1-1 2070 4 6.597540428935e+00 -1.269891060201e+01 1.016869735413e+02 7.466245651245e+00 -2.259049177170e+00
G1-1 2071 1 -1.435942352531e+01 -7.121067407669e+00 9.270398966561e+01 2.037534952164e+00 3.453906476498e-01
G1-1 2071 2 -1.771352549156e+01 -7.121067054027e+00 9.270398966561e+01 5.378367424011e+00 -1.752061724663e+00
G1-1 2071 3 -1.771352549156e+01 -2.850200688989e+00 9.297591488167e+01 6.532208919525e+00 -2.355095624924e+00
G1-1 2071 4 -1.771352549156e+01 -4.964859004770e+00 8.896932691749e+01 5.198265552521e+00 -1.704156756401e+00
G1-1 2072 1 -1.260641801760e+01 1.027077652077e+01 9.645187399473e+01 5.902946472168e+00 -1.915449976921e+00
G1-1 2072 2 -1.112757940025e+01 1.580829850398e+01 9.407471921466e+01 4.810163021088e+00 -1.494441151619e+00
G1-1 2072 3 -1.532020685806e+01 1.182627374146e+01 9.658117738240e+01 5.449016571045e+00 -1.757045865059e+00
G1-1 2072 4 -1.112757940025e+01 1.580829850398e+01 9.845655588526e+01 4.422459602356e+00 -1.360264301300e+00
G1-1 2073 1 -7.483423937250e+00 -1.808369530513e+01 1.070232222328e+02 7.201268672943e+00 -2.369378566742e+00
G1-1 2073 2 -1.036083194783e+01 -1.808369483361e+01 1.081458043761e+02 8.586828231812e+00 -2.826680898666e+00
G1-1 2073 3 -1.036083194783e+01 -1.592748702011e+01 1.044111416280e+02 2.406732797623e+00 3.879482448101e-01
G1-1 2073 4 -1.036083194783e+01 -1.808369530513e+01 1.054625228031e+02 6.085449695587e+00 -1.966285705566e+00
G1-1 2074 1 -1.533726302809e+01 -1.568124377644e+00 1.006163323496e+02 5.998633384705e+00 -1.980523705482e+00
G1-1 2074 2 -1.794436196742e+01 9.183097090542e-01 1.009393533267e+02 5.515767097473e+00 -1.809325218201e+00
G1-1 2074 3 -1.794436196742e+01 -3.007904995097e-01 9.749787613348e+01 6.003915786743e+00 -1.991010665894e+00
G1-1 2074 4 -1.794436196742e+01 -2.658883527760e+00 1.010208705632e+02 5.101559162140e+00 -1.660838603973e+00
G1-1 2075 1 -8.062320795794e+00 -1.628173368157e+01 1.019653588409e+02 2.141088962555e+00 9.919747710228e-01
G1-1 2075 2 -5.184912844157e+00 -1.718418814678e+01 1.050891544282e+02 5.787552833557e+00 -1.817097425461e+00
G1-1 2075 3 -3.031167905359e+00 -1.628173368157e+01 1.019653588409e+02 8.466630935669e+00 -3.067623615265e+00
G1-1 2075 4 -5.655335351206e+00 -1.392202642063e+01 1.020277963470e+02 5.682726383209e+00 -1.571301221848e+00
G1-1 2076 1 -2.661688868251e+00 1.314274513650e+01 1.264073817927e+02 5.011898040771e+00 -1.616383552551e+00
G1-1 2076 2 -6.800457145477e+00 1.742630668505e+01 1.230097586365e+02 4.293941020966e+00 -1.356001377106e+00
G1-1 2076 3 -6.800457145477e+00 1.742630668505e+01 1.273915915349e+02 5.343629837036e+00 -1.752382755280e+00
G1-1 2076 4 -2.607829676613e+00 1.742630668505e+01 1.230097586365e+02 4.110784053802e+00 -1.284590721130e+00
G1-1 2077 1 8.846436840529e+00 1.366245354835e+01 1.157420080431e+02 4.846592903137e+00 -1.540672779083e+00
G1-1 2077 2 1.443259558827e+01 1.259806149185e+01 1.157629370607e+02 6.391131877899e+00 -2.113439559937e+00
G1-1 2077 3 1.023996824834e+01 1.660344924031e+01 1.135332869968e+02 4.675637722015e+00 -1.482815980911e+00
G1-1 2077 4 1.023996824834e+01 1.660344924031e+01 1.179151217813e+02 4.904310703278e+00 -1.574327826500e+00
G1-1 2078 1 -1.627072944258e+01 -1.072128500176e+00 1.333764868843e+02 4.527561664581e+00 -1.383186459541e+00
G1-1 2078 2 -1.243270535979e+01 -4.834534017578e-01 1.338006219217e+02 4.518795967102e+00 -1.383887290955e+00
G1-1 2078 3 -1.208566546696e+01 -1.122288907691e+00 1.375182009413e+02 5.040200233459e+00 -1.588254213333e+00
G1-1 2078 4 -1.627072944258e+01 -5.837121612241e+00 1.342731045594e+02 4.990322589874e+00 -1.564833641052e+00
G1-1 2079 1 -1.577261120162e+01 -8.976035894219e+00 1.033052999586e+02 5.519515991211e+00 -1.814460754395e+00
G1-1 2079 2 -1.804713396602e+01 -9.904593010724e+00 1.071004246828e+02 2.248066186905e+00 -3.462242186069e-01
G1-1 2079 3 -1.804713396602e+01 -7.368121542759e+00 1.033724035123e+02 2.956097126007e+00 -8.286537528038e-01
G1-1 2079 4 -1.804713396602e+01 -1.143710360580e+01 1.033121428424e+02 3.958669424057e+00 -1.251116394997e+00
G1-1 2080 1 -1.552606008829e+01 -1.202686981818e+01 1.447739367856e+02 6.295048236847e+00 -2.062644720078e+00
G1-1 2080 2 -1.798893102546e+01 -8.823558209489e+00 1.427862533244e+02 5.703034877777e+00 -1.841781973839e+00
G1-1 2080 3 -1.798893102546e+01 -1.476949406131e+01 1.423613471820e+02 7.289022445679e+00 -2.417179822922e+00
G1-1 2080 4 -1.798893102546e+01 -1.057686660350e+01 1.467802662969e+02 6.457340240479e+00 -2.120352506638e+00
G1-1 2081 1 -1.297425961670e+01 -1.741206971068e+01 1.255130446222e+02 6.062325000763e+00 -1.959003686905e+00
G1-1 2081 2 -1.738653276703e+01 -1.308243634527e+01 1.255818435643e+02 5.255465030670e+00 -1.665005922318e+00
G1-1 2081 3 -1.738653276703e+01 -1.741206971068e+01 1.231834921072e+02 6.908368587494e+00 -2.275413036346e+00
G1-1 2081 4 -1.738653276703e+01 -1.741206971068e+01 1.276024149943e+02 7.593162059784e+00 -2.517196416855e+00
G1-1 2082 1 -8.253015996566e+00 -3.437182261574e+00 9.393183764761e+01 5.291258335114e+00 -1.582426548004e+00
G1-1 2082 2 -9.820032378106e+00 -5.161206201510e+00 8.918932892242e+01 7.322131156921e+00 -2.125111341476e+00
G1-1 2082 3 -6.759576946806e+00 -7.562174507043e+00 9.290001235269e+01 8.578098297119e+00 -2.847105979919e+00
G1-1 2082 4 -9.820032378106e+00 -7.317414663350e+00 9.292399167054e+01 8.630171775818e+00 -2.740385293961e+00
G1-1 2083 1 7.719356779098e+00 -1.847112570642e+01 1.019307261050e+02 1.525858044624e+00 7.002202421427e-02
G1-1 2083 2 8.557882270660e+00 -1.756867053393e+01 1.019307261050e+02 5.498857498169e+00 -1.677797436714e+00
G1-1 2083 3 3.526729380226e+00 -1.847112570642e+01 1.019307261050e+02 1.015916347504e+00 2.106088995934e-01
G1-1 2083 4 5.715684985696e+00 -1.847112570642e+01 1.050048813162e+02 2.924955606461e+00 -6.174825429916e-01
G1-1 2084 1 -1.577261120162e+01 -8.783302658332e+00 1.009805834675e+02 4.253229141235e+00 -1.376150608063e+00
G1-1 2084 2 -1.804713396602e+01 -1.124437013415e+01 1.009874263513e+02 5.750769138336e+00 -1.909520626068e+00
G1-1 2084 3 -1.804713396602e+01 -7.175388071111e+00 1.010476851351e+02 2.287333488464e+00 -5.798978209496e-01
G1-1 2084 4 -1.804713396602e+01 -9.088161422633e+00 9.725276360321e+01 6.191559314728e+00 -2.296198606491e+00
G1-1 2085 1 1.392408477124e+01 -9.946878505356e+00 1.008708972258e+02 5.427669048309e+00 -1.774451494217e+00
G1-1 2085 2 1.602716358160e+01 -1.247960856394e+01 1.009473063846e+02 2.354795694351e+00 -5.529277324677e-01
G1-1 2085 3 1.267306185111e+01 -1.247960903546e+01 1.009473082707e+02 8.397914886475e+00 -3.205222368240e+00
G1-1 2085 4 1.267306185111e+01 -1.032340008818e+01 9.721264363647e+01 7.978548049927e+00 -4.044713020325e+00
G1-1 2086 1 -1.202735588133e+01 -1.847112632365e+01 1.030268805702e+02 1.117114663124e+00 -2.389306724072e-01
G1-1 2086 2 -1.118883038977e+01 -1.847112585213e+01 1.014637825264e+02 1.711543321609e+00 -7.690272927284e-01
G1-1 2086 3 -1.538145784758e+01 -1.847112585213e+01 1.014637825264e+02 5.287904143333e-01 3.793359994888e-01
G1-1 2086 4 -1.202735588133e+01 -1.756867115116e+01 1.014637825264e+02 9.511063694954e-01 5.887625813484e-01
G1-1 2087 1 -5.669593624638e+00 -1.819225155855e+01 1.050698589433e+02 1.814669132233e+00 6.127741336823e-01
G1-1 2087 2 -7.708476084713e+00 -1.819225155855e+01 1.019460633560e+02 1.171407222748e+00 1.286348402500e-01
G1-1 2087 3 -8.547001576275e+00 -1.728979685758e+01 1.019460633560e+02 7.778154850006e+00 -2.826784372330e+00
G1-1 2087 4 -3.515848685841e+00 -1.728979685758e+01 1.019460633560e+02 4.765791416168e+00 -1.479420661926e+00
G1-1 2088 1 1.093169362647e+01 -6.256034056499e-01 1.284177577668e+02 5.279386520386e+00 -1.667393088341e+00
G1-1 2088 2 1.523176782529e+01 -7.728663702608e-01 1.233802479590e+02 5.441792964935e+00 -1.723383545876e+00
G1-1 2088 3 1.240332573888e+01 -4.555656993071e+00 1.266032776118e+02 6.088511943817e+00 -1.958579897881e+00
G1-1 2088 4 1.097504439809e+01 -7.417947653179e-01 1.234178649168e+02 5.633555412292e+00 -1.796341419220e+00
G1-1 2089 1 -1.751355458119e+01 -1.116311050453e+01 1.361792348336e+02 5.395741939545e+00 -1.728244066238e+00
G1-1 2089 2 -1.751355458119e+01 -1.488798663692e+01 1.390528496831e+02 7.122013092041e+00 -2.356707334518e+00
G1-1 2089 3 -1.351233365481e+01 -1.206106183297e+01 1.380514504413e+02 5.240761280060e+00 -1.670792341232e+00
G1-1 2089 4 -1.751355458119e+01 -8.942051020857e+00 1.394777595977e+02 5.999258518219e+00 -1.948857784271e+00
G1-1 2090 1 4.373123975536e+00 1.472608538856e+01 1.369695024591e+02 5.844566822052e+00 -1.938315033913e+00
G1-1 2090 2 7.204472129354e+00 1.780008261605e+01 1.340226121643e+02 6.031270503998e+00 -2.008178949356e+00
G1-1 2090 3 3.011844701012e+00 1.780008261605e+01 1.384044401248e+02 5.895535469055e+00 -2.003523826599e+00
G1-1 2090 4 7.204472129354e+00 1.780008261605e+01 1.384044401248e+02 6.122882843018e+00 -2.172146320343e+00
G1-1 2091 1 4.226964730160e+00 1.531073082233e+01 1.441538228842e+02 6.154870986938e+00 -2.090915203094e+00
G1-1 2091 2 1.987596099188e+00 1.793809856327e+01 1.421692473665e+02 5.972469806671e+00 -2.204163789749e+00
G1-1 2091 3 1.987596099188e+00 1.793809856327e+01 1.465510783789e+02 6.026852607727e+00 -2.284743785858e+00
G1-1 2091 4 6.180223557000e+00 1.793809856327e+01 1.421692473665e+02 6.082098960876e+00 -2.103376150131e+00
G1-1 2092 1 -1.435942352531e+01 -1.694381841086e+01 1.093384501535e+02 1.914985418320e+00 -3.438627421856e-01
G1-1 2092 2 -1.771352549156e+01 -1.478760989008e+01 1.056037874054e+02 3.684167861938e+00 -1.132113575935e+00
G1-1 2092 3 -1.771352549156e+01 -1.694381793934e+01 1.093384501535e+02 2.380228757858e+00 -6.390116810799e-01
G1-1 2092 4 -1.771352549156e+01 -1.325509929501e+01 1.093920692457e+02 6.494502544403e+00 -2.127840757370e+00
G1-1 2093 1 -1.053002145049e+01 -4.057809696016e+00 8.120504565044e+01 9.144294738770e+00 -1.712870836258e+00
G1-1 2093 2 -1.053002145049e+01 -3.578651856703e+00 8.305840177974e+01 9.136536598206e+00 -1.727990746498e+00
G1-1 2093 3 -8.200121672249e+00 -2.967602766486e+00 8.099418255675e+01 9.059606552124e+00 -1.881309866905e+00
G1-1 2093 4 -1.053002145049e+01 -1.422443606782e+00 7.932373903162e+01 9.236757278442e+00 -1.527682662010e+00
G1-1 2094 1 -1.533726302809e+01 -3.264617447358e+00 9.946882608088e+01 5.191855907440e+00 -1.706478238106e+00
G1-1 2094 2 -1.794436196742e+01 -1.997283510284e+00 9.635037175084e+01 5.939904212952e+00 -1.978054642677e+00
G1-1 2094 3 -1.794436196742e+01 -6.268150007937e+00 9.607844276259e+01 4.454001426697e+00 -1.449035525322e+00
G1-1 2094 4 -1.794436196742e+01 -4.355376479594e+00 9.987336618060e+01 5.318364143372e+00 -1.760540843010e+00
G1-1 2095 1 1.500287808622e+01 6.310127148168e+00 9.502095934035e+01 6.897747039795e+00 -2.279566526413e+00
G1-1 2095 2 1.786542450837e+01 7.786395250890e+00 9.497851938434e+01 5.674811363220e+00 -1.842230439186e+00
G1-1 2095 3 1.786542450837e+01 3.581378814576e+00 9.386548581620e+01 6.172480106354e+00 -2.035336494446e+00
G1-1 2095 4 1.786542450837e+01 6.852706224454e+00 9.022360815198e+01 6.407407760620e+00 -2.103224515915e+00
G1-1 2096 1 -2.163690750087e+00 -1.645655026762e+01 9.165610537519e+01 8.464323997498e+00 -2.755669355392e+00
G1-1 2096 2 -4.134388150280e+00 -1.238889299690e+01 9.413265045085e+01 8.607166290283e+00 -2.789517164230e+00
G1-1 2096 3 -7.194843699461e+00 -1.477949928449e+01 9.603793486164e+01 8.664235115051e+00 -2.672244548798e+00
G1-1 2096 4 -2.163690750087e+00 -1.477949928449e+01 9.603793486164e+01 8.516524314880e+00 -2.973847627640e+00
G1-1 2097 1 -6.739624529659e+00 -1.679675759978e+01 1.052472842886e+02 1.798711061478e+00 9.880251884460e-01
G1-1 2097 2 -9.617032540236e+00 -1.464054955052e+01 1.026352036839e+02 8.327641487122e+00 -2.667848587036e+00
G1-1 2097 3 -7.210047095648e+00 -1.353459540211e+01 1.021859243213e+02 6.670622825623e+00 -2.001707792282e+00
G1-1 2097 4 -9.617032540236e+00 -1.589430266305e+01 1.021234868152e+02 8.535495758057e+00 -2.812535762787e+00
G1-1 2098 1 -1.435942352531e+01 -1.728979714900e+01 1.014637825264e+02 1.089650988579e+00 -4.670620262623e-01
G1-1 2098 2 -1.771352549156e+01 -1.819225232149e+01 1.014637825264e+02 4.037887454033e-01 5.615927651525e-02
G1-1 2098 3 -1.771352549156e+01 -1.819225232149e+01 1.030268805702e+02 3.401306271553e-01 7.003872096539e-02
G1-1 2098 4 -1.771352549156e+01 -1.728979809205e+01 1.014637825264e+02 2.425590008497e-01 1.854823157191e-02
G1-1 2099 1 1.306383038977e+01 1.485193225074e+01 5.452737204629e+01 8.327057838440e+00 -3.347529888153e+00
G1-1 2099 2 1.641793235602e+01 1.269572396572e+01 5.826203573745e+01 1.635241985321e+00 -3.775462806225e-01
G1-1 2099 3 1.641793235602e+01 1.485193225074e+01 5.452737204629e+01 7.072803378105e-01 2.095191478729e-01
G1-1 2099 4 1.222530489820e+01 1.652898323386e+01 5.890920512481e+01 6.632714271545e+00 -2.200817584991e+00
G1-1 2100 1 1.409799739821e+01 1.541440849878e+01 4.006372099450e+01 6.151442527771e+00 -2.002618074417e+00
G1-1 2100 2 1.606821925523e+01 1.745356170244e+01 4.053308168052e+01 2.580640792847e+00 -7.372316122055e-01
G1-1 2100 3 1.271411705322e+01 1.745356170244e+01 4.053308168052e+01 1.672700881958e+00 -4.839858040214e-02
G1-1 2100 4 1.271411705322e+01 1.529735294590e+01 4.426774442864e+01 2.052572250366e+00 1.273694038391e-01
G1-1 2101 1 -5.929582785665e+00 1.215956134611e+01 5.453646968555e+01 8.639746665955e+00 -2.723523139954e+00
G1-1 2101 2 -6.003625924062e+00 1.202255714450e+01 5.224433775998e+01 4.168122291565e+00 -1.169524478912e+01
G1-1 2101 3 -8.271057845421e+00 1.388888326721e+01 5.254297640419e+01 7.990457534790e+00 -4.049346446991e+00
G1-1 2101 4 -3.239904778166e+00 1.388888326721e+01 5.254297640419e+01 7.513422966003e+00 -4.981194972992e+00
G1-1 2102 1 6.176081914568e+00 1.309187573790e+01 4.948812482047e+01 8.773493766785e+00 -2.453785896301e+00
G1-1 2102 2 8.864516259381e+00 1.568986405785e+01 4.944664475088e+01 7.651234626770e+00 -4.735606670380e+00
G1-1 2102 3 3.833363368947e+00 1.568986429361e+01 4.944664475088e+01 8.184045791626e+00 -3.133756220341e-01
G1-1 2102 4 8.864516259381e+00 1.491526801146e+01 5.078828553738e+01 4.740966320038e+00 -1.065231513977e+01
G1-1 2103 1 -1.072471759110e+01 -2.317370231646e+00 4.858049879384e+00 3.830864906311e+00 -2.425548791885e+00
G1-1 2103 2 -1.586574266955e+01 2.549685350095e+00 6.119756763078e+00 3.778129577637e+00 -1.218127131462e+00
G1-1 2103 3 -1.167311521174e+01 4.436823957341e-02 2.096574507748e+00 2.767904520035e+00 -3.163434982300e+00
G1-1 2103 4 -1.586574266955e+01 4.436823957341e-02 2.096574507748e+00 3.984858512878e+00 -4.094885826111e+00
G1-1 2104 1 1.472407209704e+01 6.395040993674e+00 3.076617544311e+01 4.892230033875e+00 -1.479375481606e+00
G1-1 2104 2 1.779960746027e+01 7.564858743943e+00 2.745337194915e+01 3.565802812576e+00 -9.600068926811e-01
G1-1 2104 3 1.779960746027e+01 7.569513949092e+00 3.175960300094e+01 3.261526346207e+00 -7.780222892761e-01
G1-1 2104 4 1.779960746027e+01 3.275750286861e+00 2.957720794420e+01 5.355873584747e+00 -1.673140645027e+00
G1-1 2105 1 -1.639219446211e+01 -4.486202783777e+00 6.520396307900e+01 8.332951545715e+00 -3.334831714630e+00
G1-1 2105 2 -1.211627743002e+01 -2.614285083691e+00 6.525627956200e+01 8.160497665405e+00 -2.686554431915e+00
G1-1 2105 3 -1.303809249586e+01 8.808445810271e-01 6.553968376480e+01 1.953730583191e+00 1.093849539757e+00
G1-1 2105 4 -1.639219446211e+01 -1.275363727834e+00 6.927434651292e+01 5.310603618622e+00 -1.705951094627e+00
G1-1 2106 1 -1.356643500972e+01 1.481530572502e+01 1.418339857550e+02 6.273965358734e+00 -2.080995321274e+00
G1-1 2106 2 -1.653658109425e+01 1.782114479831e+01 1.460034391196e+02 6.597984790802e+00 -2.203763723373e+00
G1-1 2106 3 -1.234395363644e+01 1.782114479831e+01 1.416216043351e+02 6.453731536865e+00 -2.224452972412e+00
G1-1 2106 4 -1.653658109425e+01 1.782114479831e+01 1.416216043351e+02 6.605696678162e+00 -2.201074600220e+00
G1-1 2107 1 -1.419976588830e+01 -1.777805956337e+00 1.246867433117e+02 4.764312744141e+00 -1.462045192719e+00
G1-1 2107 2 -1.767583531822e+01 -1.182883907701e+00 1.282926159934e+02 4.870087146759e+00 -1.507751226425e+00
G1-1 2107 3 -1.767583531822e+01 -1.012616212337e+00 1.235784812021e+02 4.693389892578e+00 -1.438507556915e+00
G1-1 2107 4 -1.767583531822e+01 -5.343120004090e+00 1.256233560870e+02 5.300147056580e+00 -1.664764642715e+00
G1-1 2108 1 -1.407407880075e+01 1.469830752902e+01 5.649835092878e+01 5.182381629944e+00 -1.629694819450e+00
G1-1 2108 2 -1.270847063829e+01 1.226355993674e+01 5.769290932030e+01 8.162094116211e+00 -2.457729578018e+00
G1-1 2108 3 -1.606257260454e+01 1.441976845752e+01 5.395824751523e+01 2.547576665878e+00 -7.697011232376e-01
G1-1 2108 4 -1.270847063829e+01 1.441976845752e+01 5.395824751523e+01 8.588486671448e+00 -2.823553085327e+00
G1-1 2109 1 -1.614702781763e+01 1.640108734956e+01 5.669833817636e+01 2.009932041168e+00 -6.577596664429e-01
G1-1 2109 2 -1.813552162142e+01 1.779959902542e+01 5.415823476281e+01 3.274920940399e+00 -1.881268858910e+00
G1-1 2109 3 -1.813552162142e+01 1.612254804229e+01 5.415823381976e+01 1.429182529449e+00 -1.760547637939e+00
G1-1 2109 4 -1.813552162142e+01 1.779959902542e+01 5.854006689829e+01 7.099106907845e-01 1.281490921974e+00
G1-1 2110 1 -1.356643500972e+01 1.481530572502e+01 1.377718143000e+02 6.346017360687e+00 -2.105179786682e+00
G1-1 2110 2 -1.653658109425e+01 1.782114479831e+01 1.375594291080e+02 6.664705276489e+00 -2.245723247528e+00
G1-1 2110 3 -1.234395363644e+01 1.782114479831e+01 1.331776049196e+02 5.994410514832e+00 -1.986845135689e+00
G1-1 2110 4 -1.653658109425e+01 1.782114479831e+01 1.331776049196e+02 6.596446990967e+00 -2.196790456772e+00
G1-1 2111 1 -1.648982072467e+01 -6.005462275033e+00 1.318789686605e+02 4.730994701385e+00 -1.461417675018e+00
G1-1 2111 2 -1.265179687763e+01 -6.517940056094e-01 1.314064822507e+02 5.312681674957e+00 -1.684211969376e+00
G1-1 2111 3 -1.301375153051e+01 -1.835391148980e+00 1.273764745316e+02 5.758995532990e+00 -1.842387318611e+00
G1-1 2111 4 -1.648982072467e+01 -1.240469107711e+00 1.309823509854e+02 4.763260841370e+00 -1.471531510353e+00
G1-1 2112 1 -6.371139196570e+00 1.325452500784e+01 5.462875471902e+01 8.618174552917e+00 -2.774076461792e+00
G1-1 2112 2 -3.681461130131e+00 1.498384716469e+01 5.263526143765e+01 3.510807037354e+00 -1.309235572815e+01
G1-1 2112 3 -8.712614138446e+00 1.498384716469e+01 5.263526143765e+01 8.658867835999e+00 -2.683754444122e+00
G1-1 2112 4 -7.874088646883e+00 1.666089814782e+01 5.263526143765e+01 4.969388961792e+00 -1.390105605125e+00
G1-1 2113 1 -1.080388939733e+01 -1.252110317011e+01 8.829229623186e+00 5.142343521118e+00 -1.951362371445e+00
G1-1 2113 2 -7.936648437026e+00 -1.266807989474e+01 1.187614989150e+01 5.235454559326e+00 -1.922574639320e+00
G1-1 2113 3 -1.069039664733e+01 -1.088796977195e+01 1.175507617297e+01 5.489722728729e+00 -1.917539596558e+00
G1-1 2113 4 -9.584416527682e+00 -1.551513365459e+01 1.028976899801e+01 5.119418621063e+00 -2.318210840225e+00
G1-1 2114 1 -1.068049386227e+01 2.131739041891e+00 1.434641272568e+02 4.606506347656e+00 -1.430043816566e+00
G1-1 2114 2 -1.067293038008e+01 2.077284976908e+00 1.475115686114e+02 4.663641452789e+00 -1.454805493355e+00
G1-1 2114 3 -1.067293038008e+01 6.269912523131e+00 1.475115686114e+02 5.188927173615e+00 -1.665262460709e+00
G1-1 2114 4 -1.486555783789e+01 4.552438818559e+00 1.435062688456e+02 4.680619716644e+00 -1.459278345108e+00
G1-1 2115 1 1.435942352531e+01 -1.847112599784e+01 1.035099044296e+02 5.696775317192e-01 3.261358737946e-01
G1-1 2115 2 1.771352549156e+01 -1.847112646936e+01 1.019468063858e+02 6.904000639915e-01 -3.795973062515e-01
G1-1 2115 3 1.771352549156e+01 -1.756867176839e+01 1.019468063858e+02 6.309527754784e-01 -3.650166094303e-01
G1-1 2115 4 1.771352549156e+01 -1.847112646936e+01 1.035099044296e+02 3.352594375610e-01 1.659457981586e-01
G1-1 2116 1 1.361751989245e+01 -1.743804632094e+01 1.246035106125e+02 6.485884189606e+00 -2.117994785309e+00
G1-1 2116 2 1.753838591933e+01 -1.743804632094e+01 1.229524724807e+02 6.818680286407e+00 -2.247176170349e+00
G1-1 2116 3 1.753838591933e+01 -1.319247553151e+01 1.252817569761e+02 5.023571968079e+00 -1.573052406311e+00
G1-1 2116 4 1.753838591933e+01 -1.743804632094e+01 1.273713953678e+02 7.598412513733e+00 -2.520451784134e+00
G1-1 2117 1 -4.789749837473e+00 9.985188555263e+00 1.341877276579e+02 5.377144813538e+00 -1.748259902000e+00
G1-1 2117 2 -7.854831590067e+00 5.285184206928e+00 1.323355638317e+02 5.744390964508e+00 -1.863386273384e+00
G1-1 2117 3 -7.927982498581e+00 9.263301222592e+00 1.314911629296e+02 5.520840644836e+00 -1.793497323990e+00
G1-1 2117 4 -3.361459948877e+00 8.693588249905e+00 1.303527117185e+02 5.195104598999e+00 -1.673099517822e+00
G1-1 2118 1 1.503092325969e+01 5.407895444050e+00 1.247982621168e+02 5.930430889130e+00 -1.926706433296e+00
G1-1 2118 2 1.787204507575e+01 6.878084021403e+00 1.255137110641e+02 6.224428176880e+00 -2.036500453949e+00
G1-1 2118 3 1.787204507575e+01 2.526876462682e+00 1.282530615230e+02 5.027322292328e+00 -1.576779127121e+00
G1-1 2118 4 1.787204507575e+01 2.552291614818e+00 1.234004773811e+02 6.031547069550e+00 -1.954182624817e+00
G1-1 2119 1 -1.326177940664e+01 2.060457745416e+00 1.487622967737e+02 4.457392692566e+00 -1.370493173599e+00
G1-1 2119 2 -1.745440686445e+01 6.253085262169e+00 1.487622967737e+02 4.358625888824e+00 -1.337338089943e+00
G1-1 2119 3 -1.745440686445e+01 4.535611616537e+00 1.447569970079e+02 4.596862316132e+00 -1.422488451004e+00
G1-1 2119 4 -1.745440686445e+01 2.060457745416e+00 1.487622967737e+02 4.167201519012e+00 -1.247735857964e+00
G1-1 2120 1 -1.486202814527e+01 1.169339071500e+01 1.419503464126e+02 5.804010391235e+00 -1.900508761406e+00
G1-1 2120 2 -1.783217422980e+01 1.050660256623e+01 1.461197997773e+02 5.268909931183e+00 -1.698472499847e+00
G1-1 2120 3 -1.783217422980e+01 1.469923002405e+01 1.417379612206e+02 6.222553730011e+00 -2.056139469147e+00
G1-1 2120 4 -1.783217422980e+01 8.789128802722e+00 1.421145000114e+02 4.608222007751e+00 -1.441996455193e+00
G1-1 2121 1 -1.082316659462e+01 1.355965609441e+01 1.179583879750e+02 5.423964023590e+00 -1.762529134750e+00
G1-1 2121 2 -8.030486965494e+00 1.395016238433e+01 1.159284472783e+02 4.752067565918e+00 -1.507222890854e+00
G1-1 2121 3 -9.394796116138e+00 1.684204510633e+01 1.139881886598e+02 4.290670871735e+00 -1.338735699654e+00
G1-1 2121 4 -9.394796116138e+00 1.684204510633e+01 1.183700215582e+02 4.628387451172e+00 -1.473096370697e+00
G1-1 2122 1 -1.002652874030e+01 3.013368757621e+00 1.211207378396e+02 6.354473114014e+00 -2.075312376022e+00
G1-1 2122 2 -5.519223737760e+00 7.417119732683e+00 1.190842632223e+02 5.629302501678e+00 -1.817553639412e+00
G1-1 2122 3 -1.074534762412e+01 6.315808870045e+00 1.168136968266e+02 5.274405956268e+00 -1.691472768784e+00
G1-1 2122 4 -1.073834083725e+01 8.606542347979e+00 1.193586367062e+02 5.109264850616e+00 -1.635897278786e+00
G1-1 2123 1 -1.486202814527e+01 1.186495213807e+01 1.397063892237e+02 5.682943344116e+00 -1.856719970703e+00
G1-1 2123 2 -1.783217422980e+01 8.960690225797e+00 1.398705428225e+02 5.512934684753e+00 -1.780265450478e+00
G1-1 2123 3 -1.783217422980e+01 1.487079168288e+01 1.394940040316e+02 5.930672645569e+00 -1.951835393906e+00
G1-1 2123 4 -1.783217422980e+01 1.123334891605e+01 1.366142445863e+02 5.726280212402e+00 -1.865825414658e+00
G1-1 2124 1 1.478373336647e+01 -1.305227427461e+01 1.186529303130e+02 4.969641208649e+00 -1.527100682259e+00
G1-1 2124 2 1.781369145760e+01 -1.115464973415e+01 1.223667902864e+02 4.705412387848e+00 -1.427692055702e+00
G1-1 2124 3 1.781369145760e+01 -1.540022005205e+01 1.200375020188e+02 5.394413471222e+00 -1.718935489655e+00
G1-1 2124 4 1.781369145760e+01 -1.115362273149e+01 1.180590020522e+02 3.707355499268e+00 -9.780964255333e-01
G1-1 2125 1 1.238103402454e+01 9.019199356151e+00 1.392487293969e+02 5.525312900543e+00 -1.792066335678e+00
G1-1 2125 2 1.261090135883e+01 1.068101942772e+01 1.428810122443e+02 5.562753677368e+00 -1.813346743584e+00
G1-1 2125 3 9.712372738530e+00 7.565252545099e+00 1.423663136749e+02 5.362129688263e+00 -1.732937097549e+00
G1-1 2125 4 1.529498749425e+01 7.361126170877e+00 1.412898852357e+02 5.553502559662e+00 -1.792606234550e+00
G1-1 2126 1 2.853595151397e+00 4.767942825264e+00 1.006213425483e+02 5.624861240387e+00 -1.777762174606e+00
G1-1 2126 2 2.863895352567e+00 7.011747372183e+00 9.557957155154e+01 5.406187057495e+00 -1.673389911652e+00
G1-1 2126 3 1.091943515451e+00 2.844900514741e+00 9.717518036147e+01 6.596830844879e+00 -2.130948543549e+00
G1-1 2126 4 1.091943515451e+00 7.355009788873e+00 9.903813435946e+01 5.198749542236e+00 -1.604513049126e+00
G1-1 2127 1 -5.301583069140e+00 4.113437439183e+00 1.473881659208e+02 5.003745079041e+00 -1.595016121864e+00
G1-1 2127 2 -7.423651619243e+00 1.960795941216e+00 1.493834277253e+02 5.020290851593e+00 -1.593870520592e+00
G1-1 2127 3 -3.231024161430e+00 1.960795941216e+00 1.493834277253e+02 4.973628997803e+00 -1.578398942947e+00
G1-1 2127 4 -7.423651619243e+00 6.153423399028e+00 1.493834277253e+02 4.800885200500e+00 -1.524719953537e+00
G1-1 2128 1 -1.226690461764e+01 -1.223957740597e+01 3.824023103701e+00 4.600890159607e+00 -2.618851900101e+00
G1-1 2128 2 -1.104743127646e+01 -1.104098019688e+01 9.027294000032e-01 3.193442821503e+00 -4.327604293823e+00
G1-1 2128 3 -1.104743127646e+01 -1.523360765469e+01 9.027294000032e-01 3.869207382202e+00 -4.432643413544e+00
G1-1 2128 4 -1.524005873428e+01 -1.104098019688e+01 9.027294000032e-01 3.902970790863e+00 -4.144243240356e+00
G1-1 2129 1 3.182851635187e+00 1.292770938776e+01 1.245285804379e+02 4.872148990631e+00 -1.559062123299e+00
G1-1 2129 2 5.899245588905e-01 1.102511872647e+01 1.255695736934e+02 5.392693042755e+00 -1.746996402740e+00
G1-1 2129 3 6.437837431605e-01 1.530868027502e+01 1.221719486511e+02 4.211103439331e+00 -1.309631705284e+00
G1-1 2129 4 2.419029984478e-01 1.083686864780e+01 1.214859396980e+02 4.633199691772e+00 -1.454367637634e+00
G1-1 2130 1 6.259889560912e+00 6.230219886432e+00 1.461967616486e+02 5.302355766296e+00 -1.712612152100e+00
G1-1 2130 2 3.457249636768e+00 7.642872975592e+00 1.491021791005e+02 5.326183319092e+00 -1.731278657913e+00
G1-1 2130 3 7.649877094580e+00 3.450245576721e+00 1.491021791005e+02 4.876006126404e+00 -1.542494654655e+00
G1-1 2130 4 7.649877094580e+00 7.642872975592e+00 1.491021791005e+02 5.087937355042e+00 -1.637380957603e+00
G1-1 2131 1 -4.376040977499e+00 -1.023238176137e+01 1.461130836286e+02 5.632420539856e+00 -1.813506126404e+00
G1-1 2131 2 -2.022788227390e+00 -1.475977303842e+01 1.490824216274e+02 5.283658981323e+00 -1.680457353592e+00
G1-1 2131 3 -2.022788227390e+00 -1.056714558061e+01 1.490824216274e+02 5.232643127441e+00 -1.664739370346e+00
G1-1 2131 4 -6.215415744143e+00 -1.056714558061e+01 1.490824216274e+02 5.150591850281e+00 -1.636021614075e+00
G1-1 2132 1 1.493558507871e+01 7.861992425405e+00 1.361102688966e+02 5.718812942505e+00 -1.854292392731e+00
G1-1 2132 2 1.784953878419e+01 8.431914499072e+00 1.348797658148e+02 5.838225364685e+00 -1.895314216614e+00
G1-1 2132 3 1.784953878419e+01 6.203919181191e+00 1.381514247353e+02 4.660672187805e+00 -1.448301553726e+00
G1-1 2132 4 1.784953878419e+01 3.755143171237e+00 1.339343675797e+02 4.665148735046e+00 -1.440359234810e+00
G1-1 2133 1 1.153188973346e+01 1.559114801123e+01 1.394226661930e+02 6.388516426086e+00 -2.124789237976e+00
G1-1 2133 2 1.281056372156e+01 1.143981457001e+01 1.377814917033e+02 5.769029140472e+00 -1.888731122017e+00
G1-1 2133 3 1.572451719127e+01 1.200973687944e+01 1.365509961659e+02 5.817611694336e+00 -1.903157949448e+00
G1-1 2133 4 1.304043082009e+01 1.310163452370e+01 1.414137820950e+02 6.196059703827e+00 -2.048762083054e+00
G1-1 2134 1 -6.112020569461e+00 1.377276226206e+01 5.598281469815e+01 7.285675525665e+00 -1.899890303612e+00
G1-1 2134 2 -7.614970019774e+00 1.717913540204e+01 5.837115355227e+01 8.096520423889e+00 -2.689489603043e+00
G1-1 2134 3 -3.422342503021e+00 1.550208441891e+01 5.398932141679e+01 3.933619976044e+00 -4.457358121872e-01
G1-1 2134 4 -7.614970019774e+00 1.717913540204e+01 5.398932141679e+01 7.120046138763e+00 -2.618642568588e+00
G1-1 2135 1 8.002853397545e+00 1.063278414322e+01 4.973703658355e+01 8.574901580811e+00 -2.852329492569e+00
G1-1 2135 2 1.157169179987e+01 9.162103734385e+00 4.913145133083e+01 8.424965858459e+00 -2.858638048172e+00
G1-1 2135 3 1.069128780130e+01 1.197701840760e+01 4.918384040822e+01 8.484627723694e+00 -2.807267665863e+00
G1-1 2135 4 1.069128780130e+01 9.820809931843e+00 5.291850221329e+01 7.873623371124e+00 -4.254675865173e+00
G1-1 2136 1 6.890436595822e+00 1.358512615827e+01 5.745833881582e+01 8.772905349731e+00 -2.457140207291e+00
G1-1 2136 2 1.022084665492e+01 1.353485657586e+01 5.462898573370e+01 8.001486778259e+00 -4.040635585785e+00
G1-1 2136 3 1.022084665492e+01 1.137864781932e+01 5.836364848182e+01 8.871023178101e+00 -2.262651443481e+00
G1-1 2136 4 1.022084665492e+01 1.089949032669e+01 5.651029253262e+01 8.739303588867e+00 -2.525133848190e+00
G1-1 2137 1 1.496603313522e+01 1.182236769151e+01 6.730560184370e+01 5.519458293915e+00 -1.761976122856e+00
G1-1 2137 2 1.785672659531e+01 1.096251751182e+01 6.407624411165e+01 3.328906774521e+00 -1.035262107849e+00
G1-1 2137 3 1.785672659531e+01 1.479577666209e+01 6.910524675764e+01 2.239841222763e+00 -4.083017110825e-01
G1-1 2137 4 1.785672659531e+01 8.806309131439e+00 6.781090609683e+01 4.658189296722e+00 -1.511455178261e+00
G1-1 2138 1 1.504752124128e+01 -1.005524418932e+01 1.287793375234e+02 5.197579383850e+00 -1.632976531982e+00
G1-1 2138 2 1.787596332769e+01 -1.481019569242e+01 1.297699549433e+02 6.469940185547e+00 -2.115506887436e+00
G1-1 2138 3 1.787596332769e+01 -1.056462513875e+01 1.276803165516e+02 5.492372989655e+00 -1.746106624603e+00
G1-1 2138 4 1.787596332769e+01 -1.106124319180e+01 1.313356665554e+02 5.836477756500e+00 -1.882168173790e+00
G1-1 2139 1 -1.013426187312e+01 -1.392420686799e+01 6.081008945124e+00 5.464766979218e+00 -3.702271699905e+00
G1-1 2139 2 -8.914788649830e+00 -1.691823711670e+01 3.159715300366e+00 5.372713565826e+00 -3.499113082886e+00
G1-1 2139 3 -6.206039596137e+00 -1.398455815642e+01 6.081642019673e+00 5.025207519531e+00 -3.068721294403e+00
G1-1 2139 4 -8.914788649830e+00 -1.691823711670e+01 7.541548319950e+00 5.039302825928e+00 -1.673672199249e+00
G1-1 2140 1 1.407283707854e+00 8.105754386584e+00 6.746214388617e+01 8.663584709167e+00 -2.673449993134e+00
G1-1 2140 2 3.786817877695e+00 1.002503618678e+01 6.538845833540e+01 8.651639938354e+00 -2.697036981583e+00
G1-1 2140 3 3.720198330762e+00 7.758914093944e+00 6.422298962829e+01 8.774469375610e+00 -2.451201915741e+00
G1-1 2140 4 -5.165020337538e-01 8.599559057975e+00 6.437449774974e+01 8.693598747253e+00 -2.613156795502e+00
G1-1 2141 1 1.263396549124e+01 1.248867261088e+01 6.479746713562e+01 4.255167484283e+00 -1.124222397804e+00
G1-1 2141 2 1.552465895132e+01 1.162882231332e+01 6.156811034661e+01 3.939754724503e+00 -1.210286974907e+00
G1-1 2141 3 1.217055698507e+01 1.162882231332e+01 6.156811034661e+01 3.545777797699e+00 -5.151333212852e-01
G1-1 2141 4 1.133203149351e+01 1.546208158146e+01 6.221528067702e+01 4.843986511230e+00 -1.417272925377e+00
G1-1 2142 1 1.435942352531e+01 2.871020822400e+00 7.831531385772e+01 8.342176437378e+00 -2.717087745667e+00
G1-1 2142 2 1.771352549156e+01 2.871020822400e+00 7.831531385772e+01 5.685245037079e+00 -1.838154196739e+00
G1-1 2142 3 1.771352549156e+01 7.205149241515e+00 7.828025093881e+01 3.602820873260e+00 -1.030155777931e+00
G1-1 2142 4 1.771352549156e+01 6.094101685707e+00 8.237345514701e+01 2.506962060928e+00 -4.630123078823e-01
G1-1 2143 1 -7.666732409271e+00 1.310645756719e+01 5.713688801253e+01 8.706863403320e+00 -2.586732625961e+00
G1-1 2143 2 -1.000820729221e+01 1.267957143903e+01 5.887805842233e+01 8.683795928955e+00 -2.633296251297e+00
G1-1 2143 3 -9.169681800644e+00 1.651283047141e+01 5.952522875274e+01 5.983792304993e+00 -1.875983238220e+00
G1-1 2143 4 -9.169681800644e+00 1.651283047141e+01 5.514339567421e+01 2.706584215164e+00 -5.050725340843e-01
G1-1 2144 1 -5.693444344236e+00 -1.499655376952e+01 1.274036894536e+02 5.678183555603e+00 -1.805006146431e+00
G1-1 2144 2 -2.126589271798e+00 -1.786393153972e+01 1.241780189369e+02 5.185160636902e+00 -1.609237432480e+00
G1-1 2144 3 -2.072795313205e+00 -1.786393153972e+01 1.287367320783e+02 5.507524013519e+00 -1.744246244431e+00
G1-1 2144 4 -6.196467611379e+00 -1.786393153972e+01 1.261465665502e+02 5.898743152618e+00 -1.883138537407e+00
G1-1 2145 1 8.897310115476e+00 1.387154355983e+01 1.048821031963e+02 4.475206375122e+00 -1.377537488937e+00
G1-1 2145 2 1.444460525728e+01 1.284090905270e+01 1.057760254159e+02 6.071252346039e+00 -1.994791626930e+00
G1-1 2145 3 1.025197779946e+01 1.668976168125e+01 1.034963558871e+02 4.158620357513e+00 -1.262072205544e+00
G1-1 2145 4 1.025197779946e+01 1.668976168125e+01 1.078781891457e+02 4.326281547546e+00 -1.337920904160e+00
G1-1 2146 1 1.278947380729e+01 1.668847903802e+00 1.458588246589e+02 4.588315963745e+00 -1.418394088745e+00
G1-1 2146 2 1.117079289241e+01 5.576334076858e+00 1.490223992267e+02 4.982303619385e+00 -1.583250761032e+00
G1-1 2146 3 1.117079289241e+01 1.383706633781e+00 1.490223992267e+02 4.462413787842e+00 -1.371222257614e+00
G1-1 2146 4 1.536342035022e+01 1.383706633781e+00 1.490223992267e+02 4.403932094574e+00 -1.343341827393e+00
G1-1 2147 1 1.200756276669e+01 -1.509810470443e+01 1.438646810317e+02 6.384148120880e+00 -2.089788198471e+00
G1-1 2147 2 8.989049581056e+00 -1.788790434565e+01 1.424716082251e+02 6.202773571014e+00 -2.020268678665e+00
G1-1 2147 3 1.479741268942e+01 -1.788790434565e+01 1.421275998667e+02 7.694437026978e+00 -2.555799007416e+00
G1-1 2147 4 1.060478534949e+01 -1.788790434565e+01 1.465465265260e+02 6.987939357758e+00 -2.305165529251e+00
G1-1 2148 1 1.098047900190e+01 -7.802240030285e-01 1.397811527925e+02 4.964387893677e+00 -1.559020400047e+00
G1-1 2148 2 1.053854073691e+01 -4.405568569006e+00 1.369570797323e+02 5.149201393127e+00 -1.623657703400e+00
G1-1 2148 3 6.631097255517e+00 -1.757647835258e+00 1.372785690956e+02 5.109117984772e+00 -1.612825632095e+00
G1-1 2148 4 9.254350874486e+00 -7.656150760483e-01 1.349307386628e+02 4.785028457642e+00 -1.486790180206e+00
G1-1 2149 1 1.305945988717e+01 -1.353909802101e+01 1.409672126633e+02 6.272299289703e+00 -2.048631906509e+00
G1-1 2149 2 1.283342547351e+01 -1.128384605730e+01 1.376614143018e+02 5.639876842499e+00 -1.814413428307e+00
G1-1 2149 3 1.584931004567e+01 -1.632889766223e+01 1.392301314983e+02 6.897575378418e+00 -2.272955417633e+00
G1-1 2149 4 1.226821490248e+01 -1.632889766223e+01 1.361853791098e+02 6.628962993622e+00 -2.173998594284e+00
G1-1 2150 1 1.357211928580e+01 -1.436454493348e+01 1.197745186155e+02 4.938189983368e+00 -1.529142141342e+00
G1-1 2150 2 1.660207737693e+01 -1.246692039301e+01 1.234883785889e+02 4.251875877380e+00 -1.262913584709e+00
G1-1 2150 3 1.268121135005e+01 -1.671249094668e+01 1.228101303392e+02 5.758264541626e+00 -1.849515795708e+00
G1-1 2150 4 1.660207737693e+01 -1.671249094668e+01 1.211590922074e+02 5.520327568054e+00 -1.774829626083e+00
G1-1 2151 1 1.504752124128e+01 -7.424790487651e+00 1.289767805190e+02 4.683997154236e+00 -1.428146481514e+00
G1-1 2151 2 1.787596332769e+01 -8.430789431193e+00 1.315331095509e+02 4.626812458038e+00 -1.416763424873e+00
G1-1 2151 3 1.787596332769e+01 -7.934171613908e+00 1.278777595472e+02 3.949161291122e+00 -1.127741932869e+00
G1-1 2151 4 1.787596332769e+01 -3.667415031712e+00 1.306063368942e+02 5.486696243286e+00 -1.736299991608e+00
G1-1 2152 1 -1.038833566014e+01 -1.411642713065e+01 1.177036449567e+02 4.782508850098e+00 -1.425492882729e+00
G1-1 2152 2 -7.291023287147e+00 -1.436460010491e+01 1.175264034052e+02 5.453756809235e+00 -1.677458524704e+00
G1-1 2152 3 -8.714249986660e+00 -1.702752970956e+01 1.217640366197e+02 4.900790691376e+00 -1.487338781357e+00
G1-1 2152 4 -7.914532774423e+00 -1.702752970956e+01 1.177586356605e+02 5.681097507477e+00 -1.781338334084e+00
G1-1 2153 1 -1.114481422252e+01 -1.384550366982e+01 1.300976440224e+02 5.076354503632e+00 -1.591113448143e+00
G1-1 2153 2 -1.227074445580e+01 -1.671288144001e+01 1.324559082563e+02 6.254563808441e+00 -2.033283948898e+00
G1-1 2153 3 -1.606011087576e+01 -1.298800507186e+01 1.324751957566e+02 6.003103256226e+00 -1.946307659149e+00
G1-1 2153 4 -1.606011087576e+01 -1.671288144001e+01 1.309298914911e+02 6.894351959229e+00 -2.267372131348e+00
G1-1 2154 1 1.037171264221e+01 -1.564861348948e+01 1.030835942246e+02 6.672166347504e+00 -2.061603307724e+00
G1-1 2154 2 7.529515298308e+00 -1.780482130297e+01 1.056460306810e+02 1.863353371620e+00 7.877061963081e-01
G1-1 2154 3 1.037171264221e+01 -1.690236660200e+01 1.025718773559e+02 3.825875520706e+00 -6.292615532875e-01
G1-1 2154 4 1.037171264221e+01 -1.780482177449e+01 1.041349753997e+02 2.082834243774e+00 2.674246728420e-01
G1-1 2155 1 1.480215584197e+01 -6.506954804801e+00 1.361521415275e+02 4.789817810059e+00 -1.486621260643e+00
G1-1 2155 2 1.781804041413e+01 -7.803054085935e+00 1.348676512211e+02 5.811619758606e+00 -1.870628595352e+00
G1-1 2155 3 1.781804041413e+01 -3.039679332812e+00 1.339408785644e+02 4.374334812164e+00 -1.312474489212e+00
G1-1 2155 4 1.781804041413e+01 -5.565140637211e+00 1.381622931645e+02 4.797191619873e+00 -1.487801074982e+00
G1-1 2156 1 -4.191500037653e+00 7.077051658556e+00 1.368587759051e+02 5.529040336609e+00 -1.796828150749e+00
G1-1 2156 2 -7.256581790247e+00 2.377047472306e+00 1.350066196232e+02 5.401302337646e+00 -1.730653047562e+00
G1-1 2156 3 -1.247423977466e+00 9.914752986605e-01 1.371054779605e+02 4.752873420715e+00 -1.486646294594e+00
G1-1 2156 4 -6.909541897423e+00 1.738211962689e+00 1.387241948706e+02 4.854182243347e+00 -1.526748180389e+00
G1-1 2157 1 5.940783110734e+00 -1.943388421510e+00 1.451048194358e+02 4.802186012268e+00 -1.501665711403e+00
G1-1 2157 2 5.856427141848e+00 2.977465594052e+00 1.452531111511e+02 4.941160678864e+00 -1.565961360931e+00
G1-1 2157 3 3.053787276644e+00 1.974911664603e-01 1.481585286030e+02 5.074421405792e+00 -1.610488891602e+00
G1-1 2157 4 7.246414675516e+00 1.974911664603e-01 1.481585286030e+02 4.889502048492e+00 -1.538087964058e+00
G1-1 2158 1 1.995092422440e+00 1.383630942141e-01 1.232344062840e+02 5.657110691071e+00 -1.806843876839e+00
G1-1 2158 2 3.813675417638e+00 -1.891313884658e+00 1.196581085492e+02 5.788192749023e+00 -1.844220161438e+00
G1-1 2158 3 1.419222084542e+00 4.361117587146e+00 1.201349243874e+02 6.272970199585e+00 -2.039633035660e+00
G1-1 2158 4 5.949634277155e+00 6.312328450505e-01 1.209525549811e+02 5.672855377197e+00 -1.814511179924e+00
G1-1 2159 1 6.543122767138e+00 8.881472091187e+00 1.429197036165e+02 5.758255958557e+00 -1.888177514076e+00
G1-1 2159 2 5.979851356085e+00 1.185938519192e+01 1.434278655737e+02 5.902587413788e+00 -1.952408790588e+00
G1-1 2159 3 9.441651387440e+00 1.199723897381e+01 1.434344097302e+02 5.924131393433e+00 -1.954678535461e+00
G1-1 2159 4 5.101761999637e+00 1.141275546961e+01 1.400083561625e+02 5.792233943939e+00 -1.910413980484e+00
G1-1 2160 1 -1.372596125080e+01 3.171874838108e+00 1.338232065959e+02 4.641263008118e+00 -1.438998341560e+00
G1-1 2160 2 -1.756398533360e+01 2.583199736006e+00 1.333990677862e+02 4.691125869751e+00 -1.451615452766e+00
G1-1 2160 3 -1.756398533360e+01 4.953739002013e+00 1.375829234321e+02 4.643406867981e+00 -1.440303325653e+00
G1-1 2160 4 -1.756398533360e+01 7.226397456502e+00 1.343266289680e+02 5.557819366455e+00 -1.790359973907e+00
G1-1 2161 1 -2.231706343573e+00 -4.210959083546e+00 1.117285080471e+02 7.001699447632e+00 -2.262863874435e+00
G1-1 2161 2 -1.358176459955e+00 -8.362959077931e+00 1.140736669082e+02 6.024803638458e+00 -1.880278825760e+00
G1-1 2161 3 -3.419688773361e+00 -6.008202289255e+00 1.153025318846e+02 5.794730663300e+00 -1.815146207809e+00
G1-1 2161 4 -3.051015794997e+00 -8.254641858341e+00 1.110627324301e+02 6.965818881989e+00 -2.228957653046e+00
G1-1 2162 1 1.538066007838e+01 4.280925498293e-01 1.433992565254e+02 4.050549507141e+00 -1.199830174446e+00
G1-1 2162 2 1.795460662131e+01 -2.255437922233e+00 1.425853351023e+02 4.355964183807e+00 -1.318964481354e+00
G1-1 2162 3 1.795460662131e+01 2.718799333178e+00 1.425809776577e+02 4.285056591034e+00 -1.291697621346e+00
G1-1 2162 4 1.795460662131e+01 1.429512945434e-01 1.465628273210e+02 4.277834892273e+00 -1.289460897446e+00
G1-1 2163 1 1.745440686445e+01 1.239796984613e+01 1.228300291584e+02 6.880713939667e+00 -2.287153005600e+00
G1-1 2163 2 1.745440686445e+01 1.229955738169e+01 1.184706004138e+02 6.635357379913e+00 -2.201994657516e+00
G1-1 2163 3 1.326177940664e+01 1.630494513014e+01 1.206227870205e+02 5.893677711487e+00 -1.941528916359e+00
G1-1 2163 4 1.745440686445e+01 1.630494513014e+01 1.206227870205e+02 6.745011329651e+00 -2.245768070221e+00
G1-1 2164 1 -1.196618627109e+01 3.356050899177e+00 1.487622967737e+02 4.532545089722e+00 -1.406329035759e+00
G1-1 2164 2 -1.196618627109e+01 7.548678415929e+00 1.487622967737e+02 5.040309906006e+00 -1.611798405647e+00
G1-1 2164 3 -1.615881372891e+01 5.831204829237e+00 1.447569970079e+02 4.690367221832e+00 -1.464280366898e+00
G1-1 2164 4 -1.615881372891e+01 7.548678415929e+00 1.487622967737e+02 4.597535133362e+00 -1.436182260513e+00
G1-1 2165 1 2.805378075802e+00 1.352064199270e+01 1.430331996092e+02 6.264994144440e+00 -2.170813322067e+00
G1-1 2165 2 1.927288778294e+00 1.307401227039e+01 1.396136864258e+02 5.918219089508e+00 -1.964709520340e+00
G1-1 2165 3 -1.202993325924e+00 1.342915558949e+01 1.432389716850e+02 6.214210033417e+00 -2.098894357681e+00
G1-1 2165 4 5.660094742998e-01 1.614800926211e+01 1.410486240915e+02 5.938193798065e+00 -1.990676403046e+00
G1-1 2166 1 6.854786063864e+00 1.151370905886e+01 1.452253446444e+02 6.266202926636e+00 -2.080013036728e+00
G1-1 2166 2 7.418057474916e+00 8.535796193886e+00 1.447171864593e+02 5.442951679230e+00 -1.772272825241e+00
G1-1 2166 3 1.031658597734e+01 1.165156284075e+01 1.452318888008e+02 6.205168247223e+00 -2.053267002106e+00
G1-1 2166 4 8.808044772823e+00 9.948448870464e+00 1.476226076834e+02 5.887569427490e+00 -1.938071489334e+00
G1-1 2167 1 -5.612408627100e+00 1.736813405724e+01 1.190397234344e+02 4.037661552429e+00 -1.243153452873e+00
G1-1 2167 2 -1.821661932420e+00 1.289632243003e+01 1.183537163673e+02 4.340671062469e+00 -1.340298414230e+00
G1-1 2167 3 -1.419781132450e+00 1.736813405724e+01 1.146578905360e+02 3.357919454575e+00 -9.394639730453e-01
G1-1 2167 4 -1.419781132450e+00 1.736813405724e+01 1.190397234344e+02 3.961279392242e+00 -1.209763169289e+00
G1-1 2168 1 1.373533012414e+01 9.397162160982e+00 1.264154155566e+02 5.930913448334e+00 -1.937359571457e+00
G1-1 2168 2 1.657645194020e+01 1.119291459586e+01 1.308156169700e+02 6.130570888519e+00 -2.011882066727e+00
G1-1 2168 3 1.657645194020e+01 1.086735091516e+01 1.271308645039e+02 6.323792934418e+00 -2.081827163696e+00
G1-1 2168 4 1.238382448239e+01 1.477432596341e+01 1.293054552644e+02 6.030747413635e+00 -1.989031910896e+00
G1-1 2169 1 1.106572505528e+01 1.636045014091e+01 1.330714853369e+02 6.085334777832e+00 -2.016719818115e+00
G1-1 2169 2 1.234439880762e+01 1.220911646393e+01 1.358121425799e+02 6.028090953827e+00 -1.983925104141e+00
G1-1 2169 3 1.525835251309e+01 1.277903877336e+01 1.345816432703e+02 6.190016269684e+00 -2.039737939835e+00
G1-1 2169 4 1.106572505528e+01 1.636045014091e+01 1.374533170697e+02 6.330711841583e+00 -2.106113433838e+00
G1-1 2170 1 1.564278793688e+01 2.496872302478e+00 1.313286353653e+02 5.378356933594e+00 -1.710875272751e+00
G1-1 2170 2 1.272883399565e+01 6.603721394560e+00 1.335045329100e+02 5.181795597076e+00 -1.654257655144e+00
G1-1 2170 3 1.280166588506e+01 5.377891269111e+00 1.278738303009e+02 5.812643527985e+00 -1.883275032043e+00
G1-1 2170 4 1.134271350230e+01 2.669550345549e+00 1.315135534868e+02 5.465001583099e+00 -1.747597455978e+00
G1-1 2171 1 1.538066007838e+01 2.464828707933e+00 1.446283654439e+02 4.584359169006e+00 -1.413953542709e+00
G1-1 2171 2 1.795460662131e+01 6.372314895724e+00 1.477919400116e+02 4.449462413788e+00 -1.368308782578e+00
G1-1 2171 3 1.795460662131e+01 2.179687452647e+00 1.477919400116e+02 4.111961364746e+00 -1.223179101944e+00
G1-1 2171 4 1.795460662131e+01 4.755535491282e+00 1.438100903483e+02 4.779433727264e+00 -1.488386273384e+00
G1-1 2172 1 8.590066178485e+00 -1.416808433218e+01 1.121357332434e+02 4.902046680450e+00 -1.455241918564e+00
G1-1 2172 2 7.581224270748e+00 -1.654439404334e+01 1.150705315203e+02 5.514573574066e+00 -1.711464405060e+00
G1-1 2172 3 9.923657277216e+00 -1.419644803015e+01 1.157881709516e+02 5.759925365448e+00 -1.816176295280e+00
G1-1 2172 4 6.962019055168e+00 -1.413115919613e+01 1.153921914820e+02 5.117434024811e+00 -1.542769312859e+00
G1-1 2173 1 -3.782403350452e+00 1.399330013186e+01 1.388746283340e+02 5.978584766388e+00 -1.986136794090e+00
G1-1 2173 2 -4.069257040972e+00 1.426640711302e+01 1.425960052352e+02 6.193786144257e+00 -2.120107650757e+00
G1-1 2173 3 -2.300254299689e+00 1.698526125717e+01 1.404056576417e+02 5.885740280151e+00 -2.012785911560e+00
G1-1 2173 4 -6.492881728031e+00 1.698526125717e+01 1.404056576417e+02 6.068254470825e+00 -2.047417163849e+00
